0.000000000,0.000000000,0.792999983,0.000000000,0.000000000,0.000000000,1.000000000,-0.366977036,0.033953622,0.158174962,0.255292982,-0.002172820,0.049887192,-0.155205280,-0.091592565,-0.242127493,0.031758666,0.165913776,0.159888819,0.117520168,0.046530072,0.416337162,-0.370472729,0.165726170,0.000000000,0.874432623,0.000000000,0.000000000,0.000000000,-0.512530267,0.104004130,0.000000000,0.731203735,0.000000000,0.000000000,0.000000000
-0.000021851,-0.000085893,0.793010294,0.000150327,-0.000129075,-0.000153151,0.999999940,-0.366568655,0.033884130,0.158307955,0.255213112,-0.002117713,0.049852047,-0.155125186,-0.091749340,-0.241874620,0.032100860,0.165799603,0.159893587,0.116926812,0.046572056,0.415672362,-0.369640589,0.166753858,0.000000000,0.873953164,0.000000000,0.000000000,0.000000000,-0.511323869,0.103695884,0.000000000,0.731982052,0.000000000,0.000000000,0.000000000
-0.000024176,-0.000138855,0.793026567,0.000237866,-0.000194292,-0.000193146,0.999999940,-0.366285980,0.033951264,0.158189863,0.255050480,-0.002026492,0.049809702,-0.155002087,-0.091688409,-0.242175400,0.032182850,0.165776938,0.159872711,0.116565458,0.046594769,0.415374100,-0.369327098,0.166903421,0.000000000,0.873974442,0.000000000,0.000000000,0.000000000,-0.511578739,0.103850052,0.000000000,0.733221591,0.000000000,0.000000000,0.000000000
-0.000024021,-0.000151330,0.793029487,0.000255532,-0.000212433,-0.000198717,0.999999940,-0.366231769,0.033984974,0.158145010,0.255032182,-0.002008473,0.049796220,-0.154962882,-0.091681488,-0.242223635,0.032194350,0.165771872,0.159865275,0.116506621,0.046593092,0.415306807,-0.369249165,0.166934162,0.000000000,0.873987913,0.000000000,0.000000000,0.000000000,-0.511676788,0.103899434,0.000000000,0.733531833,0.000000000,0.000000000,0.000000000
-0.000057805,-0.000247335,0.793044150,0.000351988,-0.000316151,-0.000275073,0.999999821,-0.366057307,0.034037892,0.158075422,0.255026609,-0.001910227,0.049758490,-0.154808536,-0.091802806,-0.241976365,0.032302763,0.165680408,0.159828573,0.116101526,0.046597648,0.414952487,-0.368792862,0.166959628,0.000000000,0.874083459,0.000000000,0.000000000,0.000000000,-0.512537301,0.103905313,0.000000000,0.735479414,0.000000000,0.000000000,0.000000000
-0.000082445,-0.000288790,0.793046534,0.000368379,-0.000348451,-0.000317046,0.999999821,-0.366022050,0.033992607,0.158385947,0.255021214,-0.001895173,0.049758077,-0.154779628,-0.091854796,-0.241727635,0.032295082,0.165659249,0.159814462,0.115946703,0.046602245,0.414833605,-0.368718922,0.166897535,0.000000000,0.874189019,0.000000000,0.000000000,0.000000000,-0.512942135,0.103841588,0.000000000,0.736220002,0.000000000,0.000000000,0.000000000
-0.000121188,-0.000368679,0.793055713,0.000361003,-0.000430713,-0.000415197,0.999999762,-0.365772069,0.034088716,0.158969000,0.254699647,-0.001824998,0.049711008,-0.154557079,-0.091685459,-0.241662458,0.031926095,0.165714785,0.159776658,0.115576766,0.046498530,0.414337009,-0.368984818,0.167304486,0.000000000,0.874668717,0.000000000,0.000000000,0.000000000,-0.514556050,0.103546038,0.000000000,0.738101482,0.000000000,0.000000000,0.000000000
-0.000120258,-0.000371468,0.793056786,0.000366606,-0.000445082,-0.000422167,0.999999762,-0.365715653,0.034096152,0.159005344,0.254657924,-0.001825314,0.049704269,-0.154510096,-0.091670312,-0.241675153,0.031893007,0.165707171,0.159778580,0.115535565,0.046470359,0.414290011,-0.368984550,0.167371392,0.000000000,0.874685049,0.000000000,0.000000000,0.000000000,-0.514706194,0.103529066,0.000000000,0.738260567,0.000000000,0.000000000,0.000000000
-0.000123978,-0.000369298,0.793054044,0.000473826,-0.000542728,-0.000408059,0.999999642,-0.365357131,0.034037087,0.158826008,0.254531980,-0.001803155,0.049695261,-0.154184014,-0.091769286,-0.241605446,0.031825222,0.165595978,0.159779981,0.115210228,0.046380132,0.414115667,-0.368803471,0.167599469,0.000000000,0.874728620,0.000000000,0.000000000,0.000000000,-0.515293777,0.103212573,0.000000000,0.739263833,0.000000000,0.000000000,0.000000000
-0.000159466,-0.000387546,0.793036878,0.000545858,-0.000572863,-0.000368685,0.999999642,-0.365314871,0.033994723,0.158683941,0.254674822,-0.001820332,0.049703259,-0.154190481,-0.091920480,-0.241457015,0.032047726,0.165436432,0.159722269,0.114989586,0.046339702,0.413988173,-0.368704319,0.167489156,0.000000000,0.874793053,0.000000000,0.000000000,0.000000000,-0.515792489,0.102619581,0.000000000,0.740454197,0.000000000,0.000000000,0.000000000
-0.000190771,-0.000404128,0.793027222,0.000574735,-0.000608208,-0.000386646,0.999999583,-0.365352958,0.034056589,0.158509582,0.254838824,-0.001800132,0.049719837,-0.154211491,-0.091928601,-0.241320431,0.032218382,0.165336490,0.159654275,0.114896953,0.046306543,0.413940728,-0.368644208,0.167287901,0.000000000,0.874940157,0.000000000,0.000000000,0.000000000,-0.516205728,0.102210633,0.000000000,0.741669238,0.000000000,0.000000000,0.000000000
-0.000206578,-0.000409475,0.793024540,0.000570089,-0.000621754,-0.000408127,0.999999583,-0.365349591,0.034107886,0.158525929,0.254873335,-0.001808762,0.049718130,-0.154239938,-0.091871925,-0.241278857,0.032257687,0.165320471,0.159618706,0.114883386,0.046275411,0.413909256,-0.368664801,0.167260513,0.000000000,0.874997497,0.000000000,0.000000000,0.000000000,-0.516545594,0.102033034,0.000000000,0.742467940,0.000000000,0.000000000,0.000000000
-0.000209522,-0.000391111,0.793034136,0.000579634,-0.000650359,-0.000459403,0.999999523,-0.365174234,0.034027431,0.158808991,0.254753143,-0.001816194,0.049738258,-0.154266015,-0.091862887,-0.241218656,0.032303952,0.165363550,0.159548715,0.114930123,0.046239644,0.413961977,-0.368632734,0.167207718,0.000000000,0.875015318,0.000000000,0.000000000,0.000000000,-0.517206371,0.101863630,0.000000000,0.744022846,0.000000000,0.000000000,0.000000000
-0.000210142,-0.000379294,0.793039382,0.000577446,-0.000658982,-0.000472918,0.999999523,-0.365104705,0.034012366,0.158866346,0.254672855,-0.001808004,0.049749296,-0.154274538,-0.091858283,-0.241262645,0.032319978,0.165389568,0.159532189,0.114946671,0.046235729,0.413988262,-0.368593961,0.167165369,0.000000000,0.874986351,0.000000000,0.000000000,0.000000000,-0.517413914,0.101868398,0.000000000,0.744376600,0.000000000,0.000000000,0.000000000
-0.000221920,-0.000334004,0.793045998,0.000566444,-0.000684541,-0.000480951,0.999999464,-0.365008920,0.033971127,0.158845887,0.254554540,-0.001787050,0.049772616,-0.154254124,-0.091862440,-0.241544873,0.032326922,0.165493086,0.159520939,0.114971898,0.046226997,0.414127856,-0.368510514,0.167204589,0.000000000,0.874887824,0.000000000,0.000000000,0.000000000,-0.517865181,0.101809271,0.000000000,0.744984388,0.000000000,0.000000000,0.000000000
-0.000229359,-0.000326797,0.793045044,0.000561587,-0.000683638,-0.000476999,0.999999523,-0.365025014,0.033984266,0.158754751,0.254557312,-0.001780637,0.049777016,-0.154261455,-0.091873519,-0.241597593,0.032330304,0.165506497,0.159522608,0.114962853,0.046233609,0.414152116,-0.368531108,0.167220861,0.000000000,0.874896765,0.000000000,0.000000000,0.000000000,-0.517910659,0.101771004,0.000000000,0.745027423,0.000000000,0.000000000,0.000000000
-0.000238502,-0.000319552,0.793043256,0.000558594,-0.000681646,-0.000473633,0.999999523,-0.365044713,0.033992197,0.158647209,0.254568189,-0.001777009,0.049787503,-0.154272154,-0.091884755,-0.241642639,0.032337617,0.165515423,0.159527570,0.114949591,0.046230212,0.414175451,-0.368562192,0.167230159,0.000000000,0.874915957,0.000000000,0.000000000,0.000000000,-0.517949104,0.101732120,0.000000000,0.745070994,0.000000000,0.000000000,0.000000000
-0.000248730,-0.000312191,0.793040514,0.000553625,-0.000680822,-0.000469995,0.999999523,-0.365066886,0.034001675,0.158559263,0.254579395,-0.001772369,0.049794111,-0.154276446,-0.091893435,-0.241673097,0.032333490,0.165524110,0.159533426,0.114939220,0.046218779,0.414193660,-0.368603468,0.167242900,0.000000000,0.874948144,0.000000000,0.000000000,0.000000000,-0.517988801,0.101709180,0.000000000,0.745116234,0.000000000,0.000000000,0.000000000
-0.000259113,-0.000304869,0.793037057,0.000547995,-0.000677516,-0.000463846,0.999999523,-0.365088791,0.034006294,0.158501312,0.254586428,-0.001768076,0.049801957,-0.154283479,-0.091902994,-0.241690174,0.032327693,0.165532738,0.159545168,0.114928059,0.046218734,0.414205790,-0.368657798,0.167246744,0.000000000,0.874990821,0.000000000,0.000000000,0.000000000,-0.518037736,0.101688482,0.000000000,0.745181859,0.000000000,0.000000000,0.000000000
-0.000296307,-0.000264034,0.793018460,0.000538910,-0.000677414,-0.000423445,0.999999523,-0.365088195,0.034007706,0.158359870,0.254610330,-0.001798522,0.049817249,-0.154218569,-0.091964886,-0.241705000,0.032237373,0.165557995,0.159534618,0.114890836,0.046245620,0.414243877,-0.368808120,0.167154014,0.000000000,0.875214994,0.000000000,0.000000000,0.000000000,-0.518220484,0.101637296,0.000000000,0.745750785,0.000000000,0.000000000,0.000000000
-0.000308549,-0.000084847,0.792984426,0.000441583,-0.000483937,-0.000212116,0.999999762,-0.365321338,0.033648092,0.158093214,0.254533768,-0.001897944,0.049951937,-0.154692709,-0.091899596,-0.241894886,0.032342542,0.165628538,0.159419715,0.115756407,0.046456151,0.415682137,-0.369444489,0.166048855,0.000000000,0.874905705,0.000000000,0.000000000,0.000000000,-0.518826485,0.101780787,0.000000000,0.747358203,0.000000000,0.000000000,0.000000000
-0.000307310,-0.000069427,0.792984903,0.000432097,-0.000469093,-0.000200660,0.999999762,-0.365297616,0.033647195,0.158026800,0.254453212,-0.001883917,0.049959201,-0.154738858,-0.091922857,-0.241900131,0.032364368,0.165648282,0.159422830,0.115833305,0.046480209,0.415783346,-0.369468659,0.165952891,0.000000000,0.874842942,0.000000000,0.000000000,0.000000000,-0.518905342,0.101810582,0.000000000,0.747472227,0.000000000,0.000000000,0.000000000
-0.000330246,0.000032583,0.792992771,0.000318253,-0.000362711,-0.000100287,0.999999881,-0.365557730,0.033591032,0.157808945,0.254312187,-0.001849955,0.050002396,-0.155172512,-0.091984481,-0.242033601,0.032636352,0.165774703,0.159315273,0.116266087,0.046670899,0.416468799,-0.369694799,0.165233850,0.000000000,0.874366403,0.000000000,0.000000000,0.000000000,-0.519203603,0.101829574,0.000000000,0.747712493,0.000000000,0.000000000,0.000000000
-0.000366974,0.000071907,0.792983711,0.000230116,-0.000310794,-0.000028587,0.999999940,-0.365875274,0.033603739,0.157613143,0.254433155,-0.001854400,0.050016616,-0.155389935,-0.091984309,-0.242003858,0.032742418,0.165821895,0.159273535,0.116544172,0.046762966,0.416738868,-0.369908929,0.164860100,0.000000000,0.874231339,0.000000000,0.000000000,0.000000000,-0.519021809,0.101683594,0.000000000,0.747389257,0.000000000,0.000000000,0.000000000
-0.000377667,0.000080740,0.792979479,0.000214205,-0.000294920,-0.000008760,0.999999940,-0.365948319,0.033586103,0.157548040,0.254456729,-0.001851807,0.050028242,-0.155430317,-0.091987856,-0.242029712,0.032746702,0.165829152,0.159277678,0.116581544,0.046762947,0.416785091,-0.369979352,0.164802134,0.000000000,0.874218881,0.000000000,0.000000000,0.000000000,-0.518997192,0.101672962,0.000000000,0.747366190,0.000000000,0.000000000,0.000000000
-0.000390220,0.000195885,0.792934537,0.000137576,-0.000160984,0.000161165,0.999999940,-0.365947217,0.033422172,0.157284871,0.254139364,-0.001899655,0.050107345,-0.155357882,-0.091860749,-0.242622882,0.032257304,0.165920362,0.159456417,0.116763912,0.046744652,0.417257130,-0.370508015,0.164298192,0.000000000,0.874004662,0.000000000,0.000000000,0.000000000,-0.518857539,0.101298153,0.000000000,0.747480810,0.000000000,0.000000000,0.000000000
-0.000378132,0.000211576,0.792934299,0.000137125,-0.000164050,0.000169782,0.999999940,-0.365864128,0.033415113,0.157315567,0.254063040,-0.001902935,0.050122630,-0.155319586,-0.091846384,-0.242626652,0.032217707,0.165924311,0.159457862,0.116795897,0.046735078,0.417322218,-0.370511770,0.164289460,0.000000000,0.873986959,0.000000000,0.000000000,0.000000000,-0.518840432,0.101295985,0.000000000,0.747520924,0.000000000,0.000000000,0.000000000
-0.000322652,0.000306457,0.792943060,0.000111507,-0.000147739,0.000242864,0.999999940,-0.365857422,0.033381015,0.157301873,0.254101932,-0.001960443,0.050137982,-0.155439943,-0.091846660,-0.242537320,0.032404598,0.165940672,0.159343243,0.116956100,0.046608869,0.417737693,-0.370734185,0.163903177,0.000000000,0.874132574,0.000000000,0.000000000,0.000000000,-0.518987238,0.101387531,0.000000000,0.747883976,0.000000000,0.000000000,0.000000000
-0.000324047,0.000314361,0.792941868,0.000103873,-0.000141927,0.000251287,0.999999940,-0.365911573,0.033397641,0.157204241,0.254152507,-0.001960746,0.050145317,-0.155496463,-0.091847531,-0.242537335,0.032479834,0.165931150,0.159321696,0.116988413,0.046579845,0.417776853,-0.370754927,0.163848549,0.000000000,0.874145329,0.000000000,0.000000000,0.000000000,-0.519030392,0.101431772,0.000000000,0.747936845,0.000000000,0.000000000,0.000000000
-0.000369608,0.000365889,0.792914808,0.000056459,-0.000058853,0.000281327,0.999999940,-0.366301835,0.033395801,0.156511933,0.254482269,-0.002014772,0.050191931,-0.155970782,-0.091928974,-0.242617175,0.032977071,0.165880933,0.159281239,0.117198959,0.046375584,0.417902172,-0.370937407,0.163289845,0.000000000,0.874089956,0.000000000,0.000000000,0.000000000,-0.519353211,0.101520278,0.000000000,0.748255908,0.000000000,0.000000000,0.000000000
-0.000383401,0.000432256,0.792896450,0.000073783,-0.000070869,0.000289731,0.999999940,-0.366216302,0.033337336,0.156350344,0.254557073,-0.002077857,0.050251931,-0.155958503,-0.092058204,-0.242656037,0.033099581,0.165921405,0.159362704,0.117202446,0.046204712,0.418016464,-0.370906740,0.162824944,0.000000000,0.874113679,0.000000000,0.000000000,0.000000000,-0.519304514,0.101439662,0.000000000,0.748538435,0.000000000,0.000000000,0.000000000
-0.000361705,0.000473943,0.792898476,0.000081338,-0.000122169,0.000297971,0.999999940,-0.366033792,0.033355061,0.156347871,0.254535139,-0.002112381,0.050296172,-0.155745625,-0.092071280,-0.242596298,0.032984551,0.165988103,0.159389406,0.117167436,0.046180211,0.418250471,-0.370838404,0.162634403,0.000000000,0.874219775,0.000000000,0.000000000,0.000000000,-0.519252837,0.101381294,0.000000000,0.748848259,0.000000000,0.000000000,0.000000000
-0.000334740,0.000491998,0.792907476,0.000044256,-0.000127077,0.000351480,0.999999940,-0.365977913,0.033355564,0.156504959,0.254473418,-0.002147133,0.050296899,-0.155651718,-0.091869436,-0.242671087,0.032796096,0.166030943,0.159333453,0.117151834,0.046252117,0.418386847,-0.371040523,0.162678853,0.000000000,0.874380052,0.000000000,0.000000000,0.000000000,-0.519277573,0.101571932,0.000000000,0.749198318,0.000000000,0.000000000,0.000000000
-0.000329936,0.000493586,0.792910099,0.000019996,-0.000112486,0.000363984,0.999999940,-0.366046935,0.033367138,0.156493559,0.254493296,-0.002152374,0.050297730,-0.155704945,-0.091854200,-0.242561683,0.032784879,0.166047946,0.159333244,0.117179394,0.046254765,0.418455839,-0.371134698,0.162612349,0.000000000,0.874429464,0.000000000,0.000000000,0.000000000,-0.519347787,0.101640940,0.000000000,0.749318600,0.000000000,0.000000000,0.000000000
-0.000336754,0.000495833,0.792908669,-0.000017980,-0.000080234,0.000378417,0.999999940,-0.366196454,0.033395428,0.156366810,0.254529953,-0.002141152,0.050290853,-0.155839264,-0.091859251,-0.242397964,0.032825816,0.166063234,0.159341589,0.117272012,0.046233252,0.418555915,-0.371266484,0.162421554,0.000000000,0.874502063,0.000000000,0.000000000,0.000000000,-0.519459486,0.101676717,0.000000000,0.749439895,0.000000000,0.000000000,0.000000000
-0.000367594,0.000511834,0.792891741,-0.000070088,-0.000012075,0.000385434,0.999999940,-0.366454035,0.033386152,0.156292766,0.254647911,-0.002157921,0.050311353,-0.156106725,-0.091934383,-0.242496088,0.032969397,0.166078508,0.159458220,0.117515549,0.046131961,0.418687582,-0.371748000,0.162166134,0.000000000,0.874854386,0.000000000,0.000000000,0.000000000,-0.519706607,0.101765417,0.000000000,0.749816775,0.000000000,0.000000000,0.000000000
-0.000409591,0.000539806,0.792871118,-0.000066218,0.000033556,0.000396710,0.999999940,-0.366662383,0.033309564,0.155811965,0.254837602,-0.002163047,0.050360866,-0.156170934,-0.091980293,-0.243015513,0.032948885,0.166096851,0.159605652,0.117692813,0.046015523,0.418751389,-0.372067273,0.161733314,0.000000000,0.875263631,0.000000000,0.000000000,0.000000000,-0.520078182,0.101847373,0.000000000,0.750526428,0.000000000,0.000000000,0.000000000
-0.000438571,0.000561774,0.792859256,-0.000017771,0.000038792,0.000451221,0.999999881,-0.366591722,0.033241838,0.155651823,0.254835814,-0.002145176,0.050384216,-0.155960113,-0.092029579,-0.243371874,0.032735746,0.166086942,0.159645960,0.117783472,0.045994353,0.418877900,-0.372297496,0.161355406,0.000000000,0.875649631,0.000000000,0.000000000,0.000000000,-0.520508051,0.102111742,0.000000000,0.751757622,0.000000000,0.000000000,0.000000000
-0.000405562,0.000564021,0.792875409,-0.000023106,0.000012349,0.000432252,0.999999881,-0.366173238,0.033290114,0.155891359,0.254362494,-0.002111470,0.050345186,-0.155874714,-0.091920502,-0.243134692,0.032580607,0.166074201,0.159512848,0.117971718,0.045906104,0.419048786,-0.372594357,0.161116526,0.000000000,0.876176894,0.000000000,0.000000000,0.000000000,-0.520983875,0.102673560,0.000000000,0.753128946,0.000000000,0.000000000,0.000000000
-0.000389290,0.000564215,0.792886078,-0.000064629,0.000038256,0.000414072,0.999999940,-0.366158724,0.033379592,0.155748278,0.254183352,-0.002059203,0.050332438,-0.156064808,-0.091780081,-0.242974028,0.032582432,0.166062146,0.159388661,0.118123867,0.045787495,0.419174045,-0.373048723,0.160616964,0.000000000,0.876716912,0.000000000,0.000000000,0.000000000,-0.521730244,0.103181496,0.000000000,0.754629910,0.000000000,0.000000000,0.000000000
-0.000408971,0.000543526,0.792867422,-0.000050698,0.000048569,0.000482953,0.999999881,-0.366385907,0.033415735,0.155568421,0.254468769,-0.002035336,0.050348140,-0.156064346,-0.091707043,-0.243232906,0.032522365,0.166019112,0.159343675,0.118288770,0.045668520,0.419389755,-0.373712391,0.159976661,0.000000000,0.877701104,0.000000000,0.000000000,0.000000000,-0.522604883,0.103562638,0.000000000,0.756814837,0.000000000,0.000000000,0.000000000
-0.000414705,0.000539187,0.792861879,-0.000040768,0.000038205,0.000490722,0.999999881,-0.366395056,0.033416372,0.155468583,0.254520476,-0.002029515,0.050356552,-0.156022817,-0.091707438,-0.243259892,0.032499753,0.166016892,0.159348935,0.118324354,0.045644723,0.419435680,-0.373772770,0.159819841,0.000000000,0.877902567,0.000000000,0.000000000,0.000000000,-0.522727311,0.103651039,0.000000000,0.757195413,0.000000000,0.000000000,0.000000000
-0.000422144,0.000534576,0.792856157,-0.000030516,0.000023016,0.000491043,0.999999881,-0.366393447,0.033431403,0.155351967,0.254566848,-0.002023965,0.050370112,-0.155973285,-0.091713920,-0.243250206,0.032477453,0.166011021,0.159355462,0.118375629,0.045625690,0.419483155,-0.373820126,0.159679458,0.000000000,0.878096998,0.000000000,0.000000000,0.000000000,-0.522851348,0.103780381,0.000000000,0.757577062,0.000000000,0.000000000,0.000000000
-0.000431287,0.000529036,0.792850435,-0.000021788,0.000007143,0.000488575,0.999999881,-0.366381913,0.033461601,0.155228823,0.254603684,-0.002019448,0.050382607,-0.155933231,-0.091723360,-0.243216112,0.032462385,0.166006565,0.159363419,0.118432604,0.045594770,0.419528931,-0.373884112,0.159560755,0.000000000,0.878314734,0.000000000,0.000000000,0.000000000,-0.522987843,0.103918694,0.000000000,0.757958472,0.000000000,0.000000000,0.000000000
-0.000441360,0.000523689,0.792845011,-0.000013624,-0.000008876,0.000484317,0.999999881,-0.366352677,0.033493113,0.155130193,0.254621625,-0.002015785,0.050388318,-0.155892000,-0.091736697,-0.243175209,0.032450285,0.165998861,0.159374923,0.118494421,0.045582935,0.419575036,-0.373952985,0.159464061,0.000000000,0.878538370,0.000000000,0.000000000,0.000000000,-0.523132503,0.104061581,0.000000000,0.758345425,0.000000000,0.000000000,0.000000000
-0.000451589,0.000519002,0.792840004,-0.000005384,-0.000025090,0.000479594,0.999999881,-0.366304755,0.033522524,0.155066907,0.254621655,-0.002017024,0.050394192,-0.155859947,-0.091752954,-0.243137255,0.032446682,0.165989876,0.159385428,0.118554115,0.045569297,0.419616342,-0.374034464,0.159370780,0.000000000,0.878766298,0.000000000,0.000000000,0.000000000,-0.523280680,0.104189441,0.000000000,0.758729160,0.000000000,0.000000000,0.000000000
-0.000652432,0.000511485,0.792841434,0.000085618,-0.000320180,0.000330142,0.999999881,-0.365258545,0.033242591,0.154829025,0.253868669,-0.001789769,0.050467994,-0.155865729,-0.091727637,-0.242736518,0.033044469,0.166003272,0.159303218,0.118983306,0.045147955,0.420117855,-0.376545697,0.157955185,0.000000000,0.884230673,0.000000000,0.000000000,0.000000000,-0.526643574,0.106506698,0.000000000,0.766572952,0.000000000,0.000000000,0.000000000
-0.000710392,0.000549763,0.792835832,0.000163592,-0.000415862,0.000299688,0.999999881,-0.364726692,0.033101074,0.154655948,0.253488481,-0.001715331,0.050485760,-0.155723497,-0.091792516,-0.242704153,0.033096377,0.165942207,0.159305528,0.118839368,0.044988770,0.420225382,-0.377310187,0.157391280,0.000000000,0.885988295,0.000000000,0.000000000,0.000000000,-0.527898133,0.107113644,0.000000000,0.769446492,0.000000000,0.000000000,0.000000000
-0.000793147,0.000548059,0.792830944,0.000243768,-0.000518706,0.000282153,0.999999821,-0.364423662,0.032947641,0.154631659,0.253390849,-0.001642191,0.050515737,-0.155575544,-0.091813944,-0.242573291,0.033084579,0.165851951,0.159234822,0.118830949,0.044874966,0.420498520,-0.378167510,0.156610280,0.000000000,0.888321638,0.000000000,0.000000000,0.000000000,-0.529568613,0.108038165,0.000000000,0.773251593,0.000000000,0.000000000,0.000000000
-0.000864744,0.000506836,0.792820036,0.000283832,-0.000618719,0.000233961,0.999999762,-0.364133298,0.032998364,0.154738724,0.253241897,-0.001571962,0.050535720,-0.155439705,-0.091639474,-0.242801756,0.033017263,0.165770248,0.159158498,0.118683606,0.044763044,0.420684129,-0.379127502,0.156139761,0.000000000,0.890667677,0.000000000,0.000000000,0.000000000,-0.531170964,0.108945511,0.000000000,0.776533663,0.000000000,0.000000000,0.000000000
-0.000876522,0.000498468,0.792816877,0.000290971,-0.000633940,0.000220033,0.999999762,-0.364067912,0.032986939,0.154744864,0.253203779,-0.001566706,0.050537243,-0.155427426,-0.091613062,-0.242829844,0.033003055,0.165759012,0.159149498,0.118734747,0.044733524,0.420713931,-0.379344165,0.156000540,0.000000000,0.891157627,0.000000000,0.000000000,0.000000000,-0.531546950,0.109154828,0.000000000,0.777229905,0.000000000,0.000000000,0.000000000
-0.000995851,0.000523070,0.792805016,0.000410135,-0.000844177,-0.000025838,0.999999583,-0.362979412,0.032759521,0.154100239,0.252364576,-0.001363383,0.050618835,-0.155299529,-0.091580138,-0.242755830,0.033062346,0.165763661,0.159148872,0.118946068,0.044420425,0.420912027,-0.381014526,0.155029520,0.000000000,0.895463645,0.000000000,0.000000000,0.000000000,-0.534370899,0.110813916,0.000000000,0.782812238,0.000000000,0.000000000,0.000000000
-0.001036143,0.000537831,0.792805910,0.000456767,-0.000907967,-0.000099185,0.999999464,-0.362712026,0.032678865,0.154118285,0.252175748,-0.001279159,0.050689515,-0.155275375,-0.091621041,-0.242738411,0.033131890,0.165782884,0.159151673,0.118917070,0.044319686,0.420999736,-0.381567001,0.154779777,0.000000000,0.896755517,0.000000000,0.000000000,0.000000000,-0.535003185,0.111173563,0.000000000,0.784214795,0.000000000,0.000000000,0.000000000
-0.001178253,0.000543487,0.792801619,0.000602183,-0.001098225,-0.000264674,0.999999166,-0.362066805,0.032567494,0.154053256,0.251874775,-0.001125668,0.050794169,-0.155114532,-0.091672346,-0.242956802,0.033237256,0.165854648,0.159119636,0.118658341,0.044040933,0.421032727,-0.383723289,0.154221803,0.000000000,0.901413262,0.000000000,0.000000000,0.000000000,-0.537213981,0.112209082,0.000000000,0.788989425,0.000000000,0.000000000,0.000000000
-0.001303935,0.000496376,0.792784333,0.000760503,-0.001371349,-0.000440105,0.999998689,-0.361322761,0.032706842,0.153756693,0.251673251,-0.000957636,0.050890177,-0.154670283,-0.091583610,-0.243069530,0.033160754,0.165860966,0.159067005,0.118321985,0.043757841,0.420964062,-0.385946453,0.153876185,0.000000000,0.906670988,0.000000000,0.000000000,0.000000000,-0.539833844,0.113512717,0.000000000,0.794683158,0.000000000,0.000000000,0.000000000
-0.001417530,0.000467744,0.792761028,0.000904000,-0.001662959,-0.000653492,0.999997973,-0.360344052,0.032747827,0.153899059,0.251184046,-0.000779871,0.050973788,-0.154266953,-0.091612540,-0.242455333,0.033173367,0.165770426,0.158940151,0.118017040,0.043440469,0.420832455,-0.387669176,0.153654382,0.000000000,0.911345720,0.000000000,0.000000000,0.000000000,-0.542047143,0.114958405,0.000000000,0.800109088,0.000000000,0.000000000,0.000000000
-0.001557004,0.000499669,0.792744517,0.001132899,-0.002037993,-0.000882204,0.999996901,-0.358726323,0.032394890,0.154238686,0.250291467,-0.000629930,0.051071160,-0.153741568,-0.091660254,-0.241913453,0.033231284,0.165721282,0.158745304,0.117477372,0.043054521,0.420574218,-0.389657527,0.152922332,0.000000000,0.917483151,0.000000000,0.000000000,0.000000000,-0.544880927,0.116536252,0.000000000,0.807229578,0.000000000,0.000000000,0.000000000
-0.001669514,0.000535157,0.792739868,0.001368689,-0.002349233,-0.000995855,0.999995828,-0.357463777,0.032210220,0.154078335,0.249740332,-0.000494315,0.051148105,-0.153177157,-0.091606453,-0.242052436,0.033187754,0.165758461,0.158596903,0.117016681,0.042792339,0.420224398,-0.391695738,0.151948154,0.000000000,0.923427761,0.000000000,0.000000000,0.000000000,-0.547710299,0.117836110,0.000000000,0.813983440,0.000000000,0.000000000,0.000000000
-0.001773190,0.000554955,0.792730868,0.001781043,-0.002869668,-0.001170631,0.999993622,-0.355574638,0.032043900,0.154003710,0.249149457,-0.000305890,0.051267855,-0.152072459,-0.091764741,-0.241865948,0.033170193,0.165803656,0.158623546,0.116599195,0.042450227,0.419892967,-0.394233316,0.150690824,0.000000000,0.931623340,0.000000000,0.000000000,0.000000000,-0.551629782,0.120024323,0.000000000,0.823670447,0.000000000,0.000000000,0.000000000
-0.001827896,0.000560418,0.792723656,0.002012595,-0.003178072,-0.001321643,0.999992073,-0.354458779,0.031979818,0.153938577,0.248796776,-0.000218116,0.051325232,-0.151490301,-0.091999888,-0.241375521,0.033287082,0.165792629,0.158652350,0.116477393,0.042226069,0.419737756,-0.395768702,0.149912745,0.000000000,0.936543763,0.000000000,0.000000000,0.000000000,-0.553757310,0.121259816,0.000000000,0.828968823,0.000000000,0.000000000,0.000000000
-0.001875162,0.000565493,0.792719603,0.002152424,-0.003380783,-0.001455666,0.999990880,-0.353695840,0.031937592,0.153920278,0.248518690,-0.000160026,0.051349916,-0.151166588,-0.092132300,-0.240937114,0.033390626,0.165765733,0.158671498,0.116372526,0.042040449,0.419599593,-0.396935016,0.149453238,0.000000000,0.940007567,0.000000000,0.000000000,0.000000000,-0.555173635,0.122058734,0.000000000,0.832550645,0.000000000,0.000000000,0.000000000
-0.002126527,0.000624692,0.792714596,0.002742287,-0.004244381,-0.002040203,0.999985158,-0.350336760,0.031689357,0.154211327,0.247161686,0.000157744,0.051588386,-0.149833009,-0.092408337,-0.239632815,0.033642441,0.165842712,0.158624306,0.115502678,0.041184079,0.418944538,-0.402296424,0.147294268,0.000000000,0.956523895,0.000000000,0.000000000,0.000000000,-0.561838210,0.125389323,0.000000000,0.849627078,0.000000000,0.000000000,0.000000000
-0.002232838,0.000635386,0.792724133,0.003138743,-0.004863512,-0.002281500,0.999980628,-0.348290145,0.031630337,0.154096022,0.246629640,0.000333188,0.051818103,-0.148497686,-0.092259303,-0.239369020,0.033469006,0.165947333,0.158474639,0.114787027,0.040764403,0.418494374,-0.405554026,0.146046996,0.000000000,0.966880977,0.000000000,0.000000000,0.000000000,-0.565734923,0.127701163,0.000000000,0.860303938,0.000000000,0.000000000,0.000000000
-0.002368748,0.000622329,0.792721212,0.003675855,-0.005677255,-0.002638530,0.999973655,-0.345712572,0.031302486,0.154058963,0.245985538,0.000592093,0.052091725,-0.146822244,-0.092149720,-0.238732010,0.033462744,0.165923715,0.158410490,0.114106491,0.040152807,0.417812973,-0.409602135,0.143837944,0.000000000,0.980525613,0.000000000,0.000000000,0.000000000,-0.571149409,0.131401241,0.000000000,0.874921322,0.000000000,0.000000000,0.000000000
-0.002416480,0.000618726,0.792718768,0.003868344,-0.005953718,-0.002814078,0.999970853,-0.344764531,0.031173462,0.154249951,0.245769128,0.000608374,0.052193284,-0.146342769,-0.092236690,-0.238201290,0.033585221,0.165883675,0.158417150,0.113880731,0.039899293,0.417549074,-0.411044270,0.143050000,0.000000000,0.985278726,0.000000000,0.000000000,0.000000000,-0.573179245,0.132906571,0.000000000,0.880234540,0.000000000,0.000000000,0.000000000
-0.002511167,0.000641119,0.792716801,0.004245155,-0.006488686,-0.003235695,0.999964714,-0.342508674,0.030937200,0.154760674,0.244738191,0.000854858,0.052454952,-0.145554200,-0.092513181,-0.237114668,0.033947513,0.165818885,0.158486143,0.113469735,0.039330035,0.416984469,-0.414121121,0.141748145,0.000000000,0.994863391,0.000000000,0.000000000,0.000000000,-0.577391624,0.135891229,0.000000000,0.890971899,0.000000000,0.000000000,0.000000000
-0.002639949,0.000725347,0.792733669,0.004759281,-0.007146580,-0.003717073,0.999956250,-0.339768767,0.030713961,0.154695690,0.243682653,0.001112661,0.052719031,-0.144474566,-0.092696860,-0.236463830,0.034256712,0.165780067,0.158460498,0.112391546,0.038628407,0.416253746,-0.417996734,0.140266657,0.000000000,1.006869793,0.000000000,0.000000000,0.000000000,-0.583256960,0.139273450,0.000000000,0.905221522,0.000000000,0.000000000,0.000000000
-0.002735257,0.000755838,0.792744100,0.005069012,-0.007550202,-0.004006738,0.999950647,-0.338436902,0.030651486,0.154512838,0.243326947,0.001361988,0.052987795,-0.143753693,-0.092767008,-0.236381516,0.034377225,0.165705308,0.158353940,0.111551099,0.038133699,0.415789902,-0.420617640,0.139513671,0.000000000,1.014437199,0.000000000,0.000000000,0.000000000,-0.586577535,0.141112834,0.000000000,0.913765907,0.000000000,0.000000000,0.000000000
-0.002773225,0.000761145,0.792744577,0.005175156,-0.007691399,-0.004097867,0.999948621,-0.337982565,0.030661725,0.154416636,0.243220642,0.001444139,0.053103484,-0.143494412,-0.092798755,-0.236376166,0.034396332,0.165716022,0.158320591,0.111248076,0.037951294,0.415620357,-0.421513408,0.139277995,0.000000000,1.017060280,0.000000000,0.000000000,0.000000000,-0.587544739,0.141715750,0.000000000,0.916571081,0.000000000,0.000000000,0.000000000
-0.002813053,0.000764051,0.792743385,0.005283815,-0.007838680,-0.004182836,0.999946594,-0.337549537,0.030670743,0.154340103,0.243167609,0.001512419,0.053231884,-0.143215090,-0.092832364,-0.236362427,0.034401685,0.165735364,0.158285946,0.110938042,0.037779890,0.415450007,-0.422427952,0.139002845,0.000000000,1.019773006,0.000000000,0.000000000,0.000000000,-0.588557780,0.142341495,0.000000000,0.919473469,0.000000000,0.000000000,0.000000000
-0.002853501,0.000764555,0.792740941,0.005395399,-0.007997054,-0.004266067,0.999944389,-0.337102294,0.030686190,0.154246926,0.243119493,0.001585713,0.053361155,-0.142896220,-0.092869297,-0.236321390,0.034392912,0.165743351,0.158254668,0.110629186,0.037612561,0.415280461,-0.423331678,0.138708219,0.000000000,1.022560239,0.000000000,0.000000000,0.000000000,-0.589581966,0.142994389,0.000000000,0.922428846,0.000000000,0.000000000,0.000000000
-0.002895188,0.000761610,0.792737246,0.005507843,-0.008169765,-0.004354562,0.999942005,-0.336659521,0.030709293,0.154153511,0.243099406,0.001659786,0.053495612,-0.142543718,-0.092894569,-0.236233234,0.034370746,0.165750593,0.158228487,0.110330172,0.037451494,0.415110201,-0.424287111,0.138415769,0.000000000,1.025503397,0.000000000,0.000000000,0.000000000,-0.590576231,0.143671587,0.000000000,0.925372899,0.000000000,0.000000000,0.000000000
-0.003906071,0.000919217,0.792610526,0.008602886,-0.012466709,-0.006618567,0.999863386,-0.322152853,0.029404769,0.155385584,0.239323452,0.003098538,0.056122858,-0.134188339,-0.094707936,-0.231101289,0.035417520,0.164976791,0.158297062,0.099986218,0.033323217,0.408133239,-0.450491905,0.129411191,0.000000000,1.102310896,0.000000000,0.000000000,0.000000000,-0.619004667,0.156911671,0.000000000,0.997030199,0.000000000,0.000000000,0.000000000
-0.004099941,0.001017973,0.792589188,0.009230502,-0.013440288,-0.007036097,0.999842286,-0.318762094,0.029252715,0.155614540,0.238296628,0.003390549,0.056714743,-0.132394060,-0.095000230,-0.230382487,0.035823960,0.164857388,0.158135593,0.096750207,0.032222506,0.406427830,-0.456720859,0.125265956,0.000000000,1.119311571,0.000000000,0.000000000,0.000000000,-0.623578191,0.157745495,0.000000000,1.008903742,0.000000000,0.000000000,0.000000000
-0.004134500,0.001043078,0.792585671,0.009330742,-0.013641319,-0.007132106,0.999837995,-0.318047285,0.029232686,0.155610487,0.238046303,0.003439348,0.056830186,-0.132017538,-0.095000967,-0.230208457,0.035852671,0.164846495,0.158105791,0.096082829,0.031986538,0.406051934,-0.458031803,0.124248214,0.000000000,1.122666717,0.000000000,0.000000000,0.000000000,-0.624384582,0.157840773,0.000000000,1.011003137,0.000000000,0.000000000,0.000000000
-0.004303885,0.001276737,0.792562723,0.009932456,-0.014827221,-0.007771198,0.999810517,-0.313784063,0.029055174,0.155891433,0.236506194,0.003770950,0.057520919,-0.129801810,-0.095046550,-0.229189903,0.036016766,0.164720505,0.157858983,0.092058606,0.030365746,0.403664321,-0.467867076,0.119261704,0.000000000,1.144001245,0.000000000,0.000000000,0.000000000,-0.628125191,0.157928273,0.000000000,1.021712661,0.000000000,0.000000000,0.000000000
-0.004410041,0.001451236,0.792528391,0.010292993,-0.015545823,-0.008259375,0.999792039,-0.311391920,0.029057059,0.156028092,0.235789895,0.004010134,0.058014974,-0.128563702,-0.095064364,-0.228678674,0.036175653,0.164598197,0.157775670,0.089350812,0.029134288,0.401943743,-0.473748386,0.116435818,0.000000000,1.156396747,0.000000000,0.000000000,0.000000000,-0.628616393,0.156300262,0.000000000,1.025115252,0.000000000,0.000000000,0.000000000
-0.004492176,0.001599118,0.792494357,0.010557593,-0.016026530,-0.008585926,0.999778986,-0.309568822,0.028972022,0.156015247,0.235135913,0.004174073,0.058442518,-0.127782255,-0.095193267,-0.228392720,0.036440264,0.164417386,0.157721564,0.087125883,0.028139565,0.400662720,-0.477050096,0.113806494,0.000000000,1.163699031,0.000000000,0.000000000,0.000000000,-0.627329469,0.153346285,0.000000000,1.024839282,0.000000000,0.000000000,0.000000000
-0.004674578,0.002070427,0.792387962,0.011099282,-0.017278694,-0.009352322,0.999745369,-0.304810673,0.028706679,0.156354770,0.233422041,0.004308515,0.059491921,-0.125987723,-0.095514677,-0.227935538,0.037477564,0.163999945,0.157759875,0.081196725,0.025324767,0.397377402,-0.484559655,0.109060481,0.000000000,1.178483367,0.000000000,0.000000000,0.000000000,-0.619749188,0.143996030,0.000000000,1.018853545,0.000000000,0.000000000,0.000000000
-0.004696274,0.002548438,0.792319119,0.011499161,-0.018413711,-0.009807159,0.999716222,-0.300651848,0.028849881,0.156792730,0.232011959,0.004323904,0.060293987,-0.123890303,-0.095403656,-0.227774024,0.037808150,0.164098606,0.157955423,0.076958016,0.023425031,0.395503253,-0.486182481,0.110246211,0.000000000,1.185415864,0.000000000,0.000000000,0.000000000,-0.608831763,0.134951472,0.000000000,1.008857250,0.000000000,0.000000000,0.000000000
-0.004620337,0.002999252,0.792278886,0.011940584,-0.019504342,-0.010075023,0.999687672,-0.296365470,0.028532511,0.157914549,0.230327785,0.004348024,0.060917966,-0.121294722,-0.095275909,-0.226976678,0.037597455,0.164327711,0.158089355,0.074358918,0.022292120,0.394150048,-0.482694745,0.113567822,0.000000000,1.187979341,0.000000000,0.000000000,0.000000000,-0.594670534,0.124081150,0.000000000,0.994690537,0.000000000,0.000000000,0.000000000
-0.004460251,0.003340694,0.792282104,0.012309050,-0.020311827,-0.010376053,0.999664068,-0.292600006,0.028220307,0.158955634,0.228480637,0.004352074,0.061227355,-0.119029552,-0.095061228,-0.225598559,0.037044872,0.164514199,0.158143699,0.073330909,0.021727869,0.393544108,-0.477590501,0.116668604,0.000000000,1.187366009,0.000000000,0.000000000,0.000000000,-0.583245099,0.115737900,0.000000000,0.982842982,0.000000000,0.000000000,0.000000000
-0.004097926,0.004010910,0.792308927,0.012986366,-0.021620367,-0.011134104,0.999619901,-0.285971701,0.027624672,0.160537332,0.225017622,0.004456926,0.061657280,-0.115740202,-0.095217571,-0.222542703,0.036696076,0.164797604,0.158225238,0.072490595,0.020941384,0.392190486,-0.465582609,0.125307932,0.000000000,1.182690978,0.000000000,0.000000000,0.000000000,-0.561208367,0.099953271,0.000000000,0.960121036,0.000000000,0.000000000,0.000000000
-0.003840208,0.004488883,0.792341411,0.013519163,-0.022412330,-0.011619932,0.999589860,-0.281618059,0.027070584,0.160973340,0.222753271,0.004581402,0.061946597,-0.113806590,-0.095569387,-0.220981508,0.036814276,0.164916694,0.158247918,0.072234944,0.020552805,0.391383201,-0.455787480,0.134113431,0.000000000,1.176671147,0.000000000,0.000000000,0.000000000,-0.546270609,0.088850811,0.000000000,0.945395827,0.000000000,0.000000000,0.000000000
-0.003566682,0.004988164,0.792376816,0.014092215,-0.023219107,-0.012182445,0.999556839,-0.277266979,0.026531519,0.161366314,0.220638186,0.004684206,0.062278699,-0.111869872,-0.096049361,-0.219604865,0.037164323,0.164954811,0.158266515,0.072249621,0.020124702,0.390646309,-0.443127185,0.145810232,0.000000000,1.166552424,0.000000000,0.000000000,0.000000000,-0.530094564,0.077006027,0.000000000,0.929687023,0.000000000,0.000000000,0.000000000
-0.002955937,0.006026593,0.792438567,0.015491629,-0.024883632,-0.013366147,0.999480963,-0.268188596,0.025087267,0.161159456,0.216875792,0.004747361,0.063147478,-0.107811823,-0.097099617,-0.217270032,0.038145635,0.165032655,0.158497125,0.072524227,0.019493246,0.388710946,-0.409695834,0.169640690,0.000000000,1.135234594,0.000000000,0.000000000,0.000000000,-0.493712395,0.052393563,0.000000000,0.898424327,0.000000000,0.000000000,0.000000000
-0.002382231,0.006898776,0.792482913,0.016782075,-0.026441099,-0.014533597,0.999403834,-0.260501206,0.023929680,0.160799772,0.214588553,0.004497748,0.063960113,-0.103932858,-0.097886816,-0.216006547,0.039117400,0.164941832,0.158668652,0.073023677,0.018786248,0.386522859,-0.379860461,0.188303173,0.000000000,1.108123302,0.000000000,0.000000000,0.000000000,-0.459994763,0.032281984,0.000000000,0.873944283,0.000000000,0.000000000,0.000000000
-0.001798451,0.007635939,0.792559624,0.017929925,-0.027949836,-0.015660478,0.999325812,-0.253344595,0.023119926,0.161208928,0.212599099,0.004144951,0.064576864,-0.100460052,-0.098265216,-0.214588776,0.040079717,0.164754406,0.158752993,0.073650755,0.018175943,0.384583890,-0.356690735,0.200999171,0.000000000,1.090697289,0.000000000,0.000000000,0.000000000,-0.431580544,0.016870109,0.000000000,0.856548965,0.000000000,0.000000000,0.000000000
-0.000375187,0.009204450,0.792882383,0.020536613,-0.031248124,-0.018196000,0.999134958,-0.237770066,0.021262366,0.161731601,0.208651930,0.003309570,0.065870449,-0.092374817,-0.099158876,-0.210657597,0.041773513,0.164006278,0.158275753,0.074693866,0.016908977,0.379786402,-0.309539288,0.235769525,0.000000000,1.061769128,0.000000000,0.000000000,0.000000000,-0.371273130,-0.010843950,0.000000000,0.831353664,0.000000000,0.000000000,0.000000000
0.000454533,0.010190809,0.793124378,0.022134842,-0.033328719,-0.019972635,0.998999655,-0.228398219,0.020132227,0.161913380,0.206581905,0.002775733,0.066760667,-0.088146508,-0.100102447,-0.208359912,0.043815754,0.163399696,0.157722458,0.074873216,0.016186714,0.376089692,-0.280587792,0.257057428,0.000000000,1.049692035,0.000000000,0.000000000,0.000000000,-0.332890570,-0.031653669,0.000000000,0.818788528,0.000000000,0.000000000,0.000000000
0.000913870,0.010810348,0.793279946,0.022980072,-0.034570836,-0.021035381,0.998916566,-0.222609371,0.019327255,0.161836371,0.204870299,0.002536822,0.067353897,-0.085792854,-0.100513190,-0.207172066,0.045148604,0.163081065,0.157367021,0.074716687,0.015748473,0.373580933,-0.262380153,0.264928788,0.000000000,1.045449495,0.000000000,0.000000000,0.000000000,-0.311744988,-0.044740885,0.000000000,0.813514113,0.000000000,0.000000000,0.000000000
0.001624727,0.011847189,0.793563664,0.024454478,-0.036845028,-0.022967059,0.998757720,-0.213120282,0.018464098,0.161703020,0.202534378,0.002146630,0.068187892,-0.081491046,-0.101179942,-0.204807058,0.047527656,0.162493333,0.156682387,0.074079558,0.014821903,0.369505107,-0.232766867,0.283153147,0.000000000,1.040906906,0.000000000,0.000000000,0.000000000,-0.279318899,-0.061201211,0.000000000,0.813432217,0.000000000,0.000000000,0.000000000
0.002355266,0.013100564,0.793883979,0.026316971,-0.039635744,-0.025507629,0.998541832,-0.200526103,0.017715923,0.162584528,0.198268294,0.001966166,0.069068730,-0.077318199,-0.103127383,-0.201476574,0.051795810,0.161984175,0.156010866,0.073159665,0.013233216,0.364164412,-0.196046665,0.305899292,0.000000000,1.039113045,0.000000000,0.000000000,0.000000000,-0.239537016,-0.078775957,0.000000000,0.818062663,0.000000000,0.000000000,0.000000000
0.002471495,0.013314193,0.793938398,0.026640838,-0.040121101,-0.025974246,0.998501837,-0.198343188,0.017530851,0.162760705,0.197519511,0.001923602,0.069208905,-0.076612085,-0.103451148,-0.200854167,0.052514508,0.161952674,0.155902341,0.073044516,0.012906067,0.363239229,-0.189969987,0.312113166,0.000000000,1.038339138,0.000000000,0.000000000,0.000000000,-0.232492670,-0.082200505,0.000000000,0.818390906,0.000000000,0.000000000,0.000000000
0.002587724,0.013536656,0.793996155,0.026966162,-0.040591899,-0.026410311,0.998462617,-0.195933148,0.017355332,0.162803546,0.196492732,0.001916383,0.069386825,-0.075915374,-0.103751555,-0.200348124,0.053214576,0.161938801,0.155801356,0.072874598,0.012601207,0.362285107,-0.184364736,0.314849287,0.000000000,1.039723158,0.000000000,0.000000000,0.000000000,-0.225394949,-0.085791506,0.000000000,0.818627656,0.000000000,0.000000000,0.000000000
0.002700079,0.013761908,0.794056535,0.027262529,-0.041061923,-0.026850486,0.998423636,-0.193587497,0.017163370,0.162875503,0.195439458,0.001961361,0.069561124,-0.075271532,-0.103979103,-0.199815542,0.053922102,0.161945418,0.155681998,0.072708771,0.012316251,0.361283362,-0.177558228,0.317427874,0.000000000,1.040138006,0.000000000,0.000000000,0.000000000,-0.218611851,-0.089352272,0.000000000,0.819019318,0.000000000,0.000000000,0.000000000
0.002809334,0.013980845,0.794117868,0.027574038,-0.041540876,-0.027319731,0.998382509,-0.191324547,0.016975371,0.163030744,0.194481611,0.002016834,0.069701031,-0.074613124,-0.104179606,-0.199222684,0.054613661,0.161958590,0.155561134,0.072553977,0.011994870,0.360290647,-0.171901092,0.321634591,0.000000000,1.040532589,0.000000000,0.000000000,0.000000000,-0.211943462,-0.092808358,0.000000000,0.819713175,0.000000000,0.000000000,0.000000000
0.002918434,0.014200905,0.794179618,0.027845146,-0.041987650,-0.027808582,0.998342812,-0.189026728,0.016750829,0.163120970,0.193417400,0.002033725,0.069819175,-0.074046820,-0.104325004,-0.198654681,0.055271111,0.161982566,0.155449390,0.072395094,0.011670147,0.359225333,-0.165884450,0.324320406,0.000000000,1.041103125,0.000000000,0.000000000,0.000000000,-0.205416828,-0.096000455,0.000000000,0.820643663,0.000000000,0.000000000,0.000000000
0.004619563,0.017412236,0.795535684,0.032600705,-0.051933106,-0.038813341,0.997363389,-0.146933407,0.016237142,0.160684824,0.175914690,0.004102610,0.073754318,-0.062065519,-0.103883177,-0.188583657,0.065983899,0.163049355,0.148911059,0.065561533,0.006257659,0.334667265,-0.022971164,0.383971334,0.000000000,1.039676666,0.000000000,0.000000000,0.000000000,-0.088172875,-0.158852011,0.000000000,0.872438967,0.000000000,0.000000000,0.000000000
0.004799950,0.017872736,0.795792758,0.033308823,-0.054067548,-0.042620208,0.997071087,-0.136586264,0.016217241,0.160948783,0.169003755,0.005545598,0.074910797,-0.059251666,-0.102870159,-0.183601499,0.065841109,0.162420824,0.144769713,0.063116848,0.003845101,0.327793926,0.021368610,0.387390971,0.000000000,1.019773006,0.000000000,0.000000000,0.000000000,-0.064025372,-0.175062910,0.000000000,0.894832373,0.000000000,0.000000000,0.000000000
0.004938495,0.018053278,0.795979917,0.033745259,-0.055482276,-0.046089977,0.996824324,-0.129020140,0.016578488,0.158798471,0.162863418,0.007326028,0.075622097,-0.057293829,-0.101402655,-0.179642200,0.064256132,0.161909670,0.141092241,0.061428495,0.001064867,0.321264476,0.057379950,0.393679827,0.000000000,0.997457504,0.000000000,0.000000000,0.000000000,-0.048908670,-0.187336788,0.000000000,0.917192996,0.000000000,0.000000000,0.000000000
0.004943764,0.017993923,0.796118081,0.033982862,-0.056349561,-0.048817702,0.996637702,-0.123423256,0.017099896,0.156257838,0.157370180,0.009128393,0.076132178,-0.056042660,-0.100077860,-0.175910935,0.062001273,0.161796466,0.138156310,0.060502701,-0.001340178,0.315154970,0.081607714,0.401828438,0.000000000,0.982206225,0.000000000,0.000000000,0.000000000,-0.039281540,-0.196500883,0.000000000,0.936190128,0.000000000,0.000000000,0.000000000
0.004975379,0.017755460,0.796303093,0.034135453,-0.057281163,-0.052269708,0.996404290,-0.116364993,0.017843321,0.154007539,0.149388626,0.011695065,0.076680958,-0.054626953,-0.098172247,-0.173687279,0.058349885,0.161860704,0.134608954,0.060011514,-0.004189783,0.306719720,0.110460743,0.408889145,0.000000000,0.967001021,0.000000000,0.000000000,0.000000000,-0.027427409,-0.206958801,0.000000000,0.959776640,0.000000000,0.000000000,0.000000000
0.004977703,0.017706256,0.796343565,0.034091614,-0.057432514,-0.052964829,0.996360362,-0.115070350,0.017956521,0.153225869,0.147614554,0.012291305,0.076801918,-0.054443523,-0.097691409,-0.173783392,0.057590656,0.161801875,0.133853704,0.059991591,-0.004638911,0.304914236,0.116450325,0.410241574,0.000000000,0.963932931,0.000000000,0.000000000,0.000000000,-0.025381900,-0.208524749,0.000000000,0.964886963,0.000000000,0.000000000,0.000000000
0.004847991,0.019106662,0.796583652,0.033908535,-0.058259733,-0.057083130,0.996091127,-0.107543319,0.017728034,0.148874953,0.136286646,0.016391203,0.077433199,-0.052663721,-0.095378868,-0.175670311,0.053523932,0.159724250,0.128016695,0.060177129,-0.006849778,0.294215918,0.147676870,0.417891532,0.000000000,0.951214731,0.000000000,0.000000000,0.000000000,-0.011076534,-0.219304934,0.000000000,0.992165387,0.000000000,0.000000000,0.000000000
0.004143178,0.026324758,0.796930015,0.033915762,-0.059175000,-0.061133355,0.995796561,-0.098878786,0.017259577,0.143775776,0.122310191,0.021798836,0.077791505,-0.050523151,-0.093712598,-0.176061124,0.055735093,0.149758056,0.118690632,0.060346395,-0.007859556,0.282111406,0.172450334,0.419811219,0.000000000,0.953415632,0.000000000,0.000000000,0.000000000,0.007063704,-0.230289221,0.000000000,1.022472620,0.000000000,0.000000000,0.000000000
0.003109670,0.030412029,0.797073483,0.034501553,-0.059519015,-0.063607611,0.995600939,-0.091914937,0.015530053,0.139285490,0.110833190,0.025815288,0.077078007,-0.050717067,-0.093680263,-0.175734714,0.068973728,0.128109902,0.111163892,0.059247758,-0.008288356,0.271455169,0.182988465,0.419148952,0.000000000,0.967677653,0.000000000,0.000000000,0.000000000,0.021567842,-0.239821687,0.000000000,1.047482133,0.000000000,0.000000000,0.000000000
0.002332485,0.031428918,0.797059953,0.035437081,-0.059886895,-0.064737700,0.995473146,-0.086691566,0.015089572,0.134525836,0.103363216,0.028652554,0.075993359,-0.050433364,-0.093937643,-0.174051180,0.086446472,0.103168346,0.105889536,0.057621956,-0.008607207,0.262854815,0.183696717,0.421005785,0.000000000,0.986204147,0.000000000,0.000000000,0.000000000,0.033374272,-0.247815728,0.000000000,1.066461921,0.000000000,0.000000000,0.000000000
0.001860440,0.031129086,0.796938479,0.036203217,-0.059969079,-0.065030172,0.995421588,-0.083524898,0.014869924,0.130060315,0.098841965,0.030315543,0.075007558,-0.050002016,-0.093542770,-0.171591580,0.102826327,0.082414933,0.102648474,0.055914961,-0.008806057,0.255761921,0.181100443,0.422034621,0.000000000,1.002738833,0.000000000,0.000000000,0.000000000,0.041571628,-0.252723783,0.000000000,1.081295609,0.000000000,0.000000000,0.000000000
0.001711202,0.030754751,0.796870172,0.036622565,-0.060085513,-0.065086350,0.995395541,-0.081952624,0.014752859,0.128232479,0.096985281,0.031019242,0.074516445,-0.049423352,-0.093326479,-0.169363394,0.111677557,0.071727633,0.100049183,0.055110194,-0.008872672,0.252361804,0.179319993,0.422580063,0.000000000,1.011397362,0.000000000,0.000000000,0.000000000,0.046125650,-0.254814625,0.000000000,1.088266611,0.000000000,0.000000000,0.000000000
0.001579785,0.030052844,0.796762586,0.037507359,-0.060409680,-0.064922787,0.995353639,-0.079181001,0.014496883,0.125523165,0.094662741,0.031954072,0.073876262,-0.047819328,-0.093460947,-0.165189251,0.125943601,0.056134690,0.095637187,0.053677741,-0.009022637,0.247724146,0.176454052,0.422984332,0.000000000,1.024350405,0.000000000,0.000000000,0.000000000,0.052610870,-0.258316666,0.000000000,1.097597361,0.000000000,0.000000000,0.000000000
0.001571882,0.027616527,0.796401024,0.040050976,-0.061084732,-0.063947216,0.995276511,-0.072706975,0.013793273,0.121983908,0.089917853,0.033794623,0.071596980,-0.043512378,-0.094303563,-0.149749056,0.167471662,0.021760494,0.082730807,0.049783308,-0.009814478,0.235002041,0.164712265,0.420549333,0.000000000,1.058664560,0.000000000,0.000000000,0.000000000,0.070853896,-0.265386939,0.000000000,1.118390083,0.000000000,0.000000000,0.000000000
0.001901042,0.026032481,0.796168387,0.042087086,-0.061617713,-0.063056946,0.995216429,-0.067911915,0.012590581,0.120379783,0.087338723,0.034261514,0.069399670,-0.040553235,-0.095218360,-0.139278859,0.194976881,0.006383960,0.077253483,0.047175262,-0.011045268,0.227610126,0.157883301,0.416840822,0.000000000,1.078006387,0.000000000,0.000000000,0.000000000,0.081117958,-0.269575417,0.000000000,1.127137423,0.000000000,0.000000000,0.000000000
0.002347362,0.024052169,0.795912921,0.043921825,-0.061718576,-0.062458262,0.995168686,-0.064214624,0.011454989,0.119519472,0.084252857,0.034883376,0.066855498,-0.038212810,-0.093767636,-0.130849361,0.226293907,-0.008335174,0.073236249,0.045451917,-0.012701321,0.217891544,0.149112016,0.411702126,0.000000000,1.098719478,0.000000000,0.000000000,0.000000000,0.089555293,-0.274502575,0.000000000,1.132193089,0.000000000,0.000000000,0.000000000
0.002652037,0.022116801,0.795665801,0.044880584,-0.060658373,-0.062173203,0.995208919,-0.064337201,0.010289064,0.119593203,0.081514858,0.035896983,0.064910479,-0.037536114,-0.090620428,-0.121482506,0.253242850,-0.020364493,0.071190529,0.044808332,-0.014389113,0.206306890,0.137892440,0.404879570,0.000000000,1.119150162,0.000000000,0.000000000,0.000000000,0.091732956,-0.275946409,0.000000000,1.135992646,0.000000000,0.000000000,0.000000000
0.002927887,0.021184644,0.795554876,0.045617301,-0.060224481,-0.061975606,0.995214105,-0.063688554,0.009409364,0.119043589,0.080014892,0.036407471,0.063862406,-0.035608660,-0.089080580,-0.117240354,0.263651907,-0.025342124,0.070065968,0.044481590,-0.015396789,0.200860709,0.133219659,0.400573730,0.000000000,1.129990697,0.000000000,0.000000000,0.000000000,0.092337638,-0.276884705,0.000000000,1.136237025,0.000000000,0.000000000,0.000000000
0.003539407,0.019606292,0.795372367,0.047470734,-0.060188074,-0.061873138,0.995135963,-0.060408644,0.008118845,0.117614836,0.077347845,0.037445750,0.062041994,-0.029252969,-0.086685084,-0.109511778,0.275621772,-0.031483952,0.068892665,0.044066161,-0.017404528,0.193090022,0.127765611,0.392348737,0.000000000,1.149476528,0.000000000,0.000000000,0.000000000,0.093401857,-0.278795570,0.000000000,1.134117723,0.000000000,0.000000000,0.000000000
0.004082894,0.016677048,0.794917643,0.050755560,-0.060131699,-0.062398210,0.994944453,-0.055506539,0.006018161,0.113464490,0.073322371,0.039330970,0.058392268,-0.016013442,-0.080388904,-0.097600020,0.281169862,-0.040960550,0.066957586,0.044443734,-0.021174472,0.180695608,0.122967370,0.377286762,0.000000000,1.178510785,0.000000000,0.000000000,0.000000000,0.090293959,-0.281709909,0.000000000,1.126970291,0.000000000,0.000000000,0.000000000
0.004102886,0.015398142,0.794692516,0.051732194,-0.059713285,-0.062952377,0.994884491,-0.054836672,0.005350216,0.112440869,0.071796939,0.039886590,0.056606986,-0.011756201,-0.077605806,-0.094239548,0.279559106,-0.044137780,0.066205800,0.045028605,-0.022636952,0.175412849,0.121114455,0.371038288,0.000000000,1.187288642,0.000000000,0.000000000,0.000000000,0.086249113,-0.282666296,0.000000000,1.123393059,0.000000000,0.000000000,0.000000000
0.003953493,0.012544098,0.794232786,0.053243112,-0.058186635,-0.064547919,0.994792998,-0.055513084,0.004123482,0.112203047,0.068529390,0.041101314,0.052712295,-0.004618393,-0.070604138,-0.088218704,0.270357102,-0.047617730,0.065525398,0.046833929,-0.025661852,0.164350778,0.116513483,0.361208647,0.000000000,1.199626446,0.000000000,0.000000000,0.000000000,0.073315382,-0.284532160,0.000000000,1.115062833,0.000000000,0.000000000,0.000000000
0.003905761,0.012043771,0.794144750,0.053424090,-0.057761900,-0.064821877,0.994790196,-0.055994995,0.003822449,0.112250440,0.067866668,0.041362189,0.052093863,-0.003802008,-0.069645017,-0.087175138,0.268094182,-0.047750499,0.065525346,0.047108855,-0.026172031,0.162312940,0.114896618,0.359821707,0.000000000,1.201474547,0.000000000,0.000000000,0.000000000,0.070369542,-0.284817189,0.000000000,1.113735676,0.000000000,0.000000000,0.000000000
0.003866398,0.011543870,0.794055402,0.053615164,-0.057365246,-0.065090559,0.994785309,-0.056441374,0.003561035,0.112298451,0.067209229,0.041652445,0.051486526,-0.002693434,-0.068741202,-0.085969657,0.265381187,-0.047808699,0.065211020,0.047380827,-0.026674479,0.160334453,0.113622263,0.358322978,0.000000000,1.203147650,0.000000000,0.000000000,0.000000000,0.067485414,-0.285045415,0.000000000,1.112415314,0.000000000,0.000000000,0.000000000
0.003838503,0.011041489,0.793966949,0.053807452,-0.057019643,-0.065370992,0.994776428,-0.056796484,0.003284756,0.112389714,0.066530667,0.041958235,0.050893866,-0.001265052,-0.067526810,-0.084659956,0.262084961,-0.047878969,0.064261280,0.047709368,-0.027131252,0.158424824,0.112409577,0.357346207,0.000000000,1.204648376,0.000000000,0.000000000,0.000000000,0.064705916,-0.285095751,0.000000000,1.111166120,0.000000000,0.000000000,0.000000000
0.003815103,0.010532600,0.793877661,0.054018676,-0.056639954,-0.065653518,0.994768083,-0.057219841,0.002934530,0.112560682,0.065858170,0.042271797,0.050318547,0.000017703,-0.066488273,-0.083459504,0.258577377,-0.048133053,0.062874407,0.048017144,-0.027648728,0.156482011,0.110959835,0.357688516,0.000000000,1.205427766,0.000000000,0.000000000,0.000000000,0.061936986,-0.285260111,0.000000000,1.109936237,0.000000000,0.000000000,0.000000000
0.003856325,0.005233950,0.793005228,0.056914803,-0.054986414,-0.069056295,0.994468927,-0.055799726,-0.000031857,0.116809145,0.058303967,0.045357611,0.043645676,0.023779906,-0.056563839,-0.077862047,0.203898355,-0.046295334,0.062705144,0.052607194,-0.031804357,0.141493872,0.104504734,0.349712133,0.000000000,1.216210365,0.000000000,0.000000000,0.000000000,0.038685534,-0.282615513,0.000000000,1.098822832,0.000000000,0.000000000,0.000000000
0.002647233,-0.003539446,0.791807592,0.060049728,-0.054001391,-0.073795818,0.993997991,-0.057445444,-0.000254962,0.122426443,0.054224215,0.049179927,0.031366594,0.049590804,-0.043124840,-0.073166765,0.151072666,-0.062260579,0.047737621,0.057998974,-0.033442423,0.126934886,0.104097374,0.345673174,0.000000000,1.213633060,0.000000000,0.000000000,0.000000000,0.008312953,-0.273312598,0.000000000,1.086856723,0.000000000,0.000000000,0.000000000
0.002308464,-0.008796874,0.791092038,0.060425770,-0.053272691,-0.076078273,0.993842483,-0.061761811,0.001330089,0.126124218,0.053526837,0.052420665,0.025934301,0.057659708,-0.037026778,-0.063836999,0.129732534,-0.064880498,0.042178161,0.060476273,-0.032766093,0.120220602,0.102495156,0.346169293,0.000000000,1.211109996,0.000000000,0.000000000,0.000000000,-0.009024169,-0.267686039,0.000000000,1.081538916,0.000000000,0.000000000,0.000000000
0.002266622,-0.009725312,0.790970802,0.060434934,-0.053170260,-0.076423846,0.993820906,-0.062529087,0.001700591,0.126893565,0.053399030,0.053044129,0.025017958,0.058643948,-0.036064669,-0.062061105,0.126528800,-0.064945899,0.040842898,0.060822085,-0.032514904,0.119106188,0.102054909,0.346301675,0.000000000,1.210939169,0.000000000,0.000000000,0.000000000,-0.011781003,-0.266631156,0.000000000,1.080754161,0.000000000,0.000000000,0.000000000
0.002244151,-0.016229954,0.790269077,0.060745995,-0.053894285,-0.078083307,0.993633926,-0.064332150,0.005726018,0.134972543,0.052222986,0.057744432,0.018438796,0.069199629,-0.028101360,-0.049218271,0.103957869,-0.063145943,0.032936115,0.062312778,-0.029179944,0.113396555,0.101842292,0.348035276,0.000000000,1.211457849,0.000000000,0.000000000,0.000000000,-0.025076073,-0.257520676,0.000000000,1.075301766,0.000000000,0.000000000,0.000000000
0.002321482,-0.021541506,0.789792001,0.060404114,-0.054995809,-0.078959271,0.993525147,-0.065530561,0.011050414,0.143756166,0.050614636,0.062676229,0.013533921,0.076405354,-0.021159111,-0.037786584,0.088186495,-0.059484862,0.027698157,0.062925465,-0.024606390,0.108902209,0.101160958,0.351642668,0.000000000,1.212226033,0.000000000,0.000000000,0.000000000,-0.034723461,-0.248777613,0.000000000,1.070274830,0.000000000,0.000000000,0.000000000
0.002092278,-0.025783092,0.789460182,0.059906069,-0.055928476,-0.079673141,0.993446231,-0.066900089,0.016262297,0.150857002,0.049075998,0.067179024,0.010234788,0.080415115,-0.015248769,-0.026817845,0.077417880,-0.055998649,0.022768702,0.063497178,-0.020584084,0.105501391,0.099772282,0.356072634,0.000000000,1.211921215,0.000000000,0.000000000,0.000000000,-0.042176601,-0.241381645,0.000000000,1.066805959,0.000000000,0.000000000,0.000000000
0.001885855,-0.027448887,0.789373100,0.059676591,-0.056163192,-0.079936415,0.993425667,-0.067905225,0.018276980,0.153515622,0.048681159,0.068899594,0.008965104,0.081176214,-0.013193655,-0.022584988,0.073778853,-0.054699019,0.020929450,0.063612379,-0.019025279,0.104098283,0.098867558,0.355735600,0.000000000,1.212577343,0.000000000,0.000000000,0.000000000,-0.045190986,-0.238726079,0.000000000,1.065732956,0.000000000,0.000000000,0.000000000
0.001018167,-0.032935750,0.789272368,0.059631217,-0.057579365,-0.080889851,0.993270159,-0.070383385,0.024508800,0.160485804,0.049031001,0.074117504,0.004533927,0.086196668,-0.006664454,-0.011758614,0.061323419,-0.050316818,0.015593007,0.063994355,-0.014133557,0.101463385,0.098844372,0.359611392,0.000000000,1.209483266,0.000000000,0.000000000,0.000000000,-0.050963264,-0.230154023,0.000000000,1.063749194,0.000000000,0.000000000,0.000000000
0.000517762,-0.035200939,0.789297163,0.059862543,-0.058195822,-0.080995806,0.993211687,-0.071714252,0.027219037,0.160806209,0.049723838,0.076804094,0.002704919,0.088755660,-0.004125409,-0.008101959,0.056065075,-0.048330136,0.013620365,0.063706234,-0.012274604,0.100985937,0.099069186,0.360825062,0.000000000,1.207366943,0.000000000,0.000000000,0.000000000,-0.051283248,-0.227203459,0.000000000,1.063633561,0.000000000,0.000000000,0.000000000
-0.000663435,-0.038906593,0.789384484,0.060407221,-0.058647811,-0.080764495,0.993170917,-0.075194031,0.031489205,0.159567326,0.050758891,0.081825390,-0.001012212,0.091603272,-0.001268805,-0.003620668,0.048104212,-0.044835847,0.010337526,0.062607981,-0.009908523,0.099783957,0.097402699,0.360995650,0.000000000,1.204048753,0.000000000,0.000000000,0.000000000,-0.051083460,-0.224982500,0.000000000,1.062745333,0.000000000,0.000000000,0.000000000
-0.002258873,-0.043187987,0.789616525,0.061573800,-0.059184704,-0.080018684,0.993127823,-0.078749694,0.036069848,0.158084154,0.052506041,0.087397650,-0.006281154,0.095719717,0.001595096,-0.000565653,0.038622983,-0.040319744,0.006123016,0.060680423,-0.008075021,0.098844863,0.095751852,0.358283103,0.000000000,1.201252580,0.000000000,0.000000000,0.000000000,-0.048963200,-0.224339709,0.000000000,1.060778737,0.000000000,0.000000000,0.000000000
-0.003590083,-0.046736848,0.789801955,0.062308542,-0.059379119,-0.079522945,0.993110180,-0.081704803,0.039589848,0.158067107,0.053478777,0.091941461,-0.009909092,0.097988643,0.004167177,0.001594572,0.031084944,-0.036723219,0.003011190,0.059822973,-0.006797767,0.097614884,0.092286736,0.354576766,0.000000000,1.201407433,0.000000000,0.000000000,0.000000000,-0.048989002,-0.223115861,0.000000000,1.059406400,0.000000000,0.000000000,0.000000000
-0.005002188,-0.050578315,0.790059805,0.062912606,-0.059278633,-0.079447433,0.993084133,-0.086363934,0.043546312,0.157503441,0.056598533,0.095543608,-0.011471014,0.099460386,0.006613028,0.005312792,0.022361010,-0.032549590,0.000231300,0.058995545,-0.005367007,0.095347211,0.087205715,0.350210518,0.000000000,1.202502966,0.000000000,0.000000000,0.000000000,-0.051157001,-0.221082687,0.000000000,1.058510661,0.000000000,0.000000000,0.000000000
-0.005797350,-0.053353921,0.790512919,0.063451171,-0.059295475,-0.079849362,0.993016660,-0.091010995,0.047481690,0.156314656,0.065284304,0.094318226,-0.011340065,0.100903615,0.008391666,0.008649175,0.015484729,-0.029351667,-0.001454637,0.059099730,-0.004584773,0.093440726,0.084072322,0.345611274,0.000000000,1.203960299,0.000000000,0.000000000,0.000000000,-0.053073972,-0.219587326,0.000000000,1.057605743,0.000000000,0.000000000,0.000000000
-0.006156730,-0.054822747,0.790876985,0.063896760,-0.059660092,-0.080375500,0.992923796,-0.093543231,0.050663132,0.155854464,0.074486472,0.092041627,-0.010677449,0.102538764,0.009170689,0.010718858,0.011707798,-0.027480721,-0.002220988,0.059644718,-0.004229582,0.092974208,0.083859168,0.342642635,0.000000000,1.204797387,0.000000000,0.000000000,0.000000000,-0.053280033,-0.218766928,0.000000000,1.056440353,0.000000000,0.000000000,0.000000000
-0.006532538,-0.056147024,0.791231215,0.064273037,-0.059964959,-0.081170805,0.992816448,-0.096652269,0.053933244,0.155390725,0.086540252,0.087033227,-0.009863667,0.103886083,0.009759405,0.012901518,0.008241893,-0.025645856,-0.002879848,0.060535945,-0.003970899,0.092420451,0.083624199,0.339838713,0.000000000,1.205448985,0.000000000,0.000000000,0.000000000,-0.053966377,-0.217976466,0.000000000,1.055043101,0.000000000,0.000000000,0.000000000
-0.007782698,-0.059024349,0.791984797,0.065498561,-0.059564281,-0.083669692,0.992552996,-0.107020535,0.060952071,0.143402249,0.124913663,0.064744130,-0.010949853,0.104194991,0.009761008,0.017553048,0.000975178,-0.020886773,-0.005652082,0.062971607,-0.004755152,0.089509442,0.079364739,0.331728667,0.000000000,1.206237912,0.000000000,0.000000000,0.000000000,-0.058113217,-0.218612805,0.000000000,1.051319957,0.000000000,0.000000000,0.000000000
-0.008588707,-0.060699638,0.792477727,0.067133173,-0.059468798,-0.085920274,0.992257178,-0.109492525,0.063003078,0.125504225,0.153190896,0.042092916,-0.015379656,0.105430804,0.008408155,0.020156907,-0.003473875,-0.017803194,-0.007910353,0.065072179,-0.006440508,0.088272668,0.078034706,0.325964779,0.000000000,1.204892039,0.000000000,0.000000000,0.000000000,-0.059328776,-0.220786765,0.000000000,1.048242807,0.000000000,0.000000000,0.000000000
-0.008875251,-0.061490305,0.792691708,0.068105459,-0.059742477,-0.087406181,0.992044687,-0.108747214,0.063528866,0.114460140,0.167029887,0.030308684,-0.017496543,0.106822699,0.007593669,0.022116419,-0.005466715,-0.016397420,-0.008939775,0.066479109,-0.007397969,0.088151395,0.078591391,0.323168695,0.000000000,1.204063535,0.000000000,0.000000000,0.000000000,-0.059361443,-0.221611723,0.000000000,1.046960711,0.000000000,0.000000000,0.000000000
-0.009106159,-0.062265825,0.792876899,0.069043301,-0.060237464,-0.089134000,0.991796136,-0.107447535,0.063411884,0.103550032,0.181138828,0.018963244,-0.019614805,0.108653590,0.006693053,0.024497934,-0.007379600,-0.014931727,-0.009928823,0.068200737,-0.008192307,0.088204801,0.079742692,0.320799351,0.000000000,1.203239799,0.000000000,0.000000000,0.000000000,-0.059311509,-0.221570894,0.000000000,1.046057463,0.000000000,0.000000000,0.000000000
-0.009392083,-0.063261963,0.793080032,0.070105843,-0.060964745,-0.091542989,0.991457701,-0.106542654,0.062305547,0.090522565,0.201035306,0.005316166,-0.022621790,0.111050949,0.005465291,0.028308496,-0.009731292,-0.013182361,-0.010999398,0.070535660,-0.008978128,0.088166378,0.082439497,0.318963408,0.000000000,1.201040864,0.000000000,0.000000000,0.000000000,-0.059426360,-0.221031308,0.000000000,1.045080185,0.000000000,0.000000000,0.000000000
-0.009909535,-0.064546041,0.793256223,0.070965491,-0.061053548,-0.094816819,0.991083324,-0.108348832,0.059811898,0.071290500,0.231257588,-0.012077505,-0.026300306,0.111919314,0.003694831,0.033946924,-0.013112724,-0.010681448,-0.011788810,0.073551714,-0.009809718,0.086313553,0.082054928,0.316703856,0.000000000,1.199249744,0.000000000,0.000000000,0.000000000,-0.062652893,-0.221548066,0.000000000,1.043717384,0.000000000,0.000000000,0.000000000
-0.010005618,-0.064727344,0.793269157,0.070995651,-0.060912251,-0.095214270,0.991051733,-0.109084278,0.059085041,0.067854822,0.236165568,-0.014801726,-0.026905203,0.111626551,0.003479442,0.034666728,-0.013627438,-0.010288565,-0.011855389,0.073740631,-0.009838613,0.085738577,0.081302613,0.316437006,0.000000000,1.199130535,0.000000000,0.000000000,0.000000000,-0.063501514,-0.221850350,0.000000000,1.043498158,0.000000000,0.000000000,0.000000000
-0.010102165,-0.064893238,0.793281555,0.071061395,-0.060758147,-0.095595434,0.991019785,-0.109823212,0.058216948,0.064301834,0.241050497,-0.017509459,-0.027514853,0.111353524,0.003154951,0.035304248,-0.014132980,-0.009899239,-0.011911021,0.073882766,-0.009907487,0.085188925,0.080539130,0.316034496,0.000000000,1.199072242,0.000000000,0.000000000,0.000000000,-0.064239830,-0.222318351,0.000000000,1.043270230,0.000000000,0.000000000,0.000000000
-0.010195768,-0.065040037,0.793297172,0.071145967,-0.060620978,-0.095938578,0.990988970,-0.110408299,0.057402831,0.060718674,0.245820373,-0.020158587,-0.028060682,0.111130744,0.002817042,0.035847567,-0.014627986,-0.009500900,-0.011961352,0.073958904,-0.009977592,0.084691204,0.079833023,0.315582573,0.000000000,1.199066520,0.000000000,0.000000000,0.000000000,-0.064795211,-0.222824723,0.000000000,1.043069959,0.000000000,0.000000000,0.000000000
-0.010566306,-0.065535441,0.793360174,0.071422316,-0.059980012,-0.097066969,0.990898192,-0.111877382,0.054642323,0.046174608,0.263366401,-0.030221015,-0.030207625,0.110021859,0.001471291,0.037648208,-0.016557153,-0.007988062,-0.012262205,0.073773265,-0.010055932,0.082632072,0.076645449,0.313628733,0.000000000,1.199420452,0.000000000,0.000000000,0.000000000,-0.066756420,-0.225242734,0.000000000,1.042142868,0.000000000,0.000000000,0.000000000
-0.012249613,-0.066782057,0.793768108,0.072682180,-0.059570450,-0.102713019,0.990261912,-0.097099856,0.035617728,0.002171682,0.305344641,-0.065401763,-0.035552867,0.110571250,-0.003389111,0.042592317,-0.024762306,-0.002248543,-0.012254726,0.072636805,-0.008638144,0.078231514,0.070563070,0.308454394,0.000000000,1.201637864,0.000000000,0.000000000,0.000000000,-0.070295282,-0.231469080,0.000000000,1.041466951,0.000000000,0.000000000,0.000000000
-0.012628210,-0.066884227,0.793848515,0.072529778,-0.059147865,-0.103621684,0.990203798,-0.092738152,0.031562008,-0.000002999,0.304776341,-0.069757484,-0.035650406,0.109420031,-0.004034022,0.041581627,-0.025520826,-0.001580293,-0.012038678,0.072238550,-0.008408720,0.076849051,0.068036363,0.308419585,0.000000000,1.201519966,0.000000000,0.000000000,0.000000000,-0.072218381,-0.232311711,0.000000000,1.041674376,0.000000000,0.000000000,0.000000000
-0.013853264,-0.066905051,0.793999493,0.071485013,-0.056792606,-0.105186984,0.990252614,-0.079990573,0.020584296,-0.003906386,0.295027137,-0.079363048,-0.033205949,0.102885500,-0.006193400,0.037608683,-0.026897877,0.000166200,-0.011326364,0.069139764,-0.007820790,0.071076386,0.055781700,0.308197826,0.000000000,1.201686621,0.000000000,0.000000000,0.000000000,-0.080087222,-0.237302974,0.000000000,1.041184187,0.000000000,0.000000000,0.000000000
-0.014133918,-0.066847652,0.794013441,0.071247526,-0.056328826,-0.105307668,0.990283370,-0.077285402,0.018438308,-0.004970541,0.292180657,-0.080811210,-0.032357927,0.101515330,-0.006624244,0.036991581,-0.027128113,0.000542248,-0.011201327,0.068128407,-0.007665068,0.069877028,0.052853029,0.308245927,0.000000000,1.201987624,0.000000000,0.000000000,0.000000000,-0.081575446,-0.238332242,0.000000000,1.041197658,0.000000000,0.000000000,0.000000000
-0.015053058,-0.066556513,0.794014513,0.070426039,-0.055219416,-0.105366357,0.990398347,-0.068896480,0.013000018,-0.006688723,0.281573743,-0.083795168,-0.030317131,0.097949728,-0.007493794,0.036161467,-0.028102327,0.001791920,-0.010755885,0.064883716,-0.006954714,0.066648930,0.044007953,0.309203565,0.000000000,1.203229666,0.000000000,0.000000000,0.000000000,-0.085460909,-0.240986213,0.000000000,1.041114211,0.000000000,0.000000000,0.000000000
-0.015208805,-0.066481084,0.794016242,0.070261791,-0.055155426,-0.105548918,0.990394175,-0.067334644,0.012249053,-0.006279679,0.279595673,-0.084211402,-0.030128121,0.097614050,-0.007562581,0.036153343,-0.028406767,0.002038831,-0.010666939,0.064738214,-0.006816238,0.066267364,0.042872101,0.309460461,0.000000000,1.203509212,0.000000000,0.000000000,0.000000000,-0.086120494,-0.241003841,0.000000000,1.041057587,0.000000000,0.000000000,0.000000000
-0.016420687,-0.065751165,0.793948352,0.068535447,-0.054097336,-0.105075918,0.990623772,-0.057445094,0.008601009,-0.005774109,0.261541516,-0.081604928,-0.028418567,0.094063513,-0.006618521,0.033299088,-0.030782493,0.003595053,-0.009564116,0.060893416,-0.005175043,0.062384579,0.031474072,0.312186092,0.000000000,1.205779672,0.000000000,0.000000000,0.000000000,-0.090562604,-0.241880327,0.000000000,1.040433407,0.000000000,0.000000000,0.000000000
-0.018030072,-0.064130038,0.793652296,0.064832896,-0.051913716,-0.103586137,0.991146624,-0.043785371,0.006270704,0.001118100,0.222479135,-0.062954389,-0.014382358,0.087216496,-0.002288205,0.026019506,-0.034832150,0.005348054,-0.007269764,0.055946294,-0.002398215,0.055708934,0.011630074,0.317164183,0.000000000,1.208242774,0.000000000,0.000000000,0.000000000,-0.098731428,-0.241238564,0.000000000,1.039222598,0.000000000,0.000000000,0.000000000
-0.018328857,-0.063678488,0.793576777,0.064109683,-0.051384110,-0.102951601,0.991287351,-0.038958836,0.005526052,0.003569479,0.209931642,-0.058332559,-0.011862546,0.085684270,-0.001215981,0.024000958,-0.035598662,0.005665806,-0.006711348,0.054518141,-0.001988119,0.054400902,0.006951066,0.317801088,0.000000000,1.208761334,0.000000000,0.000000000,0.000000000,-0.100047804,-0.241391852,0.000000000,1.039113879,0.000000000,0.000000000,0.000000000
-0.019307351,-0.062237833,0.793393016,0.062670089,-0.049891319,-0.100902013,0.991666317,-0.026267428,-0.000975327,0.011465712,0.180506796,-0.053990588,-0.004926851,0.081035666,0.000682759,0.018770080,-0.036359653,0.006381789,-0.005118838,0.050084110,-0.001974721,0.051606245,-0.006072140,0.317296267,0.000000000,1.210468173,0.000000000,0.000000000,0.000000000,-0.102782980,-0.242966235,0.000000000,1.039788723,0.000000000,0.000000000,0.000000000
-0.019888651,-0.061509229,0.793308258,0.062276006,-0.049855381,-0.100158729,0.991768301,-0.021846367,-0.003452820,0.013699983,0.172361568,-0.055570610,-0.003520440,0.079842947,0.001064830,0.017880490,-0.035784326,0.006573018,-0.004253285,0.048506178,-0.002237311,0.051632993,-0.009767815,0.316642255,0.000000000,1.211213470,0.000000000,0.000000000,0.000000000,-0.102645569,-0.242728293,0.000000000,1.040099621,0.000000000,0.000000000,0.000000000
-0.021822548,-0.059934888,0.793297410,0.061521545,-0.050577879,-0.099198855,0.991875291,-0.012772562,-0.002381163,0.009941822,0.153654307,-0.052732214,-0.004292508,0.077872112,0.001556601,0.017565027,-0.032618221,0.006594187,-0.001944083,0.046249054,-0.003467177,0.053102903,-0.014186043,0.314133674,0.000000000,1.213725805,0.000000000,0.000000000,0.000000000,-0.102224134,-0.239762783,0.000000000,1.040399432,0.000000000,0.000000000,0.000000000
-0.023195911,-0.058792569,0.793390512,0.061159704,-0.051095188,-0.098873734,0.991903603,-0.010349778,0.000244503,0.002762283,0.147847086,-0.051113367,-0.002898146,0.076475665,0.001413274,0.016279517,-0.029924130,0.006408962,-0.000107967,0.045316450,-0.004561960,0.054370623,-0.015236446,0.311572343,0.000000000,1.215926528,0.000000000,0.000000000,0.000000000,-0.103032567,-0.237643436,0.000000000,1.039594650,0.000000000,0.000000000,0.000000000
-0.023575360,-0.058514550,0.793420553,0.061072093,-0.051216364,-0.098824896,0.991907597,-0.010167693,0.000817635,0.001344665,0.146876827,-0.050673597,-0.002542813,0.076098867,0.001438141,0.015749400,-0.029220257,0.006329673,0.000377300,0.045119233,-0.004883160,0.054685611,-0.015429548,0.310939997,0.000000000,1.216531396,0.000000000,0.000000000,0.000000000,-0.103551671,-0.237102240,0.000000000,1.039206147,0.000000000,0.000000000,0.000000000
-0.026294654,-0.056554675,0.793872118,0.060589500,-0.052064799,-0.098430619,0.991932273,-0.009251854,0.003021446,-0.009194778,0.142172679,-0.047795475,0.001772231,0.073173761,0.001766391,0.010251430,-0.023766553,0.005522768,0.003490189,0.043661542,-0.007549657,0.056901645,-0.016107388,0.304473966,0.000000000,1.222763062,0.000000000,0.000000000,0.000000000,-0.108609490,-0.232574478,0.000000000,1.036878943,0.000000000,0.000000000,0.000000000
-0.027434241,-0.055722959,0.794090867,0.060441967,-0.052473161,-0.098282948,0.991934359,-0.008801644,0.003330190,-0.011921407,0.140582263,-0.046678189,0.004062873,0.071814254,0.001725310,0.007981287,-0.021200914,0.005176174,0.004588678,0.043120492,-0.008834343,0.057964865,-0.015779182,0.301209033,0.000000000,1.225551963,0.000000000,0.000000000,0.000000000,-0.110928155,-0.230608717,0.000000000,1.035952568,0.000000000,0.000000000,0.000000000
-0.028943593,-0.054510672,0.794361472,0.060209792,-0.052690540,-0.097817250,0.991982996,-0.008454978,0.002303654,-0.012913873,0.137985647,-0.045243464,0.006717371,0.068930857,0.001126589,0.005374314,-0.017192211,0.004694431,0.005853502,0.042018995,-0.010523025,0.058831822,-0.016254246,0.296448857,0.000000000,1.229017854,0.000000000,0.000000000,0.000000000,-0.114314981,-0.228825718,0.000000000,1.034656167,0.000000000,0.000000000,0.000000000
-0.031237101,-0.051988114,0.794790924,0.059497815,-0.052238721,-0.096962877,0.992133737,-0.007624702,-0.000311964,-0.009053906,0.131581217,-0.043588724,0.009310193,0.060599979,-0.001608494,0.002482198,-0.008456721,0.004236861,0.008023727,0.039700624,-0.013023837,0.058568582,-0.019435642,0.287651867,0.000000000,1.234738469,0.000000000,0.000000000,0.000000000,-0.120999835,-0.228793949,0.000000000,1.031019926,0.000000000,0.000000000,0.000000000
-0.032993712,-0.049563751,0.795167565,0.058843285,-0.052165270,-0.096745379,0.992197871,-0.006376634,-0.001366604,-0.006915959,0.125443786,-0.041573621,0.011091628,0.053811572,-0.005028037,0.001278649,-0.000858220,0.004377216,0.010817762,0.038216364,-0.014476738,0.058362447,-0.019967254,0.280780107,0.000000000,1.237988472,0.000000000,0.000000000,0.000000000,-0.126041785,-0.229524642,0.000000000,1.026086688,0.000000000,0.000000000,0.000000000
-0.034713589,-0.047597427,0.795478880,0.058253367,-0.052548133,-0.096803837,0.992206752,-0.005490563,-0.000926948,-0.010360437,0.121213779,-0.039652850,0.013111940,0.049662836,-0.007283942,-0.000517212,0.004269529,0.004604171,0.013740245,0.037158955,-0.015113553,0.058624391,-0.018201659,0.276160002,0.000000000,1.239280105,0.000000000,0.000000000,0.000000000,-0.129354015,-0.229064912,0.000000000,1.022379875,0.000000000,0.000000000,0.000000000
-0.035080563,-0.047221463,0.795539856,0.058146052,-0.052702434,-0.096828692,0.992202461,-0.005281126,-0.000749256,-0.011289627,0.120571077,-0.039296165,0.013616363,0.049040519,-0.007635494,-0.000896988,0.005213409,0.004630321,0.014295988,0.036958627,-0.015185450,0.058794994,-0.017558126,0.275367826,0.000000000,1.239337802,0.000000000,0.000000000,0.000000000,-0.129750490,-0.228745744,0.000000000,1.021861315,0.000000000,0.000000000,0.000000000
-0.037048478,-0.045460362,0.795816302,0.057746302,-0.053664509,-0.096787974,0.992178202,-0.004156072,0.000096569,-0.016481582,0.117951289,-0.037304137,0.016262664,0.046344209,-0.008970864,-0.003619974,0.009992376,0.004726505,0.016682472,0.035632364,-0.015531832,0.060072847,-0.013532892,0.271304578,0.000000000,1.239262700,0.000000000,0.000000000,0.000000000,-0.130975991,-0.226921603,0.000000000,1.019692659,0.000000000,0.000000000,0.000000000
-0.037468217,-0.045139395,0.795865059,0.057698481,-0.053848669,-0.096729659,0.992176712,-0.003978289,0.000265679,-0.017577805,0.117524967,-0.036887597,0.016754260,0.045762885,-0.009230857,-0.004319977,0.010992769,0.004794029,0.017056048,0.035259832,-0.015642101,0.060355987,-0.012722993,0.270342112,0.000000000,1.239320278,0.000000000,0.000000000,0.000000000,-0.131163269,-0.226651490,0.000000000,1.019258380,0.000000000,0.000000000,0.000000000
-0.037894547,-0.044830769,0.795910239,0.057649277,-0.054004863,-0.096652977,0.992178559,-0.003840114,0.000416303,-0.018666489,0.117136925,-0.036508471,0.017240901,0.045114029,-0.009510425,-0.004979749,0.011992351,0.004890559,0.017395293,0.034845188,-0.015765857,0.060602732,-0.012026761,0.269321263,0.000000000,1.239479661,0.000000000,0.000000000,0.000000000,-0.131424248,-0.226413041,0.000000000,1.018847942,0.000000000,0.000000000,0.000000000
-0.038328700,-0.044535313,0.795950890,0.057587799,-0.054116100,-0.096560448,0.992185056,-0.003866259,0.000552133,-0.019726450,0.116837665,-0.036154751,0.017706970,0.044338658,-0.009817901,-0.005599485,0.013020825,0.004985952,0.017703824,0.034391440,-0.015904903,0.060787015,-0.011480266,0.268261641,0.000000000,1.239688516,0.000000000,0.000000000,0.000000000,-0.131823838,-0.226199850,0.000000000,1.018432617,0.000000000,0.000000000,0.000000000
-0.038761772,-0.044250205,0.795986831,0.057510063,-0.054194182,-0.096461691,0.992194891,-0.003884498,0.000674272,-0.020760294,0.116476372,-0.035815846,0.018170943,0.043512013,-0.010130097,-0.006215333,0.014034599,0.005072257,0.017983587,0.033914793,-0.016057540,0.060920436,-0.011020590,0.267212301,0.000000000,1.239876628,0.000000000,0.000000000,0.000000000,-0.132388100,-0.225933194,0.000000000,1.017997265,0.000000000,0.000000000,0.000000000
-0.047494061,-0.038493648,0.796767414,0.054694146,-0.057686202,-0.099857159,0.991821229,0.002516820,0.003966621,-0.031790879,0.100326791,-0.025815105,0.027816249,0.016300056,-0.018774504,-0.005957576,0.056397688,0.000111784,0.029205913,0.031311952,-0.020304441,0.067615300,0.011864570,0.249605492,0.000000000,1.224676847,0.000000000,0.000000000,0.000000000,-0.146460846,-0.211432099,0.000000000,1.000060320,0.000000000,0.000000000,0.000000000
-0.049886208,-0.037215129,0.796957016,0.054153897,-0.058067255,-0.100237273,0.991790295,0.004530604,0.004216385,-0.034396194,0.094290130,-0.022946313,0.028886104,0.004183411,-0.022441966,-0.009686061,0.077582508,-0.011803843,0.032242667,0.029531110,-0.021429881,0.068258949,0.012690472,0.243087217,0.000000000,1.223889470,0.000000000,0.000000000,0.000000000,-0.150553584,-0.208575055,0.000000000,0.995485127,0.000000000,0.000000000,0.000000000
-0.050811548,-0.036718812,0.797030568,0.053741865,-0.058153175,-0.100289978,0.991802394,0.005442643,0.004422911,-0.035170525,0.090956874,-0.021453567,0.029253421,-0.001060831,-0.023330135,-0.012326084,0.086852431,-0.016858546,0.032276809,0.028303910,-0.021626400,0.068188854,0.011625986,0.240238085,0.000000000,1.223004222,0.000000000,0.000000000,0.000000000,-0.152833685,-0.206849530,0.000000000,0.993167520,0.000000000,0.000000000,0.000000000
-0.051662732,-0.036122616,0.797140241,0.052993748,-0.058574282,-0.100496180,0.991796970,0.007725659,0.005065824,-0.035072219,0.085107379,-0.019007970,0.029585671,-0.007208641,-0.023426166,-0.015305936,0.099909239,-0.023169234,0.033946905,0.026398713,-0.021468407,0.068272874,0.012241604,0.236674458,0.000000000,1.220137715,0.000000000,0.000000000,0.000000000,-0.156188607,-0.203845635,0.000000000,0.988493681,0.000000000,0.000000000,0.000000000
-0.051721774,-0.035518128,0.797189832,0.052708242,-0.059553284,-0.100352176,0.991768479,0.012879119,0.004747609,-0.034672927,0.077312253,-0.016214754,0.029581541,-0.012827410,-0.024403693,-0.017277494,0.117890514,-0.028862566,0.033291444,0.023537414,-0.021274116,0.069299355,0.015575536,0.231981307,0.000000000,1.216112375,0.000000000,0.000000000,0.000000000,-0.157213643,-0.201642826,0.000000000,0.982876122,0.000000000,0.000000000,0.000000000
-0.051096074,-0.034910463,0.797056139,0.053092070,-0.060684450,-0.099783219,0.991736829,0.019042352,0.003893552,-0.035517033,0.069847345,-0.013765476,0.029173853,-0.018109271,-0.025919205,-0.016524792,0.138158053,-0.033113547,0.030922772,0.020433543,-0.021265155,0.070552081,0.019041900,0.227020800,0.000000000,1.211006761,0.000000000,0.000000000,0.000000000,-0.155376062,-0.201084614,0.000000000,0.978686333,0.000000000,0.000000000,0.000000000
-0.050965589,-0.034826428,0.797013521,0.053174082,-0.060787465,-0.099660635,0.991738439,0.019867280,0.003784690,-0.035695810,0.068694897,-0.013405314,0.029064424,-0.019021766,-0.026159795,-0.015558320,0.141183317,-0.033638824,0.030490506,0.019923376,-0.021289838,0.070609905,0.019214544,0.226311848,0.000000000,1.210008383,0.000000000,0.000000000,0.000000000,-0.155196786,-0.201077074,0.000000000,0.978150308,0.000000000,0.000000000,0.000000000
-0.050361820,-0.034543876,0.796822131,0.053514972,-0.060852751,-0.099012345,0.991781056,0.022246877,0.003006889,-0.037123375,0.064440444,-0.012039375,0.028610067,-0.021319095,-0.026866471,-0.013557861,0.149934500,-0.034987830,0.029334277,0.017807076,-0.021519046,0.070249982,0.018137036,0.223977074,0.000000000,1.206228018,0.000000000,0.000000000,0.000000000,-0.155207470,-0.201667637,0.000000000,0.976090670,0.000000000,0.000000000,0.000000000
-0.049235016,-0.034187846,0.796555579,0.053668074,-0.059832420,-0.097903594,0.991944909,0.022689346,0.001453053,-0.039113563,0.059189398,-0.010349914,0.028037636,-0.020986952,-0.026710920,-0.012781165,0.150437132,-0.031849723,0.025947673,0.014981566,-0.021859067,0.067568354,0.011065440,0.222975120,0.000000000,1.201276660,0.000000000,0.000000000,0.000000000,-0.158640817,-0.204161555,0.000000000,0.971982479,0.000000000,0.000000000,0.000000000
-0.048194300,-0.033883810,0.796420157,0.053806666,-0.058585051,-0.097532883,0.992048383,0.022663990,-0.000609351,-0.039111461,0.055000596,-0.009314896,0.027653273,-0.017066427,-0.023790799,-0.013854160,0.139660612,-0.025972767,0.017048126,0.013896481,-0.022459917,0.064491130,0.003178271,0.223398536,0.000000000,1.198011875,0.000000000,0.000000000,0.000000000,-0.164002359,-0.206677034,0.000000000,0.966978550,0.000000000,0.000000000,0.000000000
-0.051641114,-0.031643923,0.797009706,0.054624043,-0.057430223,-0.097680405,0.992056727,0.023473943,-0.004019141,-0.039581232,0.050811365,-0.008180847,0.027767634,-0.010443627,-0.020480631,-0.015408009,0.123412766,-0.019898808,0.013842469,0.013917162,-0.024031473,0.061839435,-0.003986573,0.223203987,0.000000000,1.195136905,0.000000000,0.000000000,0.000000000,-0.169275790,-0.208732143,0.000000000,0.962512314,0.000000000,0.000000000,0.000000000
-0.051053770,-0.031681947,0.796659946,0.056249335,-0.056563810,-0.098518282,0.991932809,0.025835173,-0.008286727,-0.046764158,0.045997381,-0.006773774,0.027684100,-0.003458181,-0.019401262,-0.013616931,0.109815255,-0.021437421,0.012411749,0.015300342,-0.026657611,0.060018264,-0.010026719,0.222358376,0.000000000,1.192076206,0.000000000,0.000000000,0.000000000,-0.174140528,-0.210185558,0.000000000,0.957768083,0.000000000,0.000000000,0.000000000
-0.051355112,-0.031717688,0.796688735,0.057474781,-0.056226682,-0.099666506,0.991766989,0.028462516,-0.011140401,-0.047982898,0.041124906,-0.004786071,0.027827552,0.000925709,-0.026819529,-0.003254912,0.101469055,-0.021630932,0.014430602,0.017458742,-0.028533386,0.058714621,-0.015262154,0.222039476,0.000000000,1.194174409,0.000000000,0.000000000,0.000000000,-0.180744186,-0.209070578,0.000000000,0.952409625,0.000000000,0.000000000,0.000000000
-0.051987320,-0.031618547,0.796807706,0.057661939,-0.055943180,-0.100523755,0.991685629,0.028211737,-0.012603437,-0.051703095,0.039227467,-0.003324596,0.027901139,0.002909179,-0.028029270,0.004288842,0.095648073,-0.020409808,0.016706007,0.018976444,-0.028818494,0.056797903,-0.021921804,0.222045332,0.000000000,1.198330760,0.000000000,0.000000000,0.000000000,-0.189275354,-0.206720412,0.000000000,0.947593331,0.000000000,0.000000000,0.000000000
-0.052526005,-0.031733282,0.796864212,0.057199452,-0.054642070,-0.100567095,0.991780579,0.024839226,-0.013618567,-0.051398728,0.037999038,-0.002289637,0.027426602,0.003969571,-0.029547026,0.001209817,0.088906273,-0.018395998,0.018111371,0.018752452,-0.027986648,0.052638412,-0.034341749,0.221864522,0.000000000,1.202674747,0.000000000,0.000000000,0.000000000,-0.200636670,-0.207044616,0.000000000,0.942009211,0.000000000,0.000000000,0.000000000
-0.052567147,-0.031810693,0.796855927,0.057060000,-0.054314904,-0.100536168,0.991809726,0.024106478,-0.013694544,-0.050408322,0.037817165,-0.002309269,0.027148573,0.003676925,-0.029419208,0.001282487,0.087824620,-0.018037684,0.018164748,0.018609835,-0.027774038,0.051783234,-0.036763120,0.221858218,0.000000000,1.203271270,0.000000000,0.000000000,0.000000000,-0.202408597,-0.207411334,0.000000000,0.941563129,0.000000000,0.000000000,0.000000000
-0.052249767,-0.032572359,0.796773195,0.056258690,-0.052478887,-0.100020908,0.992006421,0.020974701,-0.014204815,-0.044057757,0.036061488,-0.002775716,0.025223704,0.003420754,-0.025831336,-0.001669832,0.079701670,-0.016476996,0.018073915,0.017198708,-0.026092235,0.047044750,-0.049908273,0.221315011,0.000000000,1.207166672,0.000000000,0.000000000,0.000000000,-0.210059121,-0.211312965,0.000000000,0.940280139,0.000000000,0.000000000,0.000000000
-0.051601283,-0.033423197,0.796720147,0.055945840,-0.051892966,-0.099610977,0.992096186,0.020446075,-0.014227460,-0.041796185,0.034438219,-0.002721443,0.024104280,0.005733020,-0.020363573,-0.004632340,0.072639957,-0.015682444,0.017662084,0.016198527,-0.024888128,0.045068301,-0.055665549,0.220811427,0.000000000,1.208817244,0.000000000,0.000000000,0.000000000,-0.212244838,-0.214467213,0.000000000,0.939171851,0.000000000,0.000000000,0.000000000
-0.050528027,-0.035480700,0.796565890,0.055365823,-0.051142987,-0.099013329,0.992227495,0.020067338,-0.013598469,-0.040683072,0.030717697,-0.001816044,0.022492779,0.011206411,-0.010392155,-0.009202535,0.058362868,-0.013717665,0.016506294,0.014965730,-0.023029203,0.041947007,-0.065499090,0.222340882,0.000000000,1.206218004,0.000000000,0.000000000,0.000000000,-0.216612592,-0.217561066,0.000000000,0.937387764,0.000000000,0.000000000,0.000000000
-0.050445192,-0.035690904,0.796546578,0.055307750,-0.051044866,-0.098940887,0.992242992,0.019983195,-0.013555280,-0.040662196,0.030267062,-0.001656512,0.022334905,0.011803796,-0.009839891,-0.008877516,0.056711126,-0.013394295,0.016340785,0.014882413,-0.022887712,0.041556977,-0.066763319,0.222691789,0.000000000,1.205510378,0.000000000,0.000000000,0.000000000,-0.217184111,-0.217664942,0.000000000,0.937365711,0.000000000,0.000000000,0.000000000
-0.050251789,-0.036506269,0.796467006,0.055099897,-0.050483305,-0.098631591,0.992314100,0.019363320,-0.013525845,-0.040761597,0.027983727,-0.000843306,0.021509862,0.014505795,-0.008100074,-0.006764023,0.048898540,-0.011820884,0.015682751,0.014710312,-0.022489846,0.039511893,-0.073443957,0.224593878,0.000000000,1.202123642,0.000000000,0.000000000,0.000000000,-0.219895571,-0.218017921,0.000000000,0.937754810,0.000000000,0.000000000,0.000000000
-0.050275423,-0.037241030,0.796395540,0.054675903,-0.049385875,-0.098608531,0.992395043,0.017713847,-0.013523807,-0.039926358,0.025260512,-0.000323251,0.020068409,0.016408883,-0.007512572,-0.003807331,0.040160682,-0.010043603,0.015565971,0.015297896,-0.022415435,0.036259718,-0.083700426,0.226489231,0.000000000,1.199665070,0.000000000,0.000000000,0.000000000,-0.224871919,-0.218119249,0.000000000,0.937635660,0.000000000,0.000000000,0.000000000
-0.050278675,-0.037340194,0.796386778,0.054619949,-0.049209543,-0.098631650,0.992404580,0.017463747,-0.013571275,-0.039816298,0.024806114,-0.000260693,0.019840935,0.016754450,-0.007498870,-0.003482641,0.038710635,-0.009708568,0.015578608,0.015448986,-0.022443675,0.035722032,-0.085358962,0.226624653,0.000000000,1.199449062,0.000000000,0.000000000,0.000000000,-0.225753009,-0.218152031,0.000000000,0.937458694,0.000000000,0.000000000,0.000000000
-0.050282706,-0.037435848,0.796377063,0.054555755,-0.049023226,-0.098643832,0.992416143,0.017176636,-0.013598575,-0.039751887,0.024351096,-0.000190973,0.019615240,0.017080301,-0.007445897,-0.003280631,0.037247274,-0.009354736,0.015571645,0.015583019,-0.022465544,0.035166018,-0.087041482,0.226715088,0.000000000,1.199280381,0.000000000,0.000000000,0.000000000,-0.226667777,-0.218213126,0.000000000,0.937239826,0.000000000,0.000000000,0.000000000
-0.050289523,-0.037531294,0.796365321,0.054483127,-0.048792120,-0.098660812,0.992429852,0.016780874,-0.013645638,-0.039693963,0.023891836,-0.000116005,0.019408995,0.017361941,-0.007356952,-0.003122345,0.035720404,-0.008990354,0.015569204,0.015717413,-0.022498371,0.034543283,-0.088848591,0.226710081,0.000000000,1.199167609,0.000000000,0.000000000,0.000000000,-0.227722406,-0.218354657,0.000000000,0.936974883,0.000000000,0.000000000,0.000000000
-0.050295722,-0.037628673,0.796351731,0.054398350,-0.048559278,-0.098700292,0.992441952,0.016359858,-0.013671627,-0.039582577,0.023422528,-0.000047959,0.019208841,0.017670825,-0.007231495,-0.002965136,0.034146756,-0.008637392,0.015580178,0.015880397,-0.022534445,0.033900671,-0.090631858,0.226689383,0.000000000,1.199087858,0.000000000,0.000000000,0.000000000,-0.228832096,-0.218458503,0.000000000,0.936679482,0.000000000,0.000000000,0.000000000
-0.050427835,-0.039064024,0.796133280,0.052340128,-0.044288665,-0.098942906,0.992728233,0.005715998,-0.013203876,-0.039272930,0.020048032,-0.000580393,0.016823923,0.020680709,-0.004746661,0.001808791,0.007939663,-0.004204012,0.014728374,0.017245069,-0.021813279,0.022614233,-0.117355049,0.222899690,0.000000000,1.203078985,0.000000000,0.000000000,0.000000000,-0.251960754,-0.217534885,0.000000000,0.932996452,0.000000000,0.000000000,0.000000000
-0.050400484,-0.039664116,0.796138048,0.051667109,-0.043502048,-0.098972999,0.992795289,0.002188164,-0.012213264,-0.039021466,0.021343453,-0.001880602,0.016452031,0.020838859,-0.002851079,0.002717427,0.002924885,-0.003090789,0.014344715,0.017595371,-0.021077421,0.020323759,-0.123285323,0.222961038,0.000000000,1.205559373,0.000000000,0.000000000,0.000000000,-0.257489115,-0.217030048,0.000000000,0.932240009,0.000000000,0.000000000,0.000000000
-0.050576843,-0.040165160,0.796204925,0.051644381,-0.043140322,-0.098518282,0.992857456,-0.000107274,-0.011957333,-0.038377780,0.023367375,-0.004797231,0.014945612,0.021878373,-0.002369853,0.003177786,-0.000936702,-0.001527485,0.013534165,0.017302742,-0.020613847,0.018939782,-0.129282087,0.221980453,0.000000000,1.206722975,0.000000000,0.000000000,0.000000000,-0.259323061,-0.218329713,0.000000000,0.931878686,0.000000000,0.000000000,0.000000000
-0.050764047,-0.040547147,0.796250999,0.051798981,-0.042642005,-0.097961985,0.992925942,-0.001660595,-0.012318549,-0.037214223,0.024755441,-0.007551253,0.012735790,0.022053951,-0.002008171,0.002672241,-0.003232921,-0.000497339,0.012595113,0.016635533,-0.020591162,0.017639179,-0.134822115,0.220188037,0.000000000,1.207189083,0.000000000,0.000000000,0.000000000,-0.260714233,-0.220563412,0.000000000,0.931346536,0.000000000,0.000000000,0.000000000
-0.050713994,-0.041007239,0.796287239,0.051906563,-0.042012502,-0.097472385,0.992995381,-0.003182309,-0.012965944,-0.035348043,0.025935262,-0.010668054,0.010463987,0.022368573,-0.000773697,0.001057742,-0.005840585,0.000294521,0.011507066,0.016167318,-0.020629635,0.015982592,-0.140703186,0.218461066,0.000000000,1.208328009,0.000000000,0.000000000,0.000000000,-0.263618588,-0.222177446,0.000000000,0.930732071,0.000000000,0.000000000,0.000000000
-0.050466269,-0.041408733,0.796321690,0.051917829,-0.041579712,-0.097111315,0.993048370,-0.004003275,-0.013037881,-0.033828769,0.026276320,-0.012773782,0.008584278,0.022390353,0.000593471,0.000330950,-0.007334249,0.000657294,0.010598521,0.015942626,-0.020516865,0.014413351,-0.145455271,0.217730820,0.000000000,1.209919810,0.000000000,0.000000000,0.000000000,-0.266861081,-0.222301632,0.000000000,0.930386961,0.000000000,0.000000000,0.000000000
-0.050360113,-0.041565098,0.796351254,0.051963411,-0.041488331,-0.096921697,0.993068337,-0.004105977,-0.013016074,-0.033268180,0.026349071,-0.013571282,0.007664782,0.022360949,0.000898767,0.000299564,-0.007498505,0.000793987,0.010211578,0.015848784,-0.020421254,0.013761378,-0.147428349,0.217496201,0.000000000,1.210163951,0.000000000,0.000000000,0.000000000,-0.267921656,-0.222499311,0.000000000,0.930100858,0.000000000,0.000000000,0.000000000
-0.050239623,-0.041759647,0.796379507,0.051846359,-0.041119147,-0.096541792,0.993126810,-0.004826616,-0.012643177,-0.032146819,0.026383817,-0.014312527,0.005668011,0.021564549,0.001124098,0.000012239,-0.007395262,0.000996479,0.009657225,0.015594533,-0.020073272,0.012250175,-0.151793852,0.217605263,0.000000000,1.209309697,0.000000000,0.000000000,0.000000000,-0.270083249,-0.222930327,0.000000000,0.929871500,0.000000000,0.000000000,0.000000000
-0.050163142,-0.041814797,0.796384096,0.051784020,-0.040995304,-0.096426450,0.993146360,-0.005086544,-0.012512039,-0.031571388,0.026416140,-0.014338095,0.005001308,0.021294972,0.001263852,-0.000058307,-0.007350193,0.001067793,0.009391937,0.015565576,-0.019884773,0.011677165,-0.153469235,0.217794433,0.000000000,1.208808780,0.000000000,0.000000000,0.000000000,-0.270845115,-0.222939849,0.000000000,0.929867685,0.000000000,0.000000000,0.000000000
-0.049843825,-0.041956693,0.796357214,0.051669709,-0.040691238,-0.096049719,0.993201375,-0.005693463,-0.011987784,-0.030255308,0.026367331,-0.012993801,0.003894467,0.020949913,0.001647584,0.000063126,-0.007634855,0.001408669,0.008221337,0.015467831,-0.019313004,0.010227965,-0.158029199,0.218199566,0.000000000,1.207975745,0.000000000,0.000000000,0.000000000,-0.272685826,-0.222890571,0.000000000,0.929998577,0.000000000,0.000000000,0.000000000
-0.049360156,-0.042202383,0.796244681,0.051691886,-0.040583991,-0.095523492,0.993255317,-0.005641108,-0.011242555,-0.029374067,0.025977325,-0.009755390,0.003384751,0.021565808,0.002653540,-0.000031393,-0.008609619,0.001889134,0.006474602,0.015165042,-0.018695403,0.009065293,-0.161341742,0.218407944,0.000000000,1.209597588,0.000000000,0.000000000,0.000000000,-0.273893356,-0.222604781,0.000000000,0.930010974,0.000000000,0.000000000,0.000000000
-0.049061913,-0.042385444,0.796163142,0.051680326,-0.040619154,-0.095319256,0.993274093,-0.005430214,-0.010764029,-0.028849201,0.025926325,-0.008095478,0.003488763,0.022097219,0.003511982,0.000024392,-0.009229507,0.002078573,0.005620851,0.015150477,-0.018336244,0.008565131,-0.162761122,0.218685612,0.000000000,1.210515141,0.000000000,0.000000000,0.000000000,-0.274404079,-0.222257420,0.000000000,0.929902256,0.000000000,0.000000000,0.000000000
-0.048112862,-0.043028500,0.795977175,0.051589981,-0.040843531,-0.094876729,0.993312001,-0.004427884,-0.009305875,-0.026357796,0.026176395,-0.004729741,0.004240616,0.023509897,0.005467318,0.001646888,-0.010482013,0.002271940,0.004176480,0.015257740,-0.017316611,0.007575428,-0.165866762,0.219977304,0.000000000,1.210028648,0.000000000,0.000000000,0.000000000,-0.275711626,-0.220620304,0.000000000,0.929030061,0.000000000,0.000000000,0.000000000
-0.047756739,-0.043211386,0.795938551,0.051533449,-0.040833201,-0.094593592,0.993342340,-0.004199414,-0.008927386,-0.025913097,0.026374444,-0.004108788,0.004325325,0.023730056,0.005672578,0.002585149,-0.010735128,0.002267085,0.003948301,0.015051242,-0.016946634,0.007193711,-0.166832268,0.220264181,0.000000000,1.209583879,0.000000000,0.000000000,0.000000000,-0.276535690,-0.219770730,0.000000000,0.928836107,0.000000000,0.000000000,0.000000000
-0.047636401,-0.043262489,0.795929253,0.051524874,-0.040833931,-0.094522089,0.993349552,-0.004124822,-0.008832334,-0.025643792,0.026479747,-0.003974292,0.004371834,0.023802184,0.005653623,0.002933276,-0.010766671,0.002253869,0.003883217,0.015003468,-0.016842766,0.007068599,-0.167045191,0.220322996,0.000000000,1.209488869,0.000000000,0.000000000,0.000000000,-0.276810080,-0.219437510,0.000000000,0.928845882,0.000000000,0.000000000,0.000000000
-0.046536796,-0.043523267,0.795888960,0.051619083,-0.041011859,-0.094109178,0.993376553,-0.002431902,-0.008364234,-0.022734620,0.026558451,-0.002649057,0.004472782,0.024385266,0.004628381,0.006975533,-0.010142648,0.002151777,0.003233673,0.014974324,-0.016012728,0.006153764,-0.167163730,0.221209735,0.000000000,1.208292961,0.000000000,0.000000000,0.000000000,-0.278127164,-0.216939330,0.000000000,0.929378450,0.000000000,0.000000000,0.000000000
-0.046068627,-0.043695793,0.795865715,0.051728386,-0.041017309,-0.093992166,0.993381739,-0.001329484,-0.008381980,-0.021356853,0.025707871,-0.001925912,0.004347196,0.024573410,0.005019190,0.007076985,-0.009951811,0.002103860,0.003002760,0.015082711,-0.015798954,0.005628190,-0.167097867,0.221476167,0.000000000,1.207619309,0.000000000,0.000000000,0.000000000,-0.278417587,-0.216824204,0.000000000,0.929607332,0.000000000,0.000000000,0.000000000
-0.045573879,-0.043977141,0.795814276,0.051572453,-0.040636785,-0.093801707,0.993423462,-0.000366011,-0.008394477,-0.020163357,0.023494754,-0.001459118,0.003826373,0.024031214,0.006281401,0.005057645,-0.010156617,0.001976423,0.002690143,0.015026606,-0.015502857,0.004140155,-0.168435335,0.222145215,0.000000000,1.206913471,0.000000000,0.000000000,0.000000000,-0.280206293,-0.216879591,0.000000000,0.929993689,0.000000000,0.000000000,0.000000000
-0.045496546,-0.044020128,0.795803249,0.051495448,-0.040519707,-0.093780473,0.993434250,-0.000335653,-0.008373207,-0.019925140,0.023056585,-0.001395030,0.003738651,0.023807893,0.006525008,0.004660598,-0.010234125,0.001955647,0.002643473,0.015026936,-0.015439142,0.003780236,-0.168874204,0.222354174,0.000000000,1.206780314,0.000000000,0.000000000,0.000000000,-0.280754328,-0.216905802,0.000000000,0.929979086,0.000000000,0.000000000,0.000000000
-0.044995986,-0.044241719,0.795748889,0.050957624,-0.039931405,-0.093884073,0.993476033,-0.000112825,-0.007955113,-0.018044923,0.020531643,-0.001103416,0.003296276,0.022645794,0.008088237,0.003473392,-0.010799389,0.001772896,0.002491933,0.015397973,-0.015055612,0.001723329,-0.171310604,0.223972067,0.000000000,1.206024528,0.000000000,0.000000000,0.000000000,-0.284323364,-0.216669023,0.000000000,0.929389715,0.000000000,0.000000000,0.000000000
-0.044919897,-0.044267446,0.795740008,0.050851252,-0.039831866,-0.093934901,0.993480682,-0.000164359,-0.007852474,-0.017794695,0.020187384,-0.001060972,0.003238251,0.022411874,0.008245730,0.003579826,-0.010871866,0.001751823,0.002467309,0.015514525,-0.014994177,0.001380844,-0.171724290,0.224276885,0.000000000,1.205895901,0.000000000,0.000000000,0.000000000,-0.285005748,-0.216581002,0.000000000,0.929224014,0.000000000,0.000000000,0.000000000
-0.044412673,-0.044232652,0.795707583,0.050487515,-0.039559767,-0.094188385,0.993486106,0.000042371,-0.007410253,-0.017842907,0.018823201,-0.000797223,0.002845533,0.021781713,0.008235229,0.005655590,-0.010885327,0.001615223,0.002342612,0.016333990,-0.014821144,-0.000084653,-0.172793046,0.226209715,0.000000000,1.205020785,0.000000000,0.000000000,0.000000000,-0.287665009,-0.216472641,0.000000000,0.927987933,0.000000000,0.000000000,0.000000000
-0.044376872,-0.044216052,0.795708358,0.050512750,-0.039594587,-0.094176590,0.993484497,0.000177711,-0.007404173,-0.017946035,0.018814849,-0.000778019,0.002823345,0.021885272,0.008160313,0.005868071,-0.010840107,0.001593174,0.002326287,0.016378913,-0.014838413,-0.000084090,-0.172668502,0.226314977,0.000000000,1.204886794,0.000000000,0.000000000,0.000000000,-0.287543237,-0.216527611,0.000000000,0.927951515,0.000000000,0.000000000,0.000000000
-0.044345416,-0.044201408,0.795709431,0.050544135,-0.039636016,-0.094159640,0.993482888,0.000310895,-0.007406003,-0.018060632,0.018841825,-0.000768283,0.002809198,0.022008326,0.008091628,0.006034429,-0.010789957,0.001569539,0.002307406,0.016413676,-0.014870602,-0.000065282,-0.172527671,0.226406485,0.000000000,1.204744697,0.000000000,0.000000000,0.000000000,-0.287374645,-0.216574788,0.000000000,0.927937150,0.000000000,0.000000000,0.000000000
-0.044317752,-0.044189513,0.795710683,0.050580822,-0.039683513,-0.094137423,0.993481219,0.000450192,-0.007417461,-0.018160140,0.018887499,-0.000763248,0.002795675,0.022149876,0.008039067,0.006167640,-0.010741159,0.001547079,0.002286111,0.016452797,-0.014898183,-0.000030215,-0.172384024,0.226473182,0.000000000,1.204599619,0.000000000,0.000000000,0.000000000,-0.287162453,-0.216624424,0.000000000,0.927939594,0.000000000,0.000000000,0.000000000
-0.044293500,-0.044181436,0.795711637,0.050615288,-0.039728880,-0.094111480,0.993480086,0.000583812,-0.007429527,-0.018226061,0.018934457,-0.000755902,0.002783203,0.022282025,0.008010526,0.006267196,-0.010693296,0.001522509,0.002263776,0.016484722,-0.014931709,0.000009533,-0.172258854,0.226534650,0.000000000,1.204452634,0.000000000,0.000000000,0.000000000,-0.286940753,-0.216663480,0.000000000,0.927962959,0.000000000,0.000000000,0.000000000
-0.043702822,-0.044522606,0.795671165,0.050350040,-0.039168175,-0.093110710,0.993610144,0.001500605,-0.007034373,-0.016555129,0.016700258,-0.000639661,0.001988994,0.021062555,0.009747818,0.003351968,-0.010217478,0.001105605,0.001588595,0.015993940,-0.015188740,-0.001713224,-0.174992725,0.225751281,0.000000000,1.205244064,0.000000000,0.000000000,0.000000000,-0.287123770,-0.217373684,0.000000000,0.928584158,0.000000000,0.000000000,0.000000000
-0.043491751,-0.044556100,0.795676827,0.050363969,-0.039200339,-0.092823930,0.993634999,0.002391795,-0.006907375,-0.015785918,0.015679324,-0.000555635,0.001452462,0.021072708,0.009710929,0.003087054,-0.009911055,0.001061246,0.001388051,0.015778080,-0.015238196,-0.001799229,-0.174846783,0.225199774,0.000000000,1.205373883,0.000000000,0.000000000,0.000000000,-0.286451966,-0.217609376,0.000000000,0.928391159,0.000000000,0.000000000,0.000000000
-0.043293774,-0.044592209,0.795666814,0.050217174,-0.039101444,-0.092489764,0.993677497,0.003057641,-0.006547778,-0.015316357,0.014203900,-0.000494246,0.000741436,0.020621533,0.009873200,0.003332005,-0.009612094,0.000995621,0.001035473,0.015545586,-0.015289796,-0.002124523,-0.174791634,0.224708825,0.000000000,1.205517292,0.000000000,0.000000000,0.000000000,-0.285704464,-0.217265338,0.000000000,0.929443359,0.000000000,0.000000000,0.000000000
-0.043270219,-0.044603288,0.795664966,0.050196752,-0.039120387,-0.092447296,0.993681729,0.003189187,-0.006484620,-0.015269387,0.013954477,-0.000426937,0.000678492,0.020658098,0.010043981,0.003375139,-0.009632157,0.000994551,0.000966296,0.015559687,-0.015316041,-0.002094173,-0.174519747,0.224662244,0.000000000,1.205481172,0.000000000,0.000000000,0.000000000,-0.285400629,-0.217030540,0.000000000,0.929865777,0.000000000,0.000000000,0.000000000
-0.043262083,-0.044611752,0.795664370,0.050186876,-0.039134569,-0.092434905,0.993682802,0.003251947,-0.006435856,-0.015204269,0.013860089,-0.000405331,0.000641738,0.020690404,0.010124238,0.003414550,-0.009647555,0.000991837,0.000933746,0.015575765,-0.015341910,-0.002065205,-0.174354151,0.224654600,0.000000000,1.205450177,0.000000000,0.000000000,0.000000000,-0.285250217,-0.216881737,0.000000000,0.930076718,0.000000000,0.000000000,0.000000000
-0.043270685,-0.044673722,0.795665383,0.050147060,-0.039206453,-0.092376120,0.993687451,0.003403463,-0.006197846,-0.014902095,0.013655143,-0.000347429,0.000519735,0.020839607,0.010362209,0.003722481,-0.009753992,0.001053645,0.000862282,0.015677925,-0.015495406,-0.001837159,-0.173430398,0.224788204,0.000000000,1.205253124,0.000000000,0.000000000,0.000000000,-0.284467727,-0.216151074,0.000000000,0.930995643,0.000000000,0.000000000,0.000000000
-0.043433558,-0.044776876,0.795675755,0.050017923,-0.039089929,-0.092289940,0.993706584,0.002873697,-0.005909613,-0.014706731,0.013653071,-0.000250266,0.000440899,0.020332307,0.010296901,0.004104329,-0.009760057,0.001204919,0.000899815,0.015819605,-0.015910765,-0.001615587,-0.172478631,0.225061610,0.000000000,1.204788685,0.000000000,0.000000000,0.000000000,-0.283744156,-0.215765879,0.000000000,0.931518495,0.000000000,0.000000000,0.000000000
-0.043492682,-0.044807095,0.795681655,0.049965777,-0.039052892,-0.092255868,0.993713796,0.002790359,-0.005766271,-0.014910332,0.013497149,-0.000184549,0.000376515,0.020134678,0.010296473,0.004154826,-0.009814128,0.001287712,0.000920724,0.015952177,-0.016073395,-0.001437673,-0.172063872,0.225074828,0.000000000,1.204684138,0.000000000,0.000000000,0.000000000,-0.283471644,-0.215631276,0.000000000,0.931481838,0.000000000,0.000000000,0.000000000
-0.043599226,-0.044854809,0.795696616,0.049854830,-0.039008956,-0.092489384,0.993699431,0.002791525,-0.005600529,-0.014254753,0.012963919,-0.000036051,0.000264113,0.019776722,0.010307744,0.004047639,-0.009905099,0.001355779,0.001017703,0.016645677,-0.016406380,-0.001049174,-0.171010405,0.224890471,0.000000000,1.204464555,0.000000000,0.000000000,0.000000000,-0.283025980,-0.214978397,0.000000000,0.931784868,0.000000000,0.000000000,0.000000000
-0.043696471,-0.044889193,0.795694172,0.049651250,-0.038864065,-0.092778869,0.993688285,0.002613753,-0.005496042,-0.013698994,0.012174473,0.000185777,0.000199797,0.019138517,0.010672268,0.003744343,-0.010015453,0.001378530,0.001045669,0.017376825,-0.016647913,-0.000900803,-0.170632556,0.224698171,0.000000000,1.204119444,0.000000000,0.000000000,0.000000000,-0.283086389,-0.214540973,0.000000000,0.932258785,0.000000000,0.000000000,0.000000000
-0.043725528,-0.044900950,0.795692623,0.049595598,-0.038846143,-0.092894204,0.993681014,0.002676227,-0.005452195,-0.013523220,0.011819441,0.000266390,0.000188545,0.018976014,0.010891315,0.003593510,-0.010051322,0.001389474,0.001054539,0.017651036,-0.016748089,-0.000775820,-0.170331702,0.224589109,0.000000000,1.204120874,0.000000000,0.000000000,0.000000000,-0.282973468,-0.214428976,0.000000000,0.932428062,0.000000000,0.000000000,0.000000000
-0.043851443,-0.044940509,0.795685470,0.049531646,-0.038921468,-0.093247049,0.993648171,0.003123220,-0.005432928,-0.013626261,0.010792536,0.000595967,0.000167290,0.018785615,0.011355961,0.003157964,-0.010076093,0.001476638,0.001022356,0.018423932,-0.017127834,-0.000161226,-0.168743908,0.224150762,0.000000000,1.204604030,0.000000000,0.000000000,0.000000000,-0.282265365,-0.214158684,0.000000000,0.932809114,0.000000000,0.000000000,0.000000000
-0.043997578,-0.044946667,0.795678675,0.049503919,-0.039013699,-0.093488663,0.993623257,0.003349504,-0.005392286,-0.013951576,0.010312367,0.000813990,0.000205244,0.018764814,0.011367286,0.003503804,-0.010088839,0.001548986,0.001012889,0.018899079,-0.017409937,0.000403011,-0.167628229,0.223863974,0.000000000,1.205125928,0.000000000,0.000000000,0.000000000,-0.281512886,-0.214175791,0.000000000,0.932935178,0.000000000,0.000000000,0.000000000
-0.044201292,-0.044908039,0.795679331,0.049504597,-0.039147850,-0.093679279,0.993600011,0.003516643,-0.005301752,-0.014412519,0.010112574,0.000971875,0.000302824,0.018823171,0.011106032,0.004294706,-0.010096681,0.001671744,0.001034489,0.019232303,-0.017586451,0.001193600,-0.166322663,0.223377511,0.000000000,1.205423117,0.000000000,0.000000000,0.000000000,-0.280386508,-0.213986084,0.000000000,0.933337152,0.000000000,0.000000000,0.000000000
-0.044384468,-0.044882081,0.795684397,0.049520947,-0.039191030,-0.093684621,0.993596971,0.003454873,-0.005270732,-0.014797271,0.010114524,0.001090198,0.000377238,0.018728061,0.010878237,0.004851129,-0.010101340,0.001822640,0.001020844,0.019161472,-0.017634898,0.001747808,-0.165509328,0.223241895,0.000000000,1.205481887,0.000000000,0.000000000,0.000000000,-0.279523641,-0.213917866,0.000000000,0.933736086,0.000000000,0.000000000,0.000000000
-0.044511776,-0.044876851,0.795689404,0.049533818,-0.039187428,-0.093650490,0.993599713,0.003363904,-0.005339622,-0.014806296,0.010112595,0.001159444,0.000451273,0.018624628,0.010781234,0.005060486,-0.010172030,0.001941639,0.001064692,0.019082872,-0.017705919,0.002153062,-0.165051833,0.223194912,0.000000000,1.205600023,0.000000000,0.000000000,0.000000000,-0.278860152,-0.213954151,0.000000000,0.934062660,0.000000000,0.000000000,0.000000000
-0.044672795,-0.044886790,0.795695603,0.049510665,-0.039217491,-0.093655430,0.993599176,0.003339234,-0.005396074,-0.014905456,0.009875912,0.001306113,0.000521047,0.018491689,0.010727042,0.005415482,-0.010313247,0.002099144,0.001241500,0.019160928,-0.017746229,0.002928579,-0.164318845,0.222974241,0.000000000,1.206442475,0.000000000,0.000000000,0.000000000,-0.277793497,-0.213746607,0.000000000,0.934728503,0.000000000,0.000000000,0.000000000
-0.044815134,-0.044886075,0.795700490,0.049498789,-0.039300665,-0.093786687,0.993584096,0.003360811,-0.005397624,-0.015024304,0.009733628,0.001417780,0.000597700,0.018510656,0.010645597,0.005895037,-0.010385258,0.002164982,0.001441739,0.019370612,-0.017750632,0.003584212,-0.163572282,0.223023430,0.000000000,1.206943870,0.000000000,0.000000000,0.000000000,-0.276917815,-0.213415712,0.000000000,0.935194075,0.000000000,0.000000000,0.000000000
-0.044947248,-0.044888183,0.795704842,0.049495388,-0.039339919,-0.093893327,0.993572652,0.003296762,-0.005385086,-0.015165689,0.009661864,0.001521944,0.000648084,0.018486679,0.010588602,0.006109358,-0.010426216,0.002169787,0.001626501,0.019532787,-0.017776346,0.004058225,-0.163081869,0.223178744,0.000000000,1.207146287,0.000000000,0.000000000,0.000000000,-0.276276320,-0.213267952,0.000000000,0.935488403,0.000000000,0.000000000,0.000000000
-0.045194350,-0.044885375,0.795713127,0.049533017,-0.039307185,-0.093955025,0.993566215,0.003085940,-0.005463884,-0.015494997,0.009517413,0.001637743,0.000712868,0.018246444,0.010289146,0.006224635,-0.010411522,0.002197024,0.001928793,0.019571459,-0.017912757,0.004801216,-0.162501052,0.223102748,0.000000000,1.207364798,0.000000000,0.000000000,0.000000000,-0.275250435,-0.213466048,0.000000000,0.935904980,0.000000000,0.000000000,0.000000000
-0.045245726,-0.044883654,0.795714617,0.049535602,-0.039286897,-0.093955867,0.993566811,0.003021365,-0.005476632,-0.015590928,0.009476810,0.001652227,0.000726851,0.018159881,0.010213217,0.006173360,-0.010395421,0.002197356,0.002006141,0.019557344,-0.017943501,0.004933306,-0.162429899,0.223078191,0.000000000,1.207391977,0.000000000,0.000000000,0.000000000,-0.275064141,-0.213542491,0.000000000,0.935983777,0.000000000,0.000000000,0.000000000
-0.045643616,-0.044825654,0.795724034,0.049417667,-0.039092518,-0.094096981,0.993567050,0.002335831,-0.005405529,-0.015881158,0.009058191,0.001788365,0.000827119,0.017214874,0.009763086,0.005620617,-0.010144349,0.002137873,0.002578246,0.019615775,-0.018062703,0.005809950,-0.161984593,0.223195359,0.000000000,1.207455397,0.000000000,0.000000000,0.000000000,-0.274223924,-0.213758349,0.000000000,0.936588168,0.000000000,0.000000000,0.000000000
-0.045684837,-0.044815831,0.795724511,0.049396224,-0.039069247,-0.094129458,0.993565917,0.002246907,-0.005400653,-0.015847333,0.009021802,0.001803700,0.000836652,0.017096080,0.009746892,0.005564881,-0.010117703,0.002126839,0.002637021,0.019634375,-0.018071808,0.005913846,-0.161904097,0.223193750,0.000000000,1.207500458,0.000000000,0.000000000,0.000000000,-0.274157405,-0.213762000,0.000000000,0.936647892,0.000000000,0.000000000,0.000000000
-0.045722652,-0.044806030,0.795724869,0.049377888,-0.039053809,-0.094161555,0.993564427,0.002175090,-0.005399544,-0.015802095,0.008989823,0.001819596,0.000842977,0.016993647,0.009741436,0.005512515,-0.010086386,0.002114113,0.002702972,0.019651499,-0.018082669,0.006031045,-0.161799476,0.223189995,0.000000000,1.207567334,0.000000000,0.000000000,0.000000000,-0.274066746,-0.213760346,0.000000000,0.936698675,0.000000000,0.000000000,0.000000000
-0.045757443,-0.044795491,0.795725584,0.049366482,-0.039047044,-0.094191380,0.993562400,0.002128477,-0.005404694,-0.015767401,0.008960850,0.001832801,0.000854041,0.016908029,0.009732415,0.005477217,-0.010050613,0.002101844,0.002760825,0.019672787,-0.018090021,0.006164304,-0.161652729,0.223176256,0.000000000,1.207642555,0.000000000,0.000000000,0.000000000,-0.273940682,-0.213771909,0.000000000,0.936746299,0.000000000,0.000000000,0.000000000
-0.045789212,-0.044784624,0.795726538,0.049360823,-0.039048724,-0.094218850,0.993560016,0.002109802,-0.005411279,-0.015738005,0.008929996,0.001844993,0.000866935,0.016846083,0.009724555,0.005453988,-0.010013766,0.002095566,0.002811789,0.019689223,-0.018103290,0.006317486,-0.161478549,0.223153487,0.000000000,1.207709789,0.000000000,0.000000000,0.000000000,-0.273779184,-0.213793352,0.000000000,0.936802804,0.000000000,0.000000000,0.000000000
-0.046092104,-0.044710085,0.795725584,0.049402665,-0.039281525,-0.094387345,0.993532777,0.002445413,-0.005430640,-0.015536444,0.008669026,0.001998011,0.001013280,0.016849488,0.009826779,0.005002183,-0.009784197,0.002211392,0.003088794,0.019494651,-0.018243292,0.008341578,-0.159183934,0.222514242,0.000000000,1.208113551,0.000000000,0.000000000,0.000000000,-0.271183193,-0.213751078,0.000000000,0.937986255,0.000000000,0.000000000,0.000000000
-0.046460859,-0.044516407,0.795738876,0.049373820,-0.039432697,-0.094526947,0.993514955,0.002549643,-0.005466852,-0.016163973,0.008367286,0.002092860,0.001284659,0.016716516,0.009014191,0.006010351,-0.009772098,0.002229144,0.003728911,0.019264827,-0.018387282,0.009765355,-0.157462731,0.221321225,0.000000000,1.208933473,0.000000000,0.000000000,0.000000000,-0.269350231,-0.213683158,0.000000000,0.938989639,0.000000000,0.000000000,0.000000000
-0.046656977,-0.044447463,0.795744956,0.049402297,-0.039481103,-0.094697572,0.993495345,0.002567399,-0.005553617,-0.016470503,0.008343308,0.002123062,0.001425960,0.016511329,0.008878702,0.005818283,-0.009536086,0.002281722,0.003884637,0.019355686,-0.018586775,0.010217449,-0.157073110,0.221253023,0.000000000,1.208902359,0.000000000,0.000000000,0.000000000,-0.268830150,-0.213851377,0.000000000,0.939391077,0.000000000,0.000000000,0.000000000
-0.046832640,-0.044416353,0.795742393,0.049363665,-0.039544426,-0.095023610,0.993463635,0.002498448,-0.005542687,-0.016661454,0.008296490,0.002231550,0.001557561,0.016329033,0.009079282,0.005555186,-0.009453832,0.002334604,0.003946338,0.019709863,-0.018727381,0.010658283,-0.156615600,0.221637800,0.000000000,1.208812356,0.000000000,0.000000000,0.000000000,-0.268497407,-0.213667661,0.000000000,0.939726591,0.000000000,0.000000000,0.000000000
-0.046858907,-0.044411451,0.795744121,0.049365655,-0.039561406,-0.095072150,0.993458211,0.002525895,-0.005553884,-0.016653374,0.008279255,0.002233183,0.001572737,0.016329071,0.009098615,0.005539415,-0.009458436,0.002340141,0.003948727,0.019763561,-0.018752720,0.010756579,-0.156477511,0.221651733,0.000000000,1.208841801,0.000000000,0.000000000,0.000000000,-0.268374056,-0.213649943,0.000000000,0.939782143,0.000000000,0.000000000,0.000000000
-0.046966303,-0.044395451,0.795751810,0.049342908,-0.039570477,-0.095258847,0.993441105,0.002486932,-0.005601766,-0.016558310,0.008215245,0.002217967,0.001646723,0.016227502,0.009087233,0.005499184,-0.009509649,0.002352231,0.004005240,0.019935088,-0.018850863,0.011045388,-0.156040892,0.221560210,0.000000000,1.209036827,0.000000000,0.000000000,0.000000000,-0.268092126,-0.213586256,0.000000000,0.939984024,0.000000000,0.000000000,0.000000000
-0.047204107,-0.044316512,0.795762718,0.049216166,-0.039537825,-0.095673218,0.993408859,0.002089598,-0.005665952,-0.016506355,0.008100603,0.002286105,0.001811158,0.015731787,0.008898575,0.005895780,-0.009524139,0.002260668,0.004404360,0.020322150,-0.018981755,0.011663345,-0.155429512,0.221194148,0.000000000,1.209491611,0.000000000,0.000000000,0.000000000,-0.268150002,-0.213106260,0.000000000,0.940414310,0.000000000,0.000000000,0.000000000
-0.047310807,-0.044268277,0.795779109,0.049269937,-0.039603457,-0.095754951,0.993395686,0.002245668,-0.005763107,-0.016338635,0.007937274,0.002264814,0.001797346,0.015744912,0.008724391,0.005976597,-0.009429717,0.002215690,0.004619874,0.020362459,-0.019061787,0.012093647,-0.154988691,0.220856965,0.000000000,1.209868312,0.000000000,0.000000000,0.000000000,-0.267653584,-0.213136673,0.000000000,0.940695643,0.000000000,0.000000000,0.000000000
-0.047342807,-0.044257700,0.795783103,0.049277626,-0.039605606,-0.095760800,0.993394673,0.002247620,-0.005782955,-0.016338114,0.007897323,0.002265470,0.001793193,0.015717339,0.008687721,0.005933878,-0.009399306,0.002207058,0.004664373,0.020347498,-0.019081768,0.012177859,-0.154937923,0.220751822,0.000000000,1.210001588,0.000000000,0.000000000,0.000000000,-0.267548531,-0.213194385,0.000000000,0.940756500,0.000000000,0.000000000,0.000000000
-0.047591615,-0.044189531,0.795780301,0.049148984,-0.039397418,-0.095752388,0.993410110,0.001676383,-0.005701642,-0.016425826,0.007596582,0.002337909,0.001763135,0.014914790,0.008572023,0.005284866,-0.009229411,0.002286449,0.004900549,0.020114824,-0.019098381,0.012416965,-0.155390620,0.220407709,0.000000000,1.210713029,0.000000000,0.000000000,0.000000000,-0.267347634,-0.213764027,0.000000000,0.941041708,0.000000000,0.000000000,0.000000000
-0.047633301,-0.044158094,0.795774639,0.049096186,-0.039357241,-0.095789306,0.993410766,0.001545840,-0.005680334,-0.016302161,0.007543684,0.002326418,0.001750715,0.014746673,0.008658843,0.004890443,-0.009246504,0.002346986,0.004924257,0.020112280,-0.019085694,0.012542470,-0.155397728,0.220526889,0.000000000,1.210754037,0.000000000,0.000000000,0.000000000,-0.267236978,-0.213697493,0.000000000,0.941266000,0.000000000,0.000000000,0.000000000
-0.047652520,-0.044138294,0.795771301,0.049061153,-0.039337896,-0.095831238,0.993409216,0.001467885,-0.005666822,-0.016236128,0.007524872,0.002312630,0.001747851,0.014671669,0.008714749,0.004741687,-0.009297094,0.002380234,0.004921688,0.020157421,-0.019092092,0.012687236,-0.155348480,0.220628902,0.000000000,1.210749507,0.000000000,0.000000000,0.000000000,-0.267193317,-0.213566586,0.000000000,0.941426277,0.000000000,0.000000000,0.000000000
-0.047723729,-0.044035472,0.795770705,0.049011409,-0.039401397,-0.095950179,0.993397713,0.001373219,-0.005654400,-0.016301017,0.007566833,0.002406533,0.001839464,0.014808901,0.008765841,0.004583818,-0.009596088,0.002491850,0.004927422,0.020240588,-0.019160219,0.013649280,-0.154270828,0.220707849,0.000000000,1.210950851,0.000000000,0.000000000,0.000000000,-0.266693980,-0.212811813,0.000000000,0.941873848,0.000000000,0.000000000,0.000000000
-0.047784708,-0.043969803,0.795785129,0.049147367,-0.039506413,-0.095884778,0.993393123,0.001707292,-0.005830331,-0.015984856,0.007661988,0.002406309,0.001879951,0.015081516,0.008484729,0.004330297,-0.009572265,0.002576222,0.004945682,0.019860672,-0.019187512,0.014569334,-0.152959377,0.220384583,0.000000000,1.211189151,0.000000000,0.000000000,0.000000000,-0.265796781,-0.212568820,0.000000000,0.942602813,0.000000000,0.000000000,0.000000000
-0.047840036,-0.043960076,0.795779049,0.049036827,-0.039281629,-0.095850460,0.993410826,0.001170899,-0.005842562,-0.015857713,0.007652490,0.002374476,0.001890218,0.014398315,0.008325091,0.004388741,-0.009470159,0.002600197,0.005000610,0.019543247,-0.019135850,0.014618406,-0.153128937,0.220405474,0.000000000,1.211146116,0.000000000,0.000000000,0.000000000,-0.266205192,-0.212781608,0.000000000,0.943143964,0.000000000,0.000000000,0.000000000
-0.047854990,-0.043902680,0.795769215,0.048900504,-0.039138224,-0.095965825,0.993412077,0.000744236,-0.005845049,-0.015826480,0.007516844,0.002422635,0.001950884,0.013830437,0.008203525,0.004826778,-0.009373848,0.002598794,0.005057352,0.019588869,-0.019075697,0.014738737,-0.153025851,0.220274717,0.000000000,1.211151719,0.000000000,0.000000000,0.000000000,-0.266696244,-0.212901324,0.000000000,0.943228543,0.000000000,0.000000000,0.000000000
-0.047847860,-0.043829143,0.795777380,0.048919778,-0.039236911,-0.096062645,0.993397832,0.001060233,-0.005894481,-0.015499461,0.007298941,0.002463292,0.001981818,0.014048068,0.008186451,0.004828888,-0.009400228,0.002628987,0.005048205,0.019657027,-0.019029863,0.015193881,-0.152321368,0.220090464,0.000000000,1.211407423,0.000000000,0.000000000,0.000000000,-0.266387939,-0.212733522,0.000000000,0.943232298,0.000000000,0.000000000,0.000000000
-0.047880948,-0.043781046,0.795787454,0.048878253,-0.039169893,-0.096037969,0.993404925,0.000990678,-0.005942930,-0.015378863,0.007128398,0.002509042,0.002037792,0.013936341,0.008251042,0.004321215,-0.009500763,0.002695425,0.005037545,0.019536126,-0.019011950,0.015406989,-0.152273491,0.219936043,0.000000000,1.211748242,0.000000000,0.000000000,0.000000000,-0.266368777,-0.212853029,0.000000000,0.943142176,0.000000000,0.000000000,0.000000000
-0.047887765,-0.043773297,0.795787930,0.048859041,-0.039136071,-0.096027352,0.993408203,0.000924222,-0.005937968,-0.015323609,0.007101653,0.002518635,0.002054343,0.013876324,0.008267740,0.004201171,-0.009539022,0.002712914,0.005037870,0.019510763,-0.019003317,0.015418132,-0.152327746,0.219911084,0.000000000,1.211846590,0.000000000,0.000000000,0.000000000,-0.266421378,-0.212893397,0.000000000,0.943142593,0.000000000,0.000000000,0.000000000
-0.047893424,-0.043736413,0.795783937,0.048697524,-0.038879767,-0.095995873,0.993429244,0.000329698,-0.005878356,-0.015097194,0.007037827,0.002551705,0.002118186,0.013345669,0.008364621,0.003644199,-0.009742646,0.002756431,0.005078784,0.019438490,-0.018993482,0.015340776,-0.152914420,0.219844356,0.000000000,1.212448239,0.000000000,0.000000000,0.000000000,-0.266904742,-0.212900907,0.000000000,0.943558455,0.000000000,0.000000000,0.000000000
-0.047879010,-0.043720491,0.795781076,0.048643522,-0.038807072,-0.096006542,0.993433714,0.000168245,-0.005865844,-0.015002889,0.007018910,0.002543458,0.002128576,0.013180790,0.008393048,0.003451102,-0.009786165,0.002771348,0.005096653,0.019460274,-0.018990200,0.015306562,-0.153138578,0.219863564,0.000000000,1.212506533,0.000000000,0.000000000,0.000000000,-0.267059028,-0.212767094,0.000000000,0.943900287,0.000000000,0.000000000,0.000000000
-0.047792304,-0.043645598,0.795765221,0.048497040,-0.038699947,-0.096130520,0.993433058,-0.000003472,-0.005820749,-0.015131023,0.006837571,0.002569454,0.002170314,0.012885049,0.008522948,0.003721921,-0.009946898,0.002915535,0.005077468,0.019688394,-0.018966813,0.015365579,-0.153871030,0.220241159,0.000000000,1.212303162,0.000000000,0.000000000,0.000000000,-0.267569363,-0.212207913,0.000000000,0.944747925,0.000000000,0.000000000,0.000000000
-0.047716133,-0.043569855,0.795759439,0.048500083,-0.038753569,-0.096215576,0.993422627,0.000285993,-0.005871352,-0.014819675,0.006685952,0.002573526,0.002181842,0.013070994,0.008387025,0.004266120,-0.010058602,0.003008276,0.005012210,0.019832501,-0.018972773,0.015590115,-0.153875113,0.220482796,0.000000000,1.212210298,0.000000000,0.000000000,0.000000000,-0.267745405,-0.211880639,0.000000000,0.944819868,0.000000000,0.000000000,0.000000000
-0.047695599,-0.043547578,0.795759976,0.048514556,-0.038772639,-0.096220635,0.993420660,0.000396105,-0.005890143,-0.014770903,0.006645269,0.002569166,0.002178312,0.013147409,0.008338395,0.004332990,-0.010084278,0.003018665,0.004994243,0.019835547,-0.018971689,0.015662914,-0.153815567,0.220510513,0.000000000,1.212240458,0.000000000,0.000000000,0.000000000,-0.267765075,-0.211817339,0.000000000,0.944808543,0.000000000,0.000000000,0.000000000
-0.047675997,-0.043525323,0.795761228,0.048531711,-0.038789663,-0.096216291,0.993419588,0.000503406,-0.005917467,-0.014770319,0.006612550,0.002559135,0.002175717,0.013224662,0.008299665,0.004362765,-0.010109635,0.003028089,0.004976101,0.019824279,-0.018968396,0.015743185,-0.153750449,0.220517278,0.000000000,1.212277055,0.000000000,0.000000000,0.000000000,-0.267777592,-0.211777404,0.000000000,0.944787025,0.000000000,0.000000000,0.000000000
-0.047657788,-0.043504499,0.795762658,0.048548765,-0.038797159,-0.096202232,0.993419826,0.000596679,-0.005953500,-0.014786793,0.006573662,0.002548091,0.002171926,0.013289277,0.008276308,0.004343824,-0.010139139,0.003035789,0.004959229,0.019787220,-0.018973423,0.015813559,-0.153709128,0.220508918,0.000000000,1.212308884,0.000000000,0.000000000,0.000000000,-0.267801672,-0.211771518,0.000000000,0.944765389,0.000000000,0.000000000,0.000000000
-0.047641207,-0.043486096,0.795763791,0.048559681,-0.038790915,-0.096182235,0.993421435,0.000661648,-0.005993561,-0.014790115,0.006527563,0.002537001,0.002169193,0.013327617,0.008280399,0.004257446,-0.010173113,0.003036496,0.004945659,0.019738451,-0.018967461,0.015867962,-0.153712377,0.220504329,0.000000000,1.212329030,0.000000000,0.000000000,0.000000000,-0.267874181,-0.211790293,0.000000000,0.944729209,0.000000000,0.000000000,0.000000000
-0.047140956,-0.043291196,0.795783281,0.048405897,-0.038454823,-0.096086882,0.993451238,0.000591065,-0.006238888,-0.013754479,0.006446750,0.002336911,0.002338487,0.013158035,0.008342741,0.002839510,-0.010100882,0.002987784,0.004769762,0.018495962,-0.018837130,0.016627561,-0.146567687,0.227466702,0.000000000,1.207705855,0.000000000,0.000000000,0.000000000,-0.268406272,-0.216148451,0.000000000,0.941875815,0.000000000,0.000000000,0.000000000
-0.047062773,-0.043241065,0.795781851,0.048405919,-0.038397856,-0.096045345,0.993457496,0.000700856,-0.006283277,-0.013478109,0.006329365,0.002309695,0.002370617,0.013102320,0.008133936,0.002816509,-0.010055358,0.003008226,0.004723808,0.018225050,-0.018854316,0.016708331,-0.145487756,0.227905884,0.000000000,1.207552671,0.000000000,0.000000000,0.000000000,-0.268272609,-0.216491580,0.000000000,0.941887796,0.000000000,0.000000000,0.000000000
-0.046864487,-0.043158446,0.795768440,0.048291046,-0.038194109,-0.096033946,0.993472040,0.000635934,-0.006182635,-0.012900865,0.006118347,0.002271291,0.002418376,0.012796130,0.008006824,0.002403779,-0.010147328,0.003077355,0.004602086,0.017823681,-0.018814838,0.016568771,-0.144430414,0.228898346,0.000000000,1.207143188,0.000000000,0.000000000,0.000000000,-0.268857569,-0.216178402,0.000000000,0.942469656,0.000000000,0.000000000,0.000000000
-0.046823185,-0.043145932,0.795766234,0.048265476,-0.038166076,-0.096052513,0.993472576,0.000614090,-0.006160497,-0.012874085,0.006100934,0.002268609,0.002422745,0.012761361,0.008000614,0.002388358,-0.010180108,0.003083460,0.004562119,0.017797664,-0.018802673,0.016539948,-0.144285932,0.229073733,0.000000000,1.207056284,0.000000000,0.000000000,0.000000000,-0.268995583,-0.216027215,0.000000000,0.942616224,0.000000000,0.000000000,0.000000000
-0.046392597,-0.043081209,0.795758605,0.048041709,-0.038055457,-0.096344031,0.993459404,0.000840731,-0.005967604,-0.011934898,0.005794292,0.002230127,0.002494533,0.012808441,0.008575269,0.002337025,-0.010684971,0.003083890,0.004221198,0.017849207,-0.018615345,0.016609140,-0.143105507,0.230723634,0.000000000,1.205974698,0.000000000,0.000000000,0.000000000,-0.269462556,-0.215205088,0.000000000,0.943573415,0.000000000,0.000000000,0.000000000
-0.046314411,-0.043082878,0.795759082,0.048030809,-0.038066685,-0.096410781,0.993453026,0.000982736,-0.005966015,-0.011740570,0.005757545,0.002200729,0.002502152,0.012864914,0.008638123,0.002382621,-0.010704193,0.003074788,0.004188679,0.017918890,-0.018605102,0.016674938,-0.142909929,0.230981857,0.000000000,1.205705523,0.000000000,0.000000000,0.000000000,-0.269379854,-0.215246677,0.000000000,0.943664014,0.000000000,0.000000000,0.000000000
-0.046278458,-0.043084525,0.795759380,0.048027374,-0.038070269,-0.096435875,0.993450642,0.001042873,-0.005976155,-0.011656594,0.005748320,0.002191825,0.002507392,0.012885805,0.008656694,0.002427503,-0.010702049,0.003063317,0.004175845,0.017946469,-0.018599985,0.016699439,-0.142803013,0.231084868,0.000000000,1.205633879,0.000000000,0.000000000,0.000000000,-0.269354343,-0.215275958,0.000000000,0.943691969,0.000000000,0.000000000,0.000000000
-0.046028487,-0.043114163,0.795762360,0.048024006,-0.038022567,-0.096427523,0.993453443,0.001423190,-0.005917462,-0.011557695,0.005633860,0.002119791,0.002548062,0.012888501,0.008669453,0.002154906,-0.010475527,0.002933552,0.004164745,0.017919054,-0.018665960,0.016708232,-0.142423093,0.231450692,0.000000000,1.206151485,0.000000000,0.000000000,0.000000000,-0.269616574,-0.215596870,0.000000000,0.943755269,0.000000000,0.000000000,0.000000000
-0.045870185,-0.043159742,0.795760930,0.047994051,-0.037948385,-0.096345201,0.993465722,0.001541674,-0.005752355,-0.011540009,0.005544432,0.002092925,0.002514343,0.012779849,0.008872627,0.001328404,-0.010284661,0.002854414,0.004145705,0.017855633,-0.018750614,0.016502021,-0.143195331,0.231776580,0.000000000,1.206898808,0.000000000,0.000000000,0.000000000,-0.269889981,-0.216276929,0.000000000,0.943345904,0.000000000,0.000000000,0.000000000
-0.045776349,-0.043199163,0.795758963,0.047935184,-0.037882552,-0.096332669,0.993472278,0.001484468,-0.005664247,-0.011622680,0.005501596,0.002072279,0.002506026,0.012660063,0.009172499,0.000696334,-0.010206227,0.002793431,0.004104768,0.017886028,-0.018804338,0.016304029,-0.143786222,0.232303232,0.000000000,1.207295537,0.000000000,0.000000000,0.000000000,-0.270410866,-0.217081726,0.000000000,0.942746222,0.000000000,0.000000000,0.000000000
-0.045518477,-0.043238644,0.795765340,0.047861077,-0.037860893,-0.096290775,0.993480742,0.001732934,-0.005569750,-0.011596804,0.005396246,0.002004667,0.002454981,0.012761716,0.009607265,-0.000287727,-0.010091291,0.002682623,0.003970542,0.017978696,-0.018859811,0.016014958,-0.145532250,0.237012178,0.000000000,1.205683231,0.000000000,0.000000000,0.000000000,-0.271686196,-0.221310213,0.000000000,0.941242874,0.000000000,0.000000000,0.000000000
-0.045424718,-0.043223843,0.795774579,0.047928490,-0.037950948,-0.096204087,0.993482411,0.002130216,-0.005594565,-0.011404554,0.005353871,0.001972100,0.002430843,0.013075684,0.009567526,-0.000235948,-0.010051115,0.002669128,0.003945448,0.017838754,-0.018833799,0.016161010,-0.145834625,0.239527836,0.000000000,1.205087304,0.000000000,0.000000000,0.000000000,-0.271611005,-0.222635001,0.000000000,0.942573845,0.000000000,0.000000000,0.000000000
-0.045301668,-0.043209236,0.795773864,0.047999039,-0.037927102,-0.095917851,0.993507624,0.002421250,-0.005591173,-0.011285932,0.005288539,0.001920053,0.002401409,0.013113531,0.009373799,-0.000361925,-0.009808201,0.002638792,0.003857886,0.017156992,-0.018701077,0.015828088,-0.147978857,0.244644940,0.000000000,1.204470396,0.000000000,0.000000000,0.000000000,-0.271653235,-0.226331770,0.000000000,0.946063280,0.000000000,0.000000000,0.000000000
-0.045234025,-0.043202359,0.795754433,0.047972430,-0.037839856,-0.095771715,0.993526340,0.002380290,-0.005526606,-0.011335202,0.005130718,0.001957522,0.002409784,0.012887419,0.009347560,-0.000395644,-0.009606230,0.002622018,0.003735398,0.016825762,-0.018545810,0.015346627,-0.150487706,0.250797331,0.000000000,1.202565908,0.000000000,0.000000000,0.000000000,-0.273223191,-0.233181730,0.000000000,0.946494281,0.000000000,0.000000000,0.000000000
-0.045174517,-0.043191262,0.795768023,0.047980897,-0.037895799,-0.095697336,0.993530929,0.002709238,-0.005341169,-0.011415410,0.004791122,0.002059914,0.002364979,0.013028275,0.009310661,-0.000296776,-0.009536175,0.002582312,0.003655860,0.016349383,-0.018278981,0.015272371,-0.151957795,0.264830321,0.000000000,1.198794484,0.000000000,0.000000000,0.000000000,-0.274374992,-0.244010642,0.000000000,0.950501442,0.000000000,0.000000000,0.000000000
-0.045168705,-0.043188471,0.795775533,0.047989074,-0.037916102,-0.095700048,0.993529499,0.002794446,-0.005327433,-0.011315412,0.004743041,0.002064667,0.002353130,0.013075272,0.009291604,-0.000287302,-0.009522366,0.002566058,0.003647606,0.016246814,-0.018234629,0.015308657,-0.152033180,0.268065631,0.000000000,1.198005557,0.000000000,0.000000000,0.000000000,-0.274141461,-0.246148750,0.000000000,0.951949537,0.000000000,0.000000000,0.000000000
-0.045220386,-0.043178707,0.795816720,0.047928941,-0.037833769,-0.095716320,0.993534029,0.002704683,-0.005160061,-0.010387161,0.004522734,0.002097920,0.002296520,0.012692018,0.009095547,-0.000819777,-0.009303489,0.002517450,0.003620168,0.015448807,-0.017904121,0.014937928,-0.152366489,0.287165910,0.000000000,1.199105859,0.000000000,0.000000000,0.000000000,-0.271189660,-0.265503198,0.000000000,0.964247882,0.000000000,0.000000000,0.000000000
-0.045256574,-0.043181747,0.795813024,0.047859568,-0.037730843,-0.095743708,0.993538618,0.002467416,-0.005104670,-0.010146006,0.004457609,0.002115323,0.002281093,0.012325184,0.009080052,-0.001158712,-0.009198094,0.002510389,0.003607965,0.015296320,-0.017772296,0.014650345,-0.153500840,0.292690009,0.000000000,1.199820876,0.000000000,0.000000000,0.000000000,-0.270953178,-0.272947967,0.000000000,0.966965556,0.000000000,0.000000000,0.000000000
-0.045333825,-0.043182932,0.795789957,0.047676206,-0.037479460,-0.095937662,0.993538260,0.001874643,-0.005052427,-0.009693191,0.004240642,0.002211444,0.002267501,0.011339417,0.009011212,-0.001552505,-0.008930846,0.002535464,0.003588625,0.015138899,-0.017409099,0.014019904,-0.155396894,0.309633791,0.000000000,1.200948954,0.000000000,0.000000000,0.000000000,-0.269813567,-0.294024169,0.000000000,0.974267483,0.000000000,0.000000000,0.000000000
-0.045377839,-0.043171637,0.795776904,0.047570542,-0.037370149,-0.096211068,0.993520975,0.001641090,-0.005055627,-0.009514934,0.003957394,0.002338602,0.002286271,0.010808836,0.008931818,-0.001674051,-0.008825983,0.002565827,0.003593060,0.015131692,-0.017188951,0.013743328,-0.155941948,0.326297671,0.000000000,1.202351093,0.000000000,0.000000000,0.000000000,-0.268150300,-0.312592298,0.000000000,0.981277585,0.000000000,0.000000000,0.000000000
-0.045508247,-0.043163210,0.795777977,0.047556758,-0.037389435,-0.096701495,0.993473291,0.002102309,-0.005094938,-0.008784100,0.002938134,0.002677022,0.002274855,0.010589605,0.008651924,-0.002090123,-0.008947992,0.002722243,0.003654777,0.015129972,-0.016809558,0.013839136,-0.155980214,0.373880506,0.000000000,1.204358816,0.000000000,0.000000000,0.000000000,-0.260167181,-0.361300409,0.000000000,1.001387358,0.000000000,0.000000000,0.000000000
-0.045527540,-0.043168750,0.795776069,0.047546275,-0.037359647,-0.096723907,0.993472755,0.002085612,-0.005095060,-0.008723440,0.002824053,0.002711581,0.002261766,0.010498228,0.008614686,-0.002175318,-0.008969541,0.002747348,0.003657633,0.015110391,-0.016745074,0.013810491,-0.156230778,0.380423039,0.000000000,1.203869462,0.000000000,0.000000000,0.000000000,-0.258753717,-0.367514610,0.000000000,1.004162073,0.000000000,0.000000000,0.000000000
-0.045545518,-0.043175027,0.795773506,0.047533706,-0.037333004,-0.096748196,0.993471980,0.002064956,-0.005090221,-0.008670444,0.002715239,0.002748452,0.002245676,0.010408291,0.008584368,-0.002253763,-0.008983889,0.002772752,0.003653740,0.015112000,-0.016664479,0.013782958,-0.156701654,0.387008876,0.000000000,1.203385472,0.000000000,0.000000000,0.000000000,-0.257310182,-0.373703301,0.000000000,1.007180333,0.000000000,0.000000000,0.000000000
-0.045562178,-0.043181825,0.795770526,0.047519322,-0.037307322,-0.096775085,0.993471026,0.002039880,-0.005077867,-0.008610375,0.002610248,0.002785456,0.002227529,0.010315141,0.008560277,-0.002320153,-0.008996750,0.002800253,0.003652753,0.015115766,-0.016572036,0.013762296,-0.157213211,0.393320292,0.000000000,1.203234553,0.000000000,0.000000000,0.000000000,-0.255588472,-0.380089402,0.000000000,1.010445118,0.000000000,0.000000000,0.000000000
-0.045578219,-0.043189090,0.795767486,0.047502533,-0.037284546,-0.096806467,0.993469596,0.002012150,-0.005057548,-0.008530959,0.002514243,0.002821545,0.002212710,0.010221901,0.008539697,-0.002362837,-0.009002035,0.002822227,0.003651327,0.015130338,-0.016467365,0.013751847,-0.157607913,0.399763376,0.000000000,1.203058124,0.000000000,0.000000000,0.000000000,-0.253961116,-0.386510640,0.000000000,1.013606191,0.000000000,0.000000000,0.000000000
-0.045593482,-0.043196511,0.795764685,0.047484081,-0.037264328,-0.096840359,0.993467927,0.001979855,-0.005031718,-0.008441407,0.002430862,0.002852372,0.002201044,0.010131081,0.008519042,-0.002390887,-0.009003848,0.002839023,0.003649906,0.015149792,-0.016362658,0.013744717,-0.157926574,0.406745791,0.000000000,1.202483177,0.000000000,0.000000000,0.000000000,-0.252252579,-0.392872244,0.000000000,1.016993761,0.000000000,0.000000000,0.000000000
-0.045835160,-0.043283585,0.795729160,0.047380526,-0.037390158,-0.097166233,0.993436337,0.001798238,-0.004379970,-0.007620692,0.002671923,0.002940036,0.002068924,0.009439368,0.007860043,-0.001842640,-0.008237862,0.003069794,0.003527623,0.014644826,-0.014440049,0.016292747,-0.153502420,0.587461650,0.000000000,1.202663064,0.000000000,0.000000000,0.000000000,-0.201715872,-0.569207609,0.000000000,1.101216316,0.000000000,0.000000000,0.000000000
-0.045801144,-0.043305203,0.795755625,0.047425374,-0.037475295,-0.097195722,0.993428111,0.002021980,-0.004311465,-0.007414064,0.002734440,0.002898224,0.002018460,0.009654920,0.007756374,-0.002051515,-0.008174975,0.003074600,0.003548606,0.014356605,-0.013830820,0.017184339,-0.149267033,0.631238639,0.000000000,1.201284409,0.000000000,0.000000000,0.000000000,-0.183151260,-0.615020514,0.000000000,1.119520545,0.000000000,0.000000000,0.000000000
-0.045791846,-0.043336354,0.795771420,0.047299195,-0.037342999,-0.097202040,0.993438482,0.001601589,-0.004070534,-0.007153875,0.002839904,0.002850766,0.001939299,0.009104508,0.007508028,-0.002148049,-0.007826229,0.003079006,0.003534797,0.013800958,-0.012903548,0.017745577,-0.142760217,0.685715854,0.000000000,1.199863076,0.000000000,0.000000000,0.000000000,-0.164994553,-0.670925438,0.000000000,1.140086889,0.000000000,0.000000000,0.000000000
-0.045774102,-0.043316226,0.795770586,0.047174077,-0.037259467,-0.097247228,0.993443131,0.001314590,-0.003864065,-0.006742091,0.002891800,0.002837070,0.001881290,0.008594458,0.007251811,-0.001656765,-0.007470587,0.003095395,0.003459958,0.013482527,-0.011988944,0.018235678,-0.139529780,0.733887792,0.000000000,1.199372292,0.000000000,0.000000000,0.000000000,-0.152067065,-0.717134833,0.000000000,1.156890988,0.000000000,0.000000000,0.000000000
-0.045765966,-0.043305960,0.795770943,0.047160257,-0.037257511,-0.097253658,0.993443251,0.001307874,-0.003826672,-0.006705096,0.002887815,0.002837989,0.001874742,0.008551282,0.007199619,-0.001523729,-0.007425183,0.003100435,0.003437445,0.013422718,-0.011808764,0.018367991,-0.138137162,0.742916942,0.000000000,1.199524641,0.000000000,0.000000000,0.000000000,-0.149135739,-0.726700544,0.000000000,1.159927487,0.000000000,0.000000000,0.000000000
-0.045711495,-0.043242749,0.795779407,0.047170445,-0.037304427,-0.097246952,0.993441701,0.001539812,-0.003751123,-0.006479201,0.002777394,0.002841370,0.001817249,0.008642075,0.006969545,-0.001287142,-0.007322417,0.003120468,0.003330428,0.013059080,-0.010950210,0.019224117,-0.132304043,0.789594710,0.000000000,1.199875116,0.000000000,0.000000000,0.000000000,-0.136720836,-0.772839844,0.000000000,1.175839067,0.000000000,0.000000000,0.000000000
-0.045688014,-0.043220878,0.795788467,0.047193732,-0.037339378,-0.097220019,0.993441880,0.001715374,-0.003715205,-0.006374632,0.002693230,0.002839079,0.001790127,0.008775487,0.006870981,-0.001333749,-0.007317860,0.003106239,0.003315693,0.012858761,-0.010636070,0.019665532,-0.130232304,0.808305800,0.000000000,1.200150967,0.000000000,0.000000000,0.000000000,-0.131220996,-0.791754007,0.000000000,1.181861639,0.000000000,0.000000000,0.000000000
-0.045649506,-0.043172896,0.795811832,0.047146335,-0.037212543,-0.097078115,0.993462801,0.001677794,-0.003498347,-0.006041062,0.002420307,0.002819563,0.001716258,0.008564462,0.006452136,-0.001937688,-0.007218952,0.003029978,0.003333612,0.012047256,-0.009645732,0.020723945,-0.120349653,0.874385595,0.000000000,1.199672103,0.000000000,0.000000000,0.000000000,-0.108445391,-0.859500349,0.000000000,1.201050639,0.000000000,0.000000000,0.000000000
-0.045635093,-0.043131422,0.795805097,0.046881270,-0.036873203,-0.097089671,0.993486822,0.000836015,-0.003186088,-0.005851428,0.002346828,0.002793110,0.001607035,0.007536192,0.006257756,-0.002097860,-0.006972839,0.003001434,0.003339590,0.011443755,-0.008913637,0.020879027,-0.110425323,0.923852801,0.000000000,1.196795821,0.000000000,0.000000000,0.000000000,-0.091811337,-0.908579111,0.000000000,1.211340904,0.000000000,0.000000000,0.000000000
-0.045560785,-0.043057326,0.795795918,0.046680022,-0.036665302,-0.097173162,0.993495822,0.000267686,-0.002933256,-0.005694951,0.002441375,0.002738871,0.001559572,0.006798742,0.006054985,-0.002133362,-0.006638720,0.002987343,0.003298193,0.010903976,-0.008284887,0.021390149,-0.098025337,0.971330345,0.000000000,1.195292711,0.000000000,0.000000000,0.000000000,-0.077024460,-0.954344392,0.000000000,1.223447800,0.000000000,0.000000000,0.000000000
-0.045422472,-0.042962443,0.795811236,0.046741124,-0.036771085,-0.097195886,0.993486822,0.000672584,-0.002850855,-0.005214143,0.002493643,0.002681030,0.001521052,0.007021178,0.005547354,-0.002257772,-0.006317066,0.002975105,0.003237075,0.010034900,-0.007537093,0.022550873,-0.083013393,1.024576902,0.000000000,1.196028709,0.000000000,0.000000000,0.000000000,-0.062109817,-1.007807136,0.000000000,1.237805367,0.000000000,0.000000000,0.000000000
-0.045342892,-0.042924032,0.795818686,0.046756063,-0.036685761,-0.097106732,0.993498027,0.000773475,-0.002817575,-0.004771810,0.002430406,0.002564392,0.001453701,0.006905834,0.005045334,-0.002668182,-0.006165861,0.002976642,0.003217417,0.009119021,-0.006910868,0.022950323,-0.069166794,1.064521074,0.000000000,1.197123528,0.000000000,0.000000000,0.000000000,-0.045834210,-1.052836657,0.000000000,1.246928930,0.000000000,0.000000000,0.000000000
-0.045227207,-0.042914849,0.795814514,0.046580762,-0.036451455,-0.097196445,0.993506074,0.000371534,-0.002612004,-0.004360436,0.002399234,0.002459924,0.001358004,0.006270025,0.004623612,-0.002686887,-0.005984669,0.002973299,0.003220377,0.008308545,-0.006395363,0.022727437,-0.048350286,1.112152338,0.000000000,1.197284222,0.000000000,0.000000000,0.000000000,-0.025877072,-1.105756044,0.000000000,1.254473686,0.000000000,0.000000000,0.000000000
-0.045205124,-0.042911537,0.795813382,0.046551835,-0.036433347,-0.097234815,0.993504345,0.000334945,-0.002555294,-0.004295253,0.002396147,0.002453198,0.001350179,0.006185080,0.004541185,-0.002607221,-0.005927939,0.002973075,0.003217561,0.008212997,-0.006330748,0.022694776,-0.044714805,1.120213270,0.000000000,1.197361231,0.000000000,0.000000000,0.000000000,-0.023138763,-1.114163995,0.000000000,1.255802155,0.000000000,0.000000000,0.000000000
-0.045068592,-0.042881064,0.795814395,0.046461631,-0.036440112,-0.097552553,0.993477166,0.000504855,-0.002238795,-0.003547415,0.002383792,0.002371012,0.001230698,0.005740951,0.003812384,-0.001985836,-0.005273365,0.002961659,0.003191092,0.007744350,-0.006200131,0.022564827,-0.021478787,1.172764659,0.000000000,1.200599909,0.000000000,0.000000000,0.000000000,-0.006651413,-1.170773149,0.000000000,1.265789747,0.000000000,0.000000000,0.000000000
-0.045042403,-0.042883601,0.795820594,0.046402764,-0.036364105,-0.097670682,0.993471146,0.000404329,-0.002134256,-0.003263837,0.002358014,0.002330500,0.001168125,0.005360109,0.003534000,-0.002053260,-0.004969705,0.002962447,0.003151068,0.007528784,-0.006263366,0.022290131,-0.014384228,1.194185972,0.000000000,1.203477263,0.000000000,0.000000000,0.000000000,0.001174522,-1.194246054,0.000000000,1.269861937,0.000000000,0.000000000,0.000000000
-0.045009546,-0.042915527,0.795815349,0.046110094,-0.035983257,-0.097915418,0.993474543,-0.000391802,-0.001830771,-0.002549978,0.002188421,0.002266346,0.001052961,0.003971141,0.003095443,-0.002511956,-0.004393777,0.002895948,0.003062773,0.007046114,-0.006265550,0.021031637,0.002180444,1.234705210,0.000000000,1.209309578,0.000000000,0.000000000,0.000000000,0.016672103,-1.239949226,0.000000000,1.276152968,0.000000000,0.000000000,0.000000000
-0.044998467,-0.042920642,0.795812190,0.046056304,-0.035921000,-0.097960643,0.993474841,-0.000532081,-0.001774508,-0.002446516,0.002158762,0.002252074,0.001037154,0.003767618,0.003056444,-0.002617808,-0.004334330,0.002876415,0.003048734,0.006970919,-0.006245224,0.020767951,0.005642131,1.241339326,0.000000000,1.210196257,0.000000000,0.000000000,0.000000000,0.019546004,-1.247486711,0.000000000,1.276848555,0.000000000,0.000000000,0.000000000
-0.044835746,-0.042952932,0.795801044,0.045866601,-0.035756227,-0.098206714,0.993465245,-0.000725767,-0.001385926,-0.002001872,0.001904043,0.002188803,0.000914710,0.003267325,0.002714507,-0.002837715,-0.004128987,0.002816362,0.003022116,0.006345511,-0.006193469,0.019368295,0.027702484,1.288119316,0.000000000,1.218497634,0.000000000,0.000000000,0.000000000,0.038339727,-1.298245907,0.000000000,1.282057405,0.000000000,0.000000000,0.000000000
-0.044659156,-0.043013990,0.795806766,0.045751248,-0.035743926,-0.098195881,0.993472099,-0.000465936,-0.000873933,-0.002351350,0.001711778,0.002137306,0.000682074,0.002832396,0.002067990,-0.002394807,-0.003476640,0.002853169,0.002791016,0.004748120,-0.005834619,0.017882762,0.052056532,1.340553761,0.000000000,1.228878975,0.000000000,0.000000000,0.000000000,0.046361912,-1.349381447,0.000000000,1.292580366,0.000000000,0.000000000,0.000000000
-0.044645518,-0.043020889,0.795805752,0.045723204,-0.035732511,-0.098201498,0.993473232,-0.000472480,-0.000802693,-0.002319118,0.001687445,0.002130571,0.000669055,0.002717127,0.001979439,-0.002308715,-0.003356810,0.002853110,0.002749618,0.004514632,-0.005730362,0.017677875,0.055325598,1.346844673,0.000000000,1.230254292,0.000000000,0.000000000,0.000000000,0.048468392,-1.355563402,0.000000000,1.293554783,0.000000000,0.000000000,0.000000000
-0.044575624,-0.043044403,0.795820475,0.045511648,-0.035749152,-0.098359011,0.993466735,-0.000255149,-0.000133931,-0.001703439,0.001410195,0.002061141,0.000565484,0.001948370,0.001074819,-0.001600628,-0.002291470,0.002837520,0.002494434,0.002766730,-0.004757563,0.015288597,0.054337639,1.408889532,0.000000000,1.245215416,0.000000000,0.000000000,0.000000000,0.047602888,-1.414502978,0.000000000,1.300264239,0.000000000,0.000000000,0.000000000
-0.044581514,-0.043046340,0.795823336,0.045485362,-0.035723247,-0.098372824,0.993467510,-0.000309208,-0.000082780,-0.001734997,0.001400628,0.002052772,0.000546263,0.001812005,0.001006181,-0.001607094,-0.002192331,0.002828518,0.002473116,0.002581443,-0.004657371,0.015022176,0.053349685,1.414678574,0.000000000,1.246342301,0.000000000,0.000000000,0.000000000,0.046737380,-1.420000076,0.000000000,1.300946593,0.000000000,0.000000000,0.000000000
-0.044588644,-0.043048743,0.795826197,0.045459062,-0.035691023,-0.098386109,0.993468583,-0.000378403,-0.000031508,-0.001785950,0.001386992,0.002048192,0.000533001,0.001669107,0.000928419,-0.001611344,-0.002097559,0.002815877,0.002455462,0.002394304,-0.004581094,0.014742492,0.052361727,1.420467615,0.000000000,1.247505426,0.000000000,0.000000000,0.000000000,0.045871872,-1.425410628,0.000000000,1.301702499,0.000000000,0.000000000,0.000000000
-0.044595771,-0.043050680,0.795828223,0.045431737,-0.035654541,-0.098403491,0.993469417,-0.000461499,0.000012504,-0.001835185,0.001378866,0.002040020,0.000521003,0.001515461,0.000834469,-0.001595373,-0.002002671,0.002801221,0.002435378,0.002176935,-0.004481747,0.014493315,0.051373769,1.426195979,0.000000000,1.248577952,0.000000000,0.000000000,0.000000000,0.045006365,-1.430743217,0.000000000,1.302511096,0.000000000,0.000000000,0.000000000
-0.044601351,-0.043052949,0.795829892,0.045405999,-0.035618760,-0.098422691,0.993469954,-0.000541374,0.000056371,-0.001878063,0.001367883,0.002037451,0.000505099,0.001370458,0.000754073,-0.001557764,-0.001919871,0.002788357,0.002414925,0.002000917,-0.004400378,0.014192920,0.050385814,1.431685925,0.000000000,1.249459028,0.000000000,0.000000000,0.000000000,0.044140860,-1.435903072,0.000000000,1.303439379,0.000000000,0.000000000,0.000000000
-0.044877511,-0.042988613,0.795859098,0.045080967,-0.035237223,-0.099255078,0.993415534,-0.001360954,0.000468101,-0.001043230,0.001052083,0.002027980,0.000353398,-0.001548478,-0.001249248,-0.001916564,0.000531548,0.002534350,0.002166781,-0.000294492,-0.002774899,0.009737590,0.049397856,1.511270046,0.000000000,1.271177292,0.000000000,0.000000000,0.000000000,0.043275353,-1.510131598,0.000000000,1.314166903,0.000000000,0.000000000,0.000000000
-0.044950426,-0.042948846,0.795857131,0.044984609,-0.035158236,-0.099545881,0.993393600,-0.001595649,0.000558451,-0.000918993,0.001035506,0.002027290,0.000332446,-0.002201939,-0.001719614,-0.002038263,0.001060243,0.002457566,0.002129335,-0.000604523,-0.002319106,0.008551653,0.048409898,1.529515386,0.000000000,1.279647708,0.000000000,0.000000000,0.000000000,0.042409845,-1.529019833,0.000000000,1.316420794,0.000000000,0.000000000,0.000000000
-0.045055032,-0.042904794,0.795852363,0.044985529,-0.035087537,-0.099648274,0.993385792,-0.001978592,0.000606939,-0.000986407,0.001473027,0.001956552,0.000267024,-0.002789227,-0.002722670,-0.002327046,0.001761131,0.002387045,0.002133236,-0.001360190,-0.001542781,0.006961247,0.047421940,1.547055244,0.000000000,1.296463013,0.000000000,0.000000000,0.000000000,0.041544337,-1.557100654,0.000000000,1.318645000,0.000000000,0.000000000,0.000000000
-0.045120198,-0.042886313,0.795839369,0.044979855,-0.035027437,-0.099565506,0.993396521,-0.002409960,0.000619630,-0.000933218,0.001907783,0.001894585,0.000323897,-0.003098770,-0.003208421,-0.002094920,0.002089475,0.002328568,0.002087491,-0.001907906,-0.000846078,0.005868920,0.046433985,1.544139743,0.000000000,1.306718588,0.000000000,0.000000000,0.000000000,0.040678829,-1.563584924,0.000000000,1.320178628,0.000000000,0.000000000,0.000000000
-0.045156308,-0.042854391,0.795833111,0.045006223,-0.035035919,-0.099483639,0.993403196,-0.002477031,0.000592626,-0.000860426,0.002078222,0.001843834,0.000360502,-0.003186791,-0.003465950,-0.001992455,0.002328879,0.002267189,0.002044506,-0.002337327,-0.000375244,0.005338814,0.045446027,1.540405154,0.000000000,1.311865330,0.000000000,0.000000000,0.000000000,0.039813325,-1.560887218,0.000000000,1.321108460,0.000000000,0.000000000,0.000000000
-0.045176141,-0.042811908,0.795830488,0.045057025,-0.035131924,-0.099438787,0.993402004,-0.002267263,0.000578443,-0.000668183,0.002142636,0.001808441,0.000391401,-0.002996994,-0.003607603,-0.002072063,0.002503384,0.002211329,0.002011352,-0.002684012,0.000100674,0.004912628,0.044458069,1.537299871,0.000000000,1.316178083,0.000000000,0.000000000,0.000000000,0.038947817,-1.556961060,0.000000000,1.321281552,0.000000000,0.000000000,0.000000000
-0.045220308,-0.042712416,0.795820355,0.045049544,-0.035215579,-0.099516243,0.993391633,-0.002153157,0.000570894,-0.000010403,0.002213631,0.001750359,0.000452638,-0.002908901,-0.003805381,-0.001990975,0.002801942,0.002102321,0.001984762,-0.002857994,0.000982288,0.003956944,0.043470114,1.533993483,0.000000000,1.321424484,0.000000000,0.000000000,0.000000000,0.038082309,-1.551379800,0.000000000,1.321136355,0.000000000,0.000000000,0.000000000
-0.045259286,-0.042575419,0.795812726,0.044935513,-0.035056777,-0.099614054,0.993392587,-0.002798191,0.000534069,0.000228577,0.002529695,0.001680435,0.000526126,-0.003423630,-0.003944931,-0.001887699,0.003079829,0.001995323,0.001950825,-0.002744559,0.001687923,0.002559997,0.042482156,1.532955647,0.000000000,1.325314879,0.000000000,0.000000000,0.000000000,0.037216801,-1.546429992,0.000000000,1.320288897,0.000000000,0.000000000,0.000000000
-0.045251071,-0.042451095,0.795826793,0.045071784,-0.035025775,-0.099485584,0.993400395,-0.003046289,0.000246098,0.000248767,0.002988728,0.001618066,0.000607540,-0.003282945,-0.004350487,-0.002025802,0.003136987,0.001913616,0.001917151,-0.003272275,0.002008899,0.001921229,0.041494198,1.533993840,0.000000000,1.327260852,0.000000000,0.000000000,0.000000000,0.036351297,-1.543694735,0.000000000,1.319642067,0.000000000,0.000000000,0.000000000
-0.045248516,-0.042429455,0.795829713,0.045122344,-0.035030410,-0.099438168,0.993402660,-0.003057293,0.000164102,0.000317541,0.003088705,0.001601571,0.000618786,-0.003185455,-0.004457879,-0.002100143,0.003119609,0.001906916,0.001919834,-0.003428839,0.002046040,0.001849614,0.040506240,1.534341574,0.000000000,1.327488780,0.000000000,0.000000000,0.000000000,0.035485789,-1.543311238,0.000000000,1.319498062,0.000000000,0.000000000,0.000000000
-0.045234334,-0.042359814,0.795833528,0.045336630,-0.034978699,-0.099086039,0.993429959,-0.003159894,-0.000191590,0.000666889,0.003485695,0.001454716,0.000636598,-0.002817845,-0.004908192,-0.002669059,0.002941067,0.001885271,0.001977223,-0.004357771,0.002123024,0.001457159,0.039518286,1.536638498,0.000000000,1.328535795,0.000000000,0.000000000,0.000000000,0.034620281,-1.542463899,0.000000000,1.318590403,0.000000000,0.000000000,0.000000000
-0.045145769,-0.042318806,0.795815825,0.045316067,-0.034702431,-0.098672651,0.993481696,-0.003754587,-0.000282977,0.000953513,0.003592646,0.001300909,0.000617482,-0.002996052,-0.005039503,-0.003014687,0.002633091,0.001831383,0.001954944,-0.005092646,0.002440027,0.000592600,0.038530327,1.541324615,0.000000000,1.330436945,0.000000000,0.000000000,0.000000000,0.033754773,-1.543201685,0.000000000,1.316311836,0.000000000,0.000000000,0.000000000
-0.045000095,-0.042284887,0.795816362,0.045289848,-0.034726694,-0.098493464,0.993499815,-0.003509094,-0.000170750,0.001296267,0.003337583,0.001247523,0.000565537,-0.002742624,-0.004906162,-0.002996296,0.002545080,0.001779976,0.001875861,-0.005630159,0.002900264,0.000281338,0.037542369,1.545839071,0.000000000,1.330441236,0.000000000,0.000000000,0.000000000,0.032889266,-1.544868469,0.000000000,1.315126419,0.000000000,0.000000000,0.000000000
-0.044928342,-0.042268749,0.795818448,0.045269050,-0.034733154,-0.098434083,0.993506432,-0.003389154,-0.000139506,0.001678805,0.003233274,0.001213696,0.000533630,-0.002631698,-0.004851818,-0.003079325,0.002520543,0.001763393,0.001851878,-0.005856448,0.002995564,0.000161720,0.036554415,1.548089266,0.000000000,1.330095649,0.000000000,0.000000000,0.000000000,0.032023761,-1.546083808,0.000000000,1.314746141,0.000000000,0.000000000,0.000000000
-0.044822883,-0.042255521,0.795810640,0.045119859,-0.034501113,-0.098292202,0.993535340,-0.003778886,-0.000028428,0.002115255,0.003067882,0.001165983,0.000473370,-0.003052991,-0.004740891,-0.003392174,0.002479490,0.001716391,0.001785063,-0.006248318,0.003040853,-0.000396156,0.035566457,1.551772475,0.000000000,1.329399347,0.000000000,0.000000000,0.000000000,0.031158254,-1.548225880,0.000000000,1.314018488,0.000000000,0.000000000,0.000000000
-0.044615917,-0.042234134,0.795803964,0.045035008,-0.034323119,-0.098258674,0.993548691,-0.003955517,0.000006863,0.002267834,0.002980866,0.001044219,0.000369524,-0.003291843,-0.004673710,-0.003603144,0.002378264,0.001689908,0.001598279,-0.006431337,0.003022600,-0.000656039,0.034578498,1.556844711,0.000000000,1.328180432,0.000000000,0.000000000,0.000000000,0.030292746,-1.550967336,0.000000000,1.313467026,0.000000000,0.000000000,0.000000000
-0.044418253,-0.042239498,0.795808196,0.045089528,-0.034462105,-0.098474786,0.993520021,-0.003312499,0.000014569,0.002482539,0.002818678,0.000943031,0.000332056,-0.002866774,-0.004631229,-0.003455873,0.002334361,0.001648233,0.001471466,-0.006180151,0.003008155,-0.000405954,0.033590540,1.560116529,0.000000000,1.328132510,0.000000000,0.000000000,0.000000000,0.029427240,-1.553253889,0.000000000,1.313141584,0.000000000,0.000000000,0.000000000
-0.044330150,-0.042263366,0.795808911,0.045074582,-0.034507174,-0.098677829,0.993498981,-0.003037633,0.000037349,0.002650311,0.002711994,0.000878750,0.000334412,-0.002789020,-0.004555348,-0.003403119,0.002362394,0.001627959,0.001412584,-0.005940210,0.002944898,-0.000349625,0.032602586,1.561468482,0.000000000,1.328198195,0.000000000,0.000000000,0.000000000,0.028561732,-1.554617047,0.000000000,1.313329458,0.000000000,0.000000000,0.000000000
-0.044304658,-0.042275086,0.795808196,0.045054648,-0.034504406,-0.098749764,0.993492842,-0.002995337,0.000059349,0.002704107,0.002670272,0.000858814,0.000333376,-0.002808967,-0.004509402,-0.003414094,0.002366418,0.001617479,0.001395685,-0.005863692,0.002916978,-0.000367988,0.031614628,1.561865568,0.000000000,1.328159809,0.000000000,0.000000000,0.000000000,0.027696226,-1.555057645,0.000000000,1.313394070,0.000000000,0.000000000,0.000000000
-0.043940086,-0.042411499,0.795799553,0.044742901,-0.034197107,-0.099445820,0.993448138,-0.002915410,0.000296988,0.003434499,0.002033849,0.000594747,0.000299869,-0.003502635,-0.003903223,-0.004332364,0.002227492,0.001459955,0.001235932,-0.005219214,0.002634227,-0.001184897,0.030626670,1.566770196,0.000000000,1.327569485,0.000000000,0.000000000,0.000000000,0.026830718,-1.559214473,0.000000000,1.313306332,0.000000000,0.000000000,0.000000000
-0.043606430,-0.042514827,0.795799136,0.044576865,-0.034086835,-0.099974349,0.993406296,-0.002542818,0.000443010,0.003872500,0.001404190,0.000478667,0.000297038,-0.003711470,-0.003547308,-0.004462836,0.002102253,0.001380725,0.001112920,-0.004640772,0.002627165,-0.001661005,0.029638713,1.569200635,0.000000000,1.326616526,0.000000000,0.000000000,0.000000000,0.025965212,-1.560965776,0.000000000,1.313605785,0.000000000,0.000000000,0.000000000
-0.043381721,-0.042566121,0.795798898,0.044504538,-0.034099657,-0.100308605,0.993375421,-0.002121822,0.000523186,0.003797717,0.001003791,0.000449120,0.000256697,-0.003669030,-0.003385641,-0.004059373,0.002045806,0.001368461,0.001043020,-0.004360436,0.002678716,-0.001927206,0.028650757,1.568929553,0.000000000,1.326739788,0.000000000,0.000000000,0.000000000,0.025099704,-1.561661720,0.000000000,1.313645601,0.000000000,0.000000000,0.000000000
-0.043326240,-0.042576194,0.795799196,0.044502418,-0.034117129,-0.100382932,0.993367434,-0.001974242,0.000522062,0.003826928,0.000920412,0.000438538,0.000254060,-0.003623689,-0.003379498,-0.003889306,0.002049446,0.001367567,0.001008410,-0.004291460,0.002656102,-0.001966767,0.027662799,1.568771839,0.000000000,1.326865792,0.000000000,0.000000000,0.000000000,0.024234196,-1.561775684,0.000000000,1.313586235,0.000000000,0.000000000,0.000000000
-0.043271225,-0.042585764,0.795799851,0.044507734,-0.034139618,-0.100449301,0.993359685,-0.001813029,0.000516053,0.003855671,0.000843492,0.000428721,0.000251968,-0.003555814,-0.003378848,-0.003721992,0.002047409,0.001366102,0.000971546,-0.004218857,0.002626461,-0.001994536,0.026674842,1.568611860,0.000000000,1.326981664,0.000000000,0.000000000,0.000000000,0.023368690,-1.561842799,0.000000000,1.313480377,0.000000000,0.000000000,0.000000000
-0.043217450,-0.042595178,0.795800745,0.044518378,-0.034165498,-0.100508027,0.993352413,-0.001642530,0.000502458,0.003868441,0.000764193,0.000421721,0.000243819,-0.003468280,-0.003380899,-0.003575812,0.002033247,0.001367699,0.000935897,-0.004158691,0.002592747,-0.002014006,0.025686884,1.568482637,0.000000000,1.327102065,0.000000000,0.000000000,0.000000000,0.022503182,-1.561875820,0.000000000,1.313337088,0.000000000,0.000000000,0.000000000
-0.043165304,-0.042605039,0.795802176,0.044532429,-0.034191009,-0.100557536,0.993345857,-0.001473866,0.000482833,0.003857372,0.000695188,0.000409847,0.000239793,-0.003368960,-0.003381375,-0.003472125,0.002017910,0.001359088,0.000905721,-0.004117740,0.002552761,-0.002021107,0.024698928,1.568407416,0.000000000,1.327265382,0.000000000,0.000000000,0.000000000,0.021637676,-1.561932087,0.000000000,1.313221455,0.000000000,0.000000000,0.000000000
-0.042472422,-0.042819250,0.795784354,0.044424787,-0.033952679,-0.100872211,0.993326962,-0.001069608,0.000545600,0.003815127,0.000521983,0.000021018,0.000099049,-0.003078749,-0.002942339,-0.002803221,0.001516254,0.001268299,0.000656079,-0.003777021,0.002200191,-0.003052916,0.023710970,1.568814397,0.000000000,1.329603076,0.000000000,0.000000000,0.000000000,0.020772168,-1.563179135,0.000000000,1.312219620,0.000000000,0.000000000,0.000000000
-0.042091034,-0.042820953,0.795766294,0.044372246,-0.033843204,-0.101005308,0.993319511,-0.000837797,0.000347140,0.003585612,0.000352186,-0.000121552,0.000129930,-0.003025149,-0.002561339,-0.002063352,0.001445908,0.001092169,0.000465949,-0.003349893,0.002256352,-0.003529998,0.022723014,1.567484379,0.000000000,1.331641316,0.000000000,0.000000000,0.000000000,0.019906662,-1.563139081,0.000000000,1.311772704,0.000000000,0.000000000,0.000000000
-0.042046171,-0.042819057,0.795766234,0.044403177,-0.033880677,-0.101012737,0.993316114,-0.000668291,0.000299901,0.003538781,0.000324114,-0.000135505,0.000137385,-0.002882828,-0.002537167,-0.001991428,0.001453362,0.001057269,0.000442382,-0.003328739,0.002251980,-0.003492012,0.021735057,1.567216516,0.000000000,1.331842780,0.000000000,0.000000000,0.000000000,0.019041155,-1.563115001,0.000000000,1.311719418,0.000000000,0.000000000,0.000000000
-0.041794341,-0.042856947,0.795771062,0.044643987,-0.034181491,-0.101066686,0.993289530,0.000449934,0.000003426,0.002915118,0.000305522,-0.000211801,0.000207700,-0.001839794,-0.002461579,-0.001258540,0.001654843,0.000732958,0.000332664,-0.003145500,0.002189212,-0.003127898,0.020747099,1.564998031,0.000000000,1.333329082,0.000000000,0.000000000,0.000000000,0.018175649,-1.562771559,0.000000000,1.311243296,0.000000000,0.000000000,0.000000000
-0.041748159,-0.042893384,0.795770824,0.044721417,-0.034164913,-0.100961380,0.993297338,0.000418530,-0.000110522,0.002526603,0.000552902,-0.000261620,0.000263228,-0.001775308,-0.002497583,-0.000797511,0.001879814,0.000587320,0.000306364,-0.003072723,0.002080188,-0.003256045,0.019759143,1.564135194,0.000000000,1.334780216,0.000000000,0.000000000,0.000000000,0.017310141,-1.562619686,0.000000000,1.310984135,0.000000000,0.000000000,0.000000000
-0.041670211,-0.042959403,0.795766771,0.044791780,-0.033940386,-0.100600272,0.993338466,-0.000017634,-0.000286083,0.002182133,0.000914535,-0.000432388,0.000258741,-0.002009977,-0.002521009,-0.000777335,0.001955715,0.000478974,0.000258652,-0.003107055,0.001894121,-0.003431470,0.018771185,1.564188242,0.000000000,1.336188436,0.000000000,0.000000000,0.000000000,0.016444633,-1.562806368,0.000000000,1.311273575,0.000000000,0.000000000,0.000000000
-0.041528177,-0.043029759,0.795766652,0.044837557,-0.033925924,-0.100331381,0.993364096,-0.000015076,-0.000241955,0.001653861,0.001083139,-0.000509214,0.000225914,-0.001632573,-0.002287615,-0.000789525,0.001637556,0.000468036,0.000261260,-0.003330539,0.001994114,-0.003189577,0.017783228,1.564267516,0.000000000,1.336235046,0.000000000,0.000000000,0.000000000,0.015579127,-1.563451767,0.000000000,1.311711550,0.000000000,0.000000000,0.000000000
-0.041401874,-0.043090839,0.795762122,0.044790942,-0.033913877,-0.100210913,0.993378758,-0.000031740,-0.000220957,0.001730578,0.001003605,-0.000509637,0.000243449,-0.001257055,-0.001901043,-0.000401958,0.001136827,0.000389296,0.000226551,-0.003252622,0.002170879,-0.003015306,0.016795270,1.564126611,0.000000000,1.335640192,0.000000000,0.000000000,0.000000000,0.014713620,-1.563850522,0.000000000,1.311489105,0.000000000,0.000000000,0.000000000
-0.041292466,-0.043126367,0.795766890,0.044878919,-0.033957362,-0.099952586,0.993399322,0.000335076,-0.000359327,0.001606160,0.000650560,-0.000417454,0.000258048,-0.000748915,-0.001710668,-0.000019390,0.000765636,0.000317200,0.000233635,-0.002977836,0.001988709,-0.002578068,0.015807314,1.563775897,0.000000000,1.335937619,0.000000000,0.000000000,0.000000000,0.013848113,-1.564283133,0.000000000,1.310908079,0.000000000,0.000000000,0.000000000
-0.041278906,-0.043139171,0.795769155,0.044955030,-0.033963259,-0.099751025,0.993415952,0.000472857,-0.000414282,0.001417792,0.000503844,-0.000348461,0.000270305,-0.000596775,-0.001723608,-0.000214479,0.000778217,0.000281837,0.000244184,-0.002902513,0.001872782,-0.002393367,0.014819357,1.563647151,0.000000000,1.336617351,0.000000000,0.000000000,0.000000000,0.012982606,-1.564392924,0.000000000,1.310750127,0.000000000,0.000000000,0.000000000
-0.041288592,-0.043162901,0.795769095,0.045003746,-0.033923276,-0.099546112,0.993435681,0.000446051,-0.000398822,0.001265827,0.000434740,-0.000307720,0.000266257,-0.000603493,-0.001758754,-0.000419334,0.000843345,0.000255667,0.000277118,-0.002806979,0.001778281,-0.002319943,0.013831399,1.563708782,0.000000000,1.337128162,0.000000000,0.000000000,0.000000000,0.012117098,-1.564629674,0.000000000,1.310919285,0.000000000,0.000000000,0.000000000
-0.041319121,-0.043199357,0.795763552,0.044971194,-0.033799425,-0.099384248,0.993457556,0.000069506,-0.000342534,0.001129865,0.000494934,-0.000281667,0.000259778,-0.000877394,-0.001705380,-0.000711423,0.000921892,0.000214635,0.000309416,-0.002687540,0.001752068,-0.002431105,0.012843442,1.564035177,0.000000000,1.337217093,0.000000000,0.000000000,0.000000000,0.011251591,-1.564868927,0.000000000,1.311140180,0.000000000,0.000000000,0.000000000
-0.041356079,-0.043261655,0.795744061,0.044777289,-0.033432890,-0.099173166,0.993499815,-0.001108334,-0.000153072,0.001017262,0.000707323,-0.000274994,0.000220583,-0.001733063,-0.001477572,-0.000804045,0.000856997,0.000214015,0.000325725,-0.002423046,0.001676164,-0.002839308,0.011855485,1.565008044,0.000000000,1.336933017,0.000000000,0.000000000,0.000000000,0.010386084,-1.565098405,0.000000000,1.311319947,0.000000000,0.000000000,0.000000000
-0.041290142,-0.043274481,0.795745909,0.044824194,-0.033470169,-0.098961785,0.993517518,-0.001076748,-0.000140531,0.000989587,0.000813541,-0.000309791,0.000175332,-0.001345607,-0.001243107,-0.000870010,0.000505929,0.000218240,0.000275111,-0.002187564,0.001430442,-0.002475861,0.010867529,1.565685511,0.000000000,1.337386966,0.000000000,0.000000000,0.000000000,0.009520577,-1.565771937,0.000000000,1.311167717,0.000000000,0.000000000,0.000000000
-0.041222803,-0.043312564,0.795745313,0.044944577,-0.033582304,-0.098653942,0.993538916,-0.000618775,-0.000209785,0.000985368,0.000654711,-0.000310395,0.000096776,-0.000688965,-0.000977956,-0.001231779,0.000081147,0.000238192,0.000218630,-0.002121960,0.001231822,-0.001907402,0.009879571,1.565962315,0.000000000,1.338439703,0.000000000,0.000000000,0.000000000,0.008655070,-1.566301107,0.000000000,1.310880661,0.000000000,0.000000000,0.000000000
-0.041195609,-0.043401171,0.795730054,0.044940997,-0.033574149,-0.098384812,0.993566036,-0.000478664,-0.000167787,0.000972151,0.000291196,-0.000220289,0.000077604,-0.000547733,-0.000682612,-0.001156419,-0.000109457,0.000197085,0.000161758,-0.001980577,0.001188229,-0.001580121,0.008891614,1.566331625,0.000000000,1.338918924,0.000000000,0.000000000,0.000000000,0.007789563,-1.566975832,0.000000000,1.310323596,0.000000000,0.000000000,0.000000000
-0.041192584,-0.043463506,0.795722127,0.044899970,-0.033598453,-0.098311678,0.993574321,-0.000435600,0.000026239,0.000856166,0.000104196,-0.000164391,0.000022895,-0.000635863,-0.000592923,-0.000603338,0.000039701,0.000182570,0.000157583,-0.001683744,0.001110590,-0.001391718,0.007903657,1.567423224,0.000000000,1.338375449,0.000000000,0.000000000,0.000000000,0.006924056,-1.568079352,0.000000000,1.309617162,0.000000000,0.000000000,0.000000000
-0.041209012,-0.043500196,0.795729399,0.044947330,-0.033632893,-0.098198071,0.993582249,-0.000416101,0.000109276,0.000646798,0.000187486,-0.000176590,-0.000013618,-0.000639284,-0.000629076,-0.000455557,0.000285337,0.000153190,0.000141461,-0.001404477,0.000868976,-0.001132818,0.006915700,1.568218470,0.000000000,1.338503599,0.000000000,0.000000000,0.000000000,0.006058549,-1.568592548,0.000000000,1.309504032,0.000000000,0.000000000,0.000000000
-0.041217536,-0.043508470,0.795730352,0.044947904,-0.033618987,-0.098170623,0.993585408,-0.000484379,0.000117212,0.000561705,0.000230012,-0.000178092,-0.000021293,-0.000682819,-0.000618123,-0.000509414,0.000326867,0.000146008,0.000128070,-0.001353492,0.000824328,-0.001118407,0.005927742,1.568296194,0.000000000,1.338599682,0.000000000,0.000000000,0.000000000,0.005193042,-1.568650246,0.000000000,1.309569597,0.000000000,0.000000000,0.000000000
-0.041247912,-0.043567862,0.795730889,0.044930059,-0.033513524,-0.098053023,0.993601382,-0.000864511,0.000117571,0.000395563,0.000396582,-0.000188266,-0.000053260,-0.000901170,-0.000426454,-0.000916682,0.000370692,0.000097785,0.000032101,-0.000990010,0.000583133,-0.001055200,0.004939786,1.568329334,0.000000000,1.339557528,0.000000000,0.000000000,0.000000000,0.004327535,-1.568962336,0.000000000,1.310221195,0.000000000,0.000000000,0.000000000
-0.041219782,-0.043603797,0.795724630,0.044974789,-0.033569850,-0.098016396,0.993601084,-0.000647262,0.000052672,0.000453319,0.000300115,-0.000181719,-0.000072300,-0.000650463,-0.000283507,-0.000812616,0.000200060,0.000068827,0.000003101,-0.000601035,0.000418950,-0.000766855,0.003951828,1.568925142,0.000000000,1.339762568,0.000000000,0.000000000,0.000000000,0.003462028,-1.569280267,0.000000000,1.310438752,0.000000000,0.000000000,0.000000000
-0.041187473,-0.043625142,0.795718551,0.045041364,-0.033743076,-0.098033689,0.993590474,-0.000131457,-0.000002223,0.000224394,0.000088618,-0.000104997,-0.000037253,-0.000144739,-0.000069449,-0.000158783,-0.000012780,0.000033939,-0.000003202,-0.000177304,0.000180544,-0.000236299,0.002963871,1.570258617,0.000000000,1.339792371,0.000000000,0.000000000,0.000000000,0.002596521,-1.570076704,0.000000000,1.310221314,0.000000000,0.000000000,0.000000000
-0.041188478,-0.043628126,0.795718968,0.045050994,-0.033769384,-0.098040380,0.993588507,-0.000069210,-0.000001269,0.000175925,0.000053942,-0.000072256,-0.000023450,-0.000081379,-0.000043197,-0.000083381,-0.000017671,0.000021352,-0.000006472,-0.000112968,0.000125433,-0.000148684,0.001975914,1.570460916,0.000000000,1.339871049,0.000000000,0.000000000,0.000000000,0.001731014,-1.570297837,0.000000000,1.310120225,0.000000000,0.000000000,0.000000000
-0.041193437,-0.043631554,0.795719564,0.045058601,-0.033790760,-0.098046333,0.993586838,-0.000026510,0.000003412,0.000095769,0.000025749,-0.000038257,-0.000013076,-0.000033063,-0.000016788,-0.000036512,-0.000010969,0.000007630,-0.000006924,-0.000052239,0.000067098,-0.000069192,0.000987957,1.570639491,0.000000000,1.339976072,0.000000000,0.000000000,0.000000000,0.000865507,-1.570538521,0.000000000,1.310011983,0.000000000,0.000000000,0.000000000
-0.041202657,-0.043634266,0.795720458,0.045064859,-0.033808801,-0.098051719,0.993585408,0.000000000,0.000000000,0.000000000,0.000000000,0.000000000,0.000000000,0.000000000,0.000000000,0.000000000,-0.000000000,-0.000000000,0.000000000,0.000000000,0.000000000,0.000000000,0.000000000,1.570796371,0.000000000,1.340098858,0.000000000,0.000000000,0.000000000,0.000000000,-1.570796371,0.000000000,1.309879780,0.000000000,0.000000000,0.000000000
-0.041215211,-0.043635953,0.795721829,0.045071971,-0.033827186,-0.098055132,0.993584156,0.000023516,0.000001371,-0.000096244,-0.000016981,0.000037046,0.000019704,0.000029900,0.000009180,0.000030819,0.000020676,-0.000006304,0.000002093,0.000054858,-0.000060848,0.000064974,-0.000987957,1.570667744,0.000000000,1.340224862,0.000000000,0.000000000,0.000000000,-0.000865507,-1.570537090,0.000000000,1.309752584,0.000000000,0.000000000,0.000000000
-0.041369330,-0.043649241,0.795726597,0.045088131,-0.033783346,-0.098016091,0.993588746,-0.000304081,0.000032632,-0.000586683,0.000033693,0.000239786,0.000099836,-0.000210067,-0.000098649,0.000359354,0.000264572,-0.000041430,0.000024250,0.000329902,-0.000447212,0.000171023,-0.001975914,1.569729924,0.000000000,1.341014028,0.000000000,0.000000000,0.000000000,-0.001731014,-1.569781542,0.000000000,1.309936881,0.000000000,0.000000000,0.000000000
-0.041579705,-0.043702647,0.795720935,0.045295570,-0.033958692,-0.097695835,0.993604898,-0.000182306,-0.000180916,-0.001389586,0.000255503,0.000447557,0.000134654,0.000210396,0.000056011,0.000770506,0.000309088,-0.000078346,0.000034108,0.000500702,-0.000825560,0.000912232,-0.002963871,1.567741752,0.000000000,1.342755795,0.000000000,0.000000000,0.000000000,-0.002596521,-1.568168759,0.000000000,1.310905814,0.000000000,0.000000000,0.000000000
-0.041590553,-0.043702979,0.795721591,0.045288384,-0.033963736,-0.097711481,0.993603468,-0.000180748,-0.000187896,-0.001327194,0.000225707,0.000461879,0.000140594,0.000195946,0.000068304,0.000810036,0.000312993,-0.000075295,0.000040377,0.000561653,-0.000846256,0.000931749,-0.003951828,1.567524791,0.000000000,1.342819214,0.000000000,0.000000000,0.000000000,-0.003462028,-1.568003416,0.000000000,1.310815215,0.000000000,0.000000000,0.000000000
-0.041663546,-0.043694317,0.795725584,0.045257565,-0.033956684,-0.097769231,0.993599474,-0.000336974,-0.000173186,-0.001236559,0.000201330,0.000537095,0.000162495,0.000061306,0.000071904,0.000981115,0.000342375,-0.000061903,0.000096443,0.000925142,-0.000951907,0.000996772,-0.004939786,1.566467285,0.000000000,1.342951059,0.000000000,0.000000000,0.000000000,-0.004327535,-1.567442775,0.000000000,1.310446739,0.000000000,0.000000000,0.000000000
-0.041761797,-0.043686204,0.795729280,0.045290709,-0.033967804,-0.097774215,0.993597090,-0.000548032,-0.000180440,-0.001557372,0.000365146,0.000614167,0.000189569,-0.000001363,-0.000002840,0.001103746,0.000406372,-0.000070589,0.000156084,0.001219477,-0.001090301,0.001181127,-0.005927742,1.565690398,0.000000000,1.343243361,0.000000000,0.000000000,0.000000000,-0.005193042,-1.567126036,0.000000000,1.310724616,0.000000000,0.000000000,0.000000000
-0.041920800,-0.043694533,0.795732260,0.045422293,-0.034051653,-0.097657569,0.993599653,-0.000613918,-0.000214824,-0.002081093,0.000614186,0.000694165,0.000235173,0.000088699,-0.000196166,0.001152207,0.000579461,-0.000090832,0.000200376,0.001168639,-0.001124286,0.001633601,-0.006915700,1.565039396,0.000000000,1.343639493,0.000000000,0.000000000,0.000000000,-0.006058549,-1.567186475,0.000000000,1.311437130,0.000000000,0.000000000,0.000000000
-0.042063992,-0.043713748,0.795732379,0.045432366,-0.034004346,-0.097530358,0.993613303,-0.000911467,-0.000239191,-0.002080590,0.000735935,0.000718276,0.000211551,-0.000055947,-0.000202680,0.000767737,0.000605335,-0.000089295,0.000261715,0.001050958,-0.001032018,0.001848874,-0.007903657,1.564467192,0.000000000,1.343910933,0.000000000,0.000000000,0.000000000,-0.006924056,-1.567534804,0.000000000,1.311791897,0.000000000,0.000000000,0.000000000
-0.042174410,-0.043720219,0.795737982,0.045343064,-0.033892859,-0.097404674,0.993633568,-0.001398619,-0.000224997,-0.001908574,0.000786179,0.000744477,0.000188126,-0.000384658,-0.000112793,0.000594542,0.000541707,-0.000096011,0.000430509,0.001030972,-0.001012256,0.002014423,-0.008891614,1.563920736,0.000000000,1.344456434,0.000000000,0.000000000,0.000000000,-0.007789563,-1.567847013,0.000000000,1.312092662,0.000000000,0.000000000,0.000000000
-0.042187583,-0.043717757,0.795739114,0.045335967,-0.033885818,-0.097377628,0.993636727,-0.001451990,-0.000221048,-0.001919700,0.000796366,0.000751276,0.000190180,-0.000421119,-0.000115489,0.000604590,0.000548674,-0.000099888,0.000473854,0.001012331,-0.001017418,0.002061167,-0.009879571,1.563839674,0.000000000,1.344499588,0.000000000,0.000000000,0.000000000,-0.008655070,-1.567846894,0.000000000,1.312118649,0.000000000,0.000000000,0.000000000
-0.042252284,-0.043677058,0.795738995,0.045374081,-0.033948448,-0.097208858,0.993649423,-0.001401854,-0.000245221,-0.001903612,0.000762749,0.000819712,0.000246645,-0.000314501,-0.000259951,0.000828760,0.000568438,-0.000107148,0.000661489,0.000919685,-0.001076447,0.002461345,-0.010867529,1.563391566,0.000000000,1.344633341,0.000000000,0.000000000,0.000000000,-0.009520577,-1.568089604,0.000000000,1.312399149,0.000000000,0.000000000,0.000000000
-0.042341240,-0.043634363,0.795736134,0.045405481,-0.034002759,-0.097067028,0.993659973,-0.001418409,-0.000160962,-0.002377155,0.000786790,0.000895331,0.000267334,-0.000217223,-0.000365535,0.001127082,0.000598465,-0.000140511,0.000765636,0.000837346,-0.001224148,0.002822222,-0.011855485,1.563305259,0.000000000,1.345031261,0.000000000,0.000000000,0.000000000,-0.010386084,-1.567669392,0.000000000,1.312065601,0.000000000,0.000000000,0.000000000
-0.042385560,-0.043621231,0.795733690,0.045385636,-0.033983488,-0.097078107,0.993660450,-0.001560195,-0.000117946,-0.002543298,0.000814781,0.000930918,0.000288023,-0.000330949,-0.000374388,0.001299330,0.000665546,-0.000163917,0.000788179,0.000884673,-0.001276786,0.002839195,-0.012843442,1.563210607,0.000000000,1.345338821,0.000000000,0.000000000,0.000000000,-0.011251591,-1.567411423,0.000000000,1.312014103,0.000000000,0.000000000,0.000000000
-0.042449951,-0.043588299,0.795727789,0.045369174,-0.033972632,-0.097141661,0.993655384,-0.001678953,-0.000118807,-0.002780885,0.000834625,0.000937456,0.000328940,-0.000481048,-0.000379574,0.001407114,0.000809630,-0.000225937,0.000863007,0.000971617,-0.001325288,0.002846602,-0.013831399,1.562774181,0.000000000,1.345695019,0.000000000,0.000000000,0.000000000,-0.012117098,-1.566897154,0.000000000,1.312074184,0.000000000,0.000000000,0.000000000
-0.042479783,-0.043555889,0.795725346,0.045403950,-0.034019604,-0.097193584,0.993647099,-0.001561762,-0.000194756,-0.002936783,0.000845471,0.000920880,0.000350429,-0.000425298,-0.000421952,0.001381769,0.000925059,-0.000313619,0.001003444,0.000999475,-0.001355752,0.002925421,-0.014819357,1.562222958,0.000000000,1.345774651,0.000000000,0.000000000,0.000000000,-0.012982606,-1.566370726,0.000000000,1.312286496,0.000000000,0.000000000,0.000000000
-0.042504579,-0.043522589,0.795725942,0.045435339,-0.034047909,-0.097255148,0.993638694,-0.001457219,-0.000370426,-0.002848421,0.000914773,0.000827283,0.000410963,-0.000471030,-0.000449491,0.001321341,0.001173212,-0.000457037,0.001113837,0.001056793,-0.001352723,0.002992369,-0.015807314,1.561487794,0.000000000,1.345822096,0.000000000,0.000000000,0.000000000,-0.013848113,-1.565996647,0.000000000,1.312827826,0.000000000,0.000000000,0.000000000
-0.042463433,-0.043484196,0.795737743,0.045487422,-0.034146674,-0.097359762,0.993622661,-0.001250723,-0.000490066,-0.002864295,0.001182352,0.000678379,0.000456198,-0.000307947,-0.000491950,0.001312051,0.001396989,-0.000522696,0.001190641,0.001093018,-0.001364379,0.003243041,-0.016795270,1.561099887,0.000000000,1.345969439,0.000000000,0.000000000,0.000000000,-0.014713620,-1.565225363,0.000000000,1.313175440,0.000000000,0.000000000,0.000000000
-0.042427480,-0.043457579,0.795743883,0.045502592,-0.034235355,-0.097495362,0.993605614,-0.001174155,-0.000503674,-0.003054181,0.001471303,0.000590497,0.000540073,-0.000175895,-0.000474558,0.001651163,0.001557179,-0.000584914,0.001249602,0.001200360,-0.001406872,0.003432245,-0.017783228,1.560450792,0.000000000,1.345698595,0.000000000,0.000000000,0.000000000,-0.015579127,-1.564903378,0.000000000,1.313292265,0.000000000,0.000000000,0.000000000
-0.042417638,-0.043450236,0.795745671,0.045502171,-0.034250021,-0.097539276,0.993600786,-0.001189553,-0.000515043,-0.003073718,0.001593384,0.000542522,0.000569831,-0.000161038,-0.000448973,0.001698970,0.001619235,-0.000621203,0.001268332,0.001251263,-0.001438328,0.003488487,-0.018771185,1.560170174,0.000000000,1.345561385,0.000000000,0.000000000,0.000000000,-0.016444633,-1.564792633,0.000000000,1.313269854,0.000000000,0.000000000,0.000000000
-0.042394549,-0.043435514,0.795749545,0.045499299,-0.034235932,-0.097600423,0.993595421,-0.001225893,-0.000565255,-0.003005493,0.001726332,0.000475107,0.000603309,-0.000233884,-0.000468283,0.001791082,0.001748007,-0.000671682,0.001279773,0.001317503,-0.001505277,0.003550625,-0.019759143,1.559671640,0.000000000,1.345360994,0.000000000,0.000000000,0.000000000,-0.017310141,-1.564356565,0.000000000,1.313125253,0.000000000,0.000000000,0.000000000
-0.042254765,-0.043365952,0.795761824,0.045540284,-0.034310859,-0.097721495,0.993579090,-0.000769581,-0.000666175,-0.002778844,0.001725318,0.000277795,0.000604123,-0.000006768,-0.000441579,0.001585020,0.001899464,-0.000781091,0.001290320,0.001344895,-0.001625035,0.003842301,-0.020747099,1.558856130,0.000000000,1.345661759,0.000000000,0.000000000,0.000000000,-0.018175649,-1.563665628,0.000000000,1.313596964,0.000000000,0.000000000,0.000000000
-0.042216331,-0.043356653,0.795763195,0.045537394,-0.034321543,-0.097767942,0.993574262,-0.000677592,-0.000688369,-0.002743628,0.001708957,0.000233952,0.000598260,0.000048156,-0.000403377,0.001503583,0.001892180,-0.000805075,0.001285487,0.001350136,-0.001659427,0.003904222,-0.021735057,1.558718443,0.000000000,1.345966458,0.000000000,0.000000000,0.000000000,-0.019041155,-1.563614726,0.000000000,1.313747287,0.000000000,0.000000000,0.000000000
-0.042170845,-0.043345515,0.795761585,0.045485307,-0.034275860,-0.097862542,0.993568897,-0.000757316,-0.000739217,-0.002663129,0.001696282,0.000199226,0.000604492,-0.000049284,-0.000323980,0.001442751,0.001893608,-0.000862838,0.001281210,0.001382513,-0.001682387,0.003868849,-0.022723014,1.558435559,0.000000000,1.346387148,0.000000000,0.000000000,0.000000000,-0.019906662,-1.563518763,0.000000000,1.313965678,0.000000000,0.000000000,0.000000000
-0.042061515,-0.043317698,0.795754075,0.045394715,-0.034181338,-0.098016210,0.993561149,-0.000876816,-0.000818228,-0.002150952,0.001667295,0.000100513,0.000611684,-0.000298072,-0.000178792,0.001469022,0.001945269,-0.000941989,0.001253492,0.001392071,-0.001707692,0.003797462,-0.023710970,1.557475209,0.000000000,1.346726060,0.000000000,0.000000000,0.000000000,-0.020772168,-1.563265562,0.000000000,1.314271808,0.000000000,0.000000000,0.000000000
-0.042038657,-0.043311693,0.795753956,0.045397587,-0.034185484,-0.098024763,0.993560016,-0.000840494,-0.000840233,-0.002140796,0.001675008,0.000079411,0.000607180,-0.000276297,-0.000162485,0.001462406,0.001948225,-0.000948723,0.001247421,0.001371041,-0.001719421,0.003830995,-0.024698928,1.557280779,0.000000000,1.346720338,0.000000000,0.000000000,0.000000000,-0.021637676,-1.563211679,0.000000000,1.314261675,0.000000000,0.000000000,0.000000000
-0.042015798,-0.043305088,0.795754135,0.045403473,-0.034193665,-0.098029107,0.993559062,-0.000793016,-0.000863154,-0.002142080,0.001684580,0.000059189,0.000607670,-0.000245632,-0.000153215,0.001473469,0.001955304,-0.000957329,0.001246196,0.001349165,-0.001723960,0.003875619,-0.025686884,1.557086945,0.000000000,1.346710920,0.000000000,0.000000000,0.000000000,-0.022503182,-1.563138127,0.000000000,1.314196944,0.000000000,0.000000000,0.000000000
-0.041993171,-0.043298889,0.795754373,0.045412216,-0.034204088,-0.098032907,0.993557930,-0.000736553,-0.000884927,-0.002140079,0.001688809,0.000043187,0.000606091,-0.000204408,-0.000148976,0.001488387,0.001959477,-0.000968235,0.001237466,0.001333741,-0.001724242,0.003929429,-0.026674842,1.556894064,0.000000000,1.346709371,0.000000000,0.000000000,0.000000000,-0.023368690,-1.563022494,0.000000000,1.314116597,0.000000000,0.000000000,0.000000000
-0.041970856,-0.043293327,0.795754671,0.045421500,-0.034216691,-0.098036498,0.993556738,-0.000672274,-0.000904845,-0.002135783,0.001689405,0.000025147,0.000600013,-0.000157141,-0.000144297,0.001488930,0.001965824,-0.000982132,0.001235745,0.001311985,-0.001734090,0.003986459,-0.027662799,1.556704521,0.000000000,1.346712708,0.000000000,0.000000000,0.000000000,-0.024234196,-1.562872887,0.000000000,1.314040661,0.000000000,0.000000000,0.000000000
-0.041731965,-0.043268785,0.795767128,0.045358792,-0.034169968,-0.098087065,0.993556201,-0.000345763,-0.000857573,-0.001550499,0.001522503,-0.000191927,0.000585917,-0.000057371,0.000014367,0.001146614,0.001802087,-0.001029121,0.001216791,0.001384358,-0.002220913,0.004681883,-0.028650757,1.554484844,0.000000000,1.347954988,0.000000000,0.000000000,0.000000000,-0.025099704,-1.561230421,0.000000000,1.314035535,0.000000000,0.000000000,0.000000000
-0.041674316,-0.043259062,0.795765340,0.045259342,-0.034059972,-0.098090857,0.993564129,-0.000538380,-0.000816946,-0.001113544,0.001378136,-0.000209975,0.000564851,-0.000285966,0.000186206,0.000991478,0.001670927,-0.001059068,0.001191077,0.001553736,-0.002455204,0.004768510,-0.029638713,1.553249002,0.000000000,1.347757220,0.000000000,0.000000000,0.000000000,-0.025965212,-1.560524106,0.000000000,1.313818097,0.000000000,0.000000000,0.000000000
-0.041608296,-0.043232501,0.795763493,0.045263257,-0.034103848,-0.098030865,0.993568361,-0.000329014,-0.000780920,-0.001045886,0.001284001,-0.000230837,0.000547696,-0.000157921,0.000247979,0.001086934,0.001617352,-0.001050958,0.001173392,0.001417349,-0.002619647,0.005405629,-0.030626670,1.551025748,0.000000000,1.347374082,0.000000000,0.000000000,0.000000000,-0.026830718,-1.558163762,0.000000000,1.313232064,0.000000000,0.000000000,0.000000000
-0.041581411,-0.043236010,0.795761764,0.045271736,-0.034117557,-0.097927459,0.993577719,-0.000220418,-0.000691864,-0.001183536,0.001255422,-0.000273120,0.000486622,-0.000111505,0.000253609,0.001071846,0.001587401,-0.001001670,0.001164905,0.001113336,-0.002610428,0.005987684,-0.031614628,1.548543334,0.000000000,1.347100496,0.000000000,0.000000000,0.000000000,-0.027696226,-1.554997921,0.000000000,1.312345862,0.000000000,0.000000000,0.000000000
-0.041556615,-0.043260437,0.795764446,0.045241147,-0.034111299,-0.097916529,0.993580401,-0.000223569,-0.000632436,-0.000882975,0.001221593,-0.000295397,0.000453799,-0.000117381,0.000324330,0.001043367,0.001536586,-0.000946826,0.001131364,0.000941708,-0.002636695,0.006490115,-0.032602586,1.544734955,0.000000000,1.347230673,0.000000000,0.000000000,0.000000000,-0.028561732,-1.550625682,0.000000000,1.312066197,0.000000000,0.000000000,0.000000000
-0.041556071,-0.043263227,0.795764744,0.045226760,-0.034104377,-0.097930662,0.993579924,-0.000251620,-0.000612302,-0.000818863,0.001210770,-0.000292303,0.000453262,-0.000144836,0.000340062,0.001058803,0.001528261,-0.000942111,0.001127797,0.000941478,-0.002639404,0.006546857,-0.033590540,1.544014454,0.000000000,1.347248554,0.000000000,0.000000000,0.000000000,-0.029427240,-1.549753547,0.000000000,1.312075019,0.000000000,0.000000000,0.000000000
-0.041579861,-0.043272756,0.795769274,0.045073938,-0.033904374,-0.098077290,0.993579209,-0.000657241,-0.000516619,-0.000295122,0.000898934,-0.000240247,0.000418970,-0.000655560,0.000487386,0.000843216,0.001336029,-0.000921453,0.001097082,0.001296424,-0.002675119,0.006972942,-0.034578498,1.533560753,0.000000000,1.347219706,0.000000000,0.000000000,0.000000000,-0.030292746,-1.538365245,0.000000000,1.313102841,0.000000000,0.000000000,0.000000000
-0.041574903,-0.043276552,0.795771956,0.045028798,-0.033794105,-0.098064974,0.993586242,-0.000812064,-0.000522900,-0.000074793,0.000729399,-0.000221935,0.000399267,-0.000858414,0.000542709,0.000505859,0.001229437,-0.000917959,0.001114198,0.001388777,-0.002562967,0.006998905,-0.035566457,1.528861046,0.000000000,1.347048402,0.000000000,0.000000000,0.000000000,-0.031158254,-1.534517527,0.000000000,1.313296914,0.000000000,0.000000000,0.000000000
-0.041542977,-0.043286510,0.795773625,0.044973008,-0.033647228,-0.098012663,0.993598938,-0.001019002,-0.000555734,0.000163961,0.000507149,-0.000199490,0.000368344,-0.001087037,0.000614199,0.000042159,0.001063218,-0.000897875,0.001161036,0.001446447,-0.002263216,0.007074392,-0.036554415,1.519254684,0.000000000,1.346344590,0.000000000,0.000000000,0.000000000,-0.032023761,-1.527025342,0.000000000,1.313345909,0.000000000,0.000000000,0.000000000
-0.041496642,-0.043275837,0.795763254,0.044934236,-0.033598375,-0.097933024,0.993610203,-0.001126504,-0.000566927,0.000415824,0.000388367,-0.000144001,0.000379103,-0.001119093,0.000655307,0.000101979,0.000946925,-0.000880686,0.001222717,0.001318716,-0.002107154,0.007449518,-0.037542369,1.506441832,0.000000000,1.344502687,0.000000000,0.000000000,0.000000000,-0.032889266,-1.515694976,0.000000000,1.313368559,0.000000000,0.000000000,0.000000000
-0.041474015,-0.043235429,0.795750380,0.044956449,-0.033667900,-0.097837299,0.993616223,-0.001038208,-0.000563030,0.000332715,0.000470469,-0.000128435,0.000380734,-0.000887035,0.000718559,0.000508411,0.000895955,-0.000884569,0.001220152,0.001127831,-0.002205910,0.008081455,-0.038530327,1.494031906,0.000000000,1.342483759,0.000000000,0.000000000,0.000000000,-0.033754773,-1.504932523,0.000000000,1.312640548,0.000000000,0.000000000,0.000000000
-0.041472465,-0.043225355,0.795748055,0.044964619,-0.033678122,-0.097811669,0.993618071,-0.001019429,-0.000564543,0.000305030,0.000489809,-0.000130555,0.000379768,-0.000847177,0.000719878,0.000600996,0.000888692,-0.000884511,0.001214636,0.001090335,-0.002237675,0.008220278,-0.039518286,1.491138697,0.000000000,1.342028856,0.000000000,0.000000000,0.000000000,-0.034620281,-1.502631187,0.000000000,1.312507153,0.000000000,0.000000000,0.000000000
-0.041449763,-0.043174602,0.795741737,0.045043606,-0.033726066,-0.097652338,0.993628502,-0.000811425,-0.000636471,0.000161963,0.000510457,-0.000161033,0.000365126,-0.000513224,0.000845199,0.000516295,0.000770317,-0.000908414,0.001178406,0.001111997,-0.002176161,0.008779307,-0.040506240,1.474017382,0.000000000,1.339133143,0.000000000,0.000000000,0.000000000,-0.035485789,-1.490409374,0.000000000,1.311778903,0.000000000,0.000000000,0.000000000
-0.041383665,-0.043156158,0.795742750,0.045054860,-0.033721015,-0.097588375,0.993634462,-0.000645644,-0.000710211,0.000369188,0.000380380,-0.000209376,0.000354658,-0.000195710,0.001190415,0.000085929,0.000474570,-0.000942859,0.001223826,0.001187730,-0.001610776,0.009026185,-0.041494198,1.451867580,0.000000000,1.333302975,0.000000000,0.000000000,0.000000000,-0.036351297,-1.471815228,0.000000000,1.313123465,0.000000000,0.000000000,0.000000000
-0.041307807,-0.043147035,0.795741200,0.044954211,-0.033627443,-0.097755753,0.993625760,-0.000847983,-0.000785480,0.000799979,0.000321394,-0.000250077,0.000382626,-0.000254233,0.001453002,0.000172289,0.000214194,-0.000951743,0.001292778,0.001515770,-0.001554115,0.009206796,-0.042482156,1.430335402,0.000000000,1.327018619,0.000000000,0.000000000,0.000000000,-0.037216801,-1.455241203,0.000000000,1.312934279,0.000000000,0.000000000,0.000000000
-0.041288204,-0.043139674,0.795740902,0.044940688,-0.033619855,-0.097795226,0.993622720,-0.000861300,-0.000805246,0.000875632,0.000313415,-0.000255345,0.000391379,-0.000242171,0.001498407,0.000216985,0.000164653,-0.000954258,0.001306045,0.001590227,-0.001569442,0.009229026,-0.043470114,1.425670862,0.000000000,1.325837016,0.000000000,0.000000000,0.000000000,-0.038082309,-1.451775908,0.000000000,1.312829852,0.000000000,0.000000000,0.000000000
-0.041116495,-0.043016627,0.795746863,0.045119811,-0.033689786,-0.097975157,0.993594527,-0.000325308,-0.001285316,0.000829181,0.000267420,-0.000338260,0.000472327,0.000381859,0.001564975,0.000508737,-0.000270376,-0.000937347,0.001340071,0.002397315,-0.001171999,0.009621597,-0.044458069,1.372725844,0.000000000,1.315171123,0.000000000,0.000000000,0.000000000,-0.038947817,-1.413580418,0.000000000,1.313035369,0.000000000,0.000000000,0.000000000
-0.041063339,-0.042994078,0.795751452,0.045155875,-0.033719342,-0.098052286,0.993584275,-0.000117936,-0.001388316,0.000846592,0.000238144,-0.000375400,0.000518104,0.000652383,0.001656123,0.000341937,-0.000502263,-0.000918437,0.001372089,0.002328980,-0.000930722,0.009672732,-0.045446027,1.350680470,0.000000000,1.308456182,0.000000000,0.000000000,0.000000000,-0.039813325,-1.394967556,0.000000000,1.314075232,0.000000000,0.000000000,0.000000000
-0.041000884,-0.042975560,0.795755625,0.045036778,-0.033649620,-0.098286986,0.993568838,-0.000250804,-0.001376542,0.001247377,0.000184343,-0.000422506,0.000569217,0.000634336,0.001879570,0.000346758,-0.000837720,-0.000913196,0.001410267,0.002617518,-0.001529655,0.009720213,-0.038466670,1.324254274,0.000000000,1.298386097,0.000000000,0.000000000,0.000000000,-0.040678829,-1.371270061,0.000000000,1.311707973,0.000000000,0.000000000,0.000000000
-0.040976245,-0.042953901,0.795756280,0.044983979,-0.033609718,-0.098400407,0.993561387,-0.000355239,-0.001404546,0.001438847,0.000172730,-0.000428681,0.000602222,0.000558105,0.001930312,0.000487465,-0.000931989,-0.000919055,0.001411099,0.002943141,-0.001894451,0.009718227,-0.039482985,1.313392282,0.000000000,1.295094013,0.000000000,0.000000000,0.000000000,-0.041544337,-1.362098694,0.000000000,1.309736371,0.000000000,0.000000000,0.000000000
-0.040895194,-0.042847104,0.795748711,0.044981740,-0.033599824,-0.098661140,0.993535936,-0.000207050,-0.001618021,0.001644516,0.000098841,-0.000458864,0.000658563,0.000631707,0.001982538,0.000770314,-0.001077836,-0.000951418,0.001443128,0.004139338,-0.002138169,0.009791020,-0.050828468,1.273552179,0.000000000,1.286379457,0.000000000,0.000000000,0.000000000,-0.037663087,-1.333075166,0.000000000,1.305666208,0.000000000,0.000000000,0.000000000
-0.040791906,-0.042780641,0.795739889,0.045115899,-0.033753008,-0.098832510,0.993507624,0.000436361,-0.001857424,0.001502169,0.000009804,-0.000476541,0.000752695,0.001217232,0.002021795,0.000765824,-0.001210306,-0.000953239,0.001569631,0.004441110,-0.001615632,0.009760207,-0.047390651,1.232225180,0.000000000,1.272965908,0.000000000,0.000000000,0.000000000,-0.051104110,-1.297644734,0.000000000,1.307996154,0.000000000,0.000000000,0.000000000
-0.040777337,-0.042779110,0.795739830,0.045125231,-0.033766098,-0.098854579,0.993504584,0.000503724,-0.001885871,0.001489700,-0.000004232,-0.000479020,0.000769051,0.001302212,0.002043727,0.000754502,-0.001259258,-0.000953617,0.001596014,0.004411403,-0.001631567,0.009786975,-0.046329405,1.225882173,0.000000000,1.270402908,0.000000000,0.000000000,0.000000000,-0.052029159,-1.291541696,0.000000000,1.308015466,0.000000000,0.000000000,0.000000000
-0.040763080,-0.042779885,0.795740068,0.045124818,-0.033766616,-0.098873340,0.993502736,0.000538690,-0.001907966,0.001481493,-0.000019215,-0.000484577,0.000777685,0.001358615,0.002074137,0.000738144,-0.001316452,-0.000954747,0.001620241,0.004386391,-0.001706198,0.009804316,-0.045250650,1.219357729,0.000000000,1.267747641,0.000000000,0.000000000,0.000000000,-0.052276090,-1.285590410,0.000000000,1.307649136,0.000000000,0.000000000,0.000000000
-0.040748514,-0.042782094,0.795740724,0.045117129,-0.033755749,-0.098889448,0.993501842,0.000540597,-0.001913834,0.001480312,-0.000026504,-0.000495880,0.000781475,0.001384758,0.002104417,0.000737389,-0.001371768,-0.000958101,0.001641659,0.004374029,-0.001836931,0.009807168,-0.044907633,1.212845325,0.000000000,1.265300512,0.000000000,0.000000000,0.000000000,-0.051661927,-1.279748917,0.000000000,1.306949615,0.000000000,0.000000000,0.000000000
-0.040732395,-0.042784866,0.795741856,0.045106277,-0.033742551,-0.098902293,0.993501484,0.000533495,-0.001911601,0.001500820,-0.000033476,-0.000506319,0.000786282,0.001404086,0.002136173,0.000742078,-0.001429518,-0.000958465,0.001660930,0.004388184,-0.002019398,0.009810830,-0.044391885,1.206451774,0.000000000,1.262767076,0.000000000,0.000000000,0.000000000,-0.050855346,-1.273631573,0.000000000,1.306307793,0.000000000,0.000000000,0.000000000
-0.040229976,-0.042636383,0.795750320,0.044704795,-0.033582177,-0.098707788,0.993544400,0.000853974,-0.001446886,0.002356946,-0.000864648,-0.000744017,0.000785369,0.001505851,0.002946109,0.001172965,-0.001734980,-0.001144671,0.001575352,0.004959111,-0.002741737,0.008001082,-0.063648678,1.043742180,0.000000000,1.230095029,0.000000000,0.000000000,0.000000000,-0.060306989,-1.114228606,0.000000000,1.298067331,0.000000000,0.000000000,0.000000000
-0.040202312,-0.042614009,0.795752168,0.044689443,-0.033545081,-0.098673314,0.993549764,0.000807687,-0.001434181,0.002392436,-0.000886863,-0.000768813,0.000772756,0.001473649,0.002954062,0.001144511,-0.001773833,-0.001150674,0.001568543,0.004912599,-0.003061428,0.007876439,-0.064709194,1.037548184,0.000000000,1.229475498,0.000000000,0.000000000,0.000000000,-0.059391450,-1.107357144,0.000000000,1.296675920,0.000000000,0.000000000,0.000000000
-0.039964743,-0.042458281,0.795751750,0.044868711,-0.033480588,-0.098427698,0.993568242,0.001137159,-0.001651212,0.001630883,-0.000863682,-0.000952454,0.000651167,0.001843336,0.002882511,0.000871833,-0.002000861,-0.001182585,0.001409595,0.004974093,-0.004566813,0.007442790,-0.085906051,0.977501035,0.000000000,1.235072255,0.000000000,0.000000000,0.000000000,-0.057654776,-1.048950315,0.000000000,1.289328694,0.000000000,0.000000000,0.000000000
-0.039812792,-0.042457469,0.795749307,0.044925138,-0.033617627,-0.098505490,0.993553340,0.001703866,-0.001657364,0.001465511,-0.000904534,-0.001072474,0.000641208,0.002345038,0.003042892,0.000700483,-0.002072226,-0.001176546,0.001347340,0.004502183,-0.004306517,0.006946607,-0.083209053,0.936651051,0.000000000,1.231380463,0.000000000,0.000000000,0.000000000,-0.066763327,-1.009193063,0.000000000,1.287880778,0.000000000,0.000000000,0.000000000
-0.039664406,-0.042489216,0.795756042,0.044687554,-0.033525974,-0.098806202,0.993537307,0.001646549,-0.001475284,0.002154915,-0.001159381,-0.001176962,0.000712634,0.002134411,0.003311989,0.000943464,-0.002214086,-0.001208641,0.001270468,0.004471362,-0.005211681,0.005662188,-0.079999574,0.894202232,0.000000000,1.223681808,0.000000000,0.000000000,0.000000000,-0.074983403,-0.962802052,0.000000000,1.279927611,0.000000000,0.000000000,0.000000000
-0.039512068,-0.042461012,0.795756400,0.044588894,-0.033415783,-0.098945193,0.993531585,0.001758724,-0.001426879,0.002380483,-0.001427454,-0.001305497,0.000697683,0.001996531,0.003431228,0.001001531,-0.002369152,-0.001228924,0.001177073,0.005069321,-0.006106877,0.004850540,-0.088407964,0.855235934,0.000000000,1.226754904,0.000000000,0.000000000,0.000000000,-0.079222418,-0.922222018,0.000000000,1.273680210,0.000000000,0.000000000,0.000000000
-0.039392121,-0.042449698,0.795749724,0.044579607,-0.033379726,-0.099017836,0.993525982,0.001985874,-0.001398369,0.002235542,-0.001617016,-0.001386832,0.000671472,0.002011882,0.003525358,0.000923513,-0.002438247,-0.001245291,0.001133038,0.005561370,-0.006279106,0.004394642,-0.091594413,0.829923451,0.000000000,1.229697824,0.000000000,0.000000000,0.000000000,-0.082740583,-0.897420764,0.000000000,1.269734502,0.000000000,0.000000000,0.000000000
-0.039141528,-0.042504482,0.795744061,0.044542588,-0.033448528,-0.099198341,0.993507326,0.002433780,-0.001204969,0.001698547,-0.001752821,-0.001510140,0.000688623,0.002363963,0.003895620,0.000995450,-0.002644711,-0.001239365,0.001141368,0.006165049,-0.006122686,0.003551931,-0.093551554,0.773279965,0.000000000,1.237592459,0.000000000,0.000000000,0.000000000,-0.101516269,-0.849020958,0.000000000,1.258624434,0.000000000,0.000000000,0.000000000
-0.039103560,-0.042517558,0.795745850,0.044529937,-0.033456665,-0.099230550,0.993504405,0.002475160,-0.001184255,0.001703542,-0.001757953,-0.001530765,0.000697291,0.002425648,0.003963563,0.001003441,-0.002682847,-0.001247489,0.001141213,0.006215596,-0.006152761,0.003336854,-0.093561344,0.763791740,0.000000000,1.238886833,0.000000000,0.000000000,0.000000000,-0.103732727,-0.841410100,0.000000000,1.256098390,0.000000000,0.000000000,0.000000000
-0.038841814,-0.042570867,0.795758486,0.044480592,-0.033434551,-0.099293306,0.993501127,0.002634042,-0.001169595,0.002234699,-0.001718591,-0.001722108,0.000729574,0.002750010,0.004317527,0.001238986,-0.002929211,-0.001353320,0.001066877,0.006500897,-0.006669225,0.001595663,-0.095139913,0.701290131,0.000000000,1.248043418,0.000000000,0.000000000,0.000000000,-0.108275123,-0.786599994,0.000000000,1.238362908,0.000000000,0.000000000,0.000000000
-0.038591690,-0.042556513,0.795758009,0.044536769,-0.033421908,-0.099130414,0.993515253,0.003062137,-0.001240171,0.002459944,-0.001852696,-0.001914953,0.000666611,0.003143633,0.004465349,0.001291075,-0.003049829,-0.001493847,0.000938975,0.006709769,-0.006648497,0.000010176,-0.096722841,0.649173021,0.000000000,1.257034540,0.000000000,0.000000000,0.000000000,-0.116523311,-0.737341702,0.000000000,1.223276973,0.000000000,0.000000000,0.000000000
-0.038500488,-0.042551864,0.795756161,0.044527113,-0.033421908,-0.099068567,0.993521869,0.003202740,-0.001174016,0.002442809,-0.001918853,-0.001979881,0.000632868,0.003257178,0.004543282,0.001290572,-0.003064944,-0.001525676,0.000928755,0.006641001,-0.006414823,-0.000469758,-0.096462861,0.631120980,0.000000000,1.260279059,0.000000000,0.000000000,0.000000000,-0.121873952,-0.721244752,0.000000000,1.217659235,0.000000000,0.000000000,0.000000000
-0.038234711,-0.042544756,0.795755029,0.044471279,-0.033435494,-0.098846525,0.993546069,0.003484402,-0.000981561,0.002352813,-0.002008278,-0.002118990,0.000549981,0.003587976,0.004879389,0.001579175,-0.003094698,-0.001587819,0.000876164,0.005772571,-0.005753940,-0.001726350,-0.096174479,0.577838063,0.000000000,1.267323852,0.000000000,0.000000000,0.000000000,-0.141697451,-0.671939671,0.000000000,1.200584412,0.000000000,0.000000000,0.000000000
-0.038031928,-0.042510856,0.795750439,0.044540267,-0.033434756,-0.098586515,0.993568838,0.003745722,-0.001086333,0.002777434,-0.002059853,-0.002195478,0.000533010,0.004048851,0.005051951,0.001882269,-0.003307268,-0.001655846,0.000762333,0.004621021,-0.005531353,-0.003045014,-0.095632277,0.532034218,0.000000000,1.271496892,0.000000000,0.000000000,0.000000000,-0.148802772,-0.632620752,0.000000000,1.185282350,0.000000000,0.000000000,0.000000000
-0.037986677,-0.042504832,0.795748413,0.044581752,-0.033443112,-0.098526262,0.993572652,0.003854091,-0.001139380,0.002856172,-0.002076436,-0.002215792,0.000531902,0.004211899,0.005094158,0.001888258,-0.003393951,-0.001671968,0.000742849,0.004440202,-0.005536017,-0.003324565,-0.095223203,0.522969425,0.000000000,1.272076488,0.000000000,0.000000000,0.000000000,-0.148996606,-0.625202060,0.000000000,1.181898475,0.000000000,0.000000000,0.000000000
-0.037722606,-0.042552929,0.795716703,0.044648744,-0.033251375,-0.098243743,0.993604064,0.003917767,-0.001273745,0.003085460,-0.002290902,-0.002350707,0.000547870,0.004689365,0.005640228,0.001731131,-0.004183926,-0.001808839,0.000654220,0.004084435,-0.005465130,-0.005549374,-0.095059350,0.471321076,0.000000000,1.275225997,0.000000000,0.000000000,0.000000000,-0.156907097,-0.581566453,0.000000000,1.158164501,0.000000000,0.000000000,0.000000000
-0.037556864,-0.042606339,0.795705736,0.044553574,-0.033089172,-0.098269276,0.993611217,0.003756879,-0.001187115,0.003303414,-0.002503799,-0.002412555,0.000520204,0.004717865,0.006056406,0.001854454,-0.004676145,-0.001849558,0.000666921,0.004346353,-0.005196206,-0.006675398,-0.094910882,0.445979238,0.000000000,1.277967572,0.000000000,0.000000000,0.000000000,-0.164301023,-0.559799135,0.000000000,1.146022916,0.000000000,0.000000000,0.000000000
-0.037121546,-0.042644750,0.795754373,0.044499587,-0.033125624,-0.098599672,0.993579686,0.004230482,-0.001191364,0.003331468,-0.002739165,-0.002583345,0.000401983,0.005369213,0.006478925,0.002472357,-0.005228431,-0.001859967,0.000800237,0.005298381,-0.004659282,-0.008098768,-0.094386712,0.390981853,0.000000000,1.280772328,0.000000000,0.000000000,0.000000000,-0.181593686,-0.506495833,0.000000000,1.120251179,0.000000000,0.000000000,0.000000000
-0.036922641,-0.042633321,0.795798600,0.044656001,-0.033198997,-0.098749116,0.993555367,0.004487288,-0.001431014,0.003395501,-0.002346841,-0.002735534,0.000371468,0.005894931,0.006202551,0.002519781,-0.005296244,-0.001861027,0.000805574,0.005487374,-0.005146958,-0.009222013,-0.086160168,0.343343049,0.000000000,1.278283000,0.000000000,0.000000000,0.000000000,-0.196396828,-0.460298657,0.000000000,1.096049190,0.000000000,0.000000000,0.000000000
-0.036814857,-0.042684868,0.795774281,0.044729862,-0.032998826,-0.098728873,0.993560731,0.004141408,-0.001742541,0.003882136,-0.001891178,-0.003005125,0.000312619,0.005831070,0.006094092,0.002192105,-0.005521484,-0.001908536,0.000750110,0.005189325,-0.005886534,-0.010727776,-0.080048785,0.307954401,0.000000000,1.272330046,0.000000000,0.000000000,0.000000000,-0.204826131,-0.428759277,0.000000000,1.073340535,0.000000000,0.000000000,0.000000000
-0.036598127,-0.042837653,0.795713723,0.044742465,-0.032738730,-0.098703004,0.993571341,0.003727019,-0.001909914,0.003990276,-0.001549576,-0.003322104,0.000251086,0.005893453,0.006391409,0.001943157,-0.006189798,-0.001972255,0.000727091,0.005090069,-0.006722132,-0.012676313,-0.076375380,0.272780269,0.000000000,1.265156746,0.000000000,0.000000000,0.000000000,-0.216511711,-0.390557975,0.000000000,1.047246695,0.000000000,0.000000000,0.000000000
-0.036351644,-0.042991403,0.795702040,0.044852670,-0.032822818,-0.098733909,0.993560553,0.004181364,-0.001952925,0.003701634,-0.001539184,-0.003491475,0.000185531,0.006589417,0.006653165,0.002149560,-0.006666670,-0.001990600,0.000729037,0.005315733,-0.007242578,-0.013411126,-0.075137198,0.250735581,0.000000000,1.257561207,0.000000000,0.000000000,0.000000000,-0.227496818,-0.355045408,0.000000000,1.029567719,0.000000000,0.000000000,0.000000000
-0.036309801,-0.043020073,0.795704544,0.044886731,-0.032861780,-0.098742053,0.993556917,0.004323261,-0.001968113,0.003614745,-0.001557405,-0.003507328,0.000162302,0.006746710,0.006666038,0.002188636,-0.006708770,-0.001991870,0.000726918,0.005352407,-0.007328513,-0.013487501,-0.075011872,0.247397631,0.000000000,1.255379915,0.000000000,0.000000000,0.000000000,-0.230263889,-0.348040164,0.000000000,1.025773764,0.000000000,0.000000000,0.000000000
-0.036272533,-0.043048106,0.795707226,0.044921044,-0.032903444,-0.098751903,0.993552983,0.004468650,-0.001983213,0.003552993,-0.001588100,-0.003509345,0.000143000,0.006901553,0.006673472,0.002208875,-0.006735242,-0.001993426,0.000727420,0.005377656,-0.007411027,-0.013549805,-0.075357325,0.243871674,0.000000000,1.253356934,0.000000000,0.000000000,0.000000000,-0.233020380,-0.340869665,0.000000000,1.022147655,0.000000000,0.000000000,0.000000000
-0.036242466,-0.043075129,0.795710981,0.044954766,-0.032946147,-0.098762833,0.993548930,0.004614822,-0.002001831,0.003514725,-0.001638645,-0.003495044,0.000132138,0.007046935,0.006674534,0.002224579,-0.006747758,-0.001995850,0.000725301,0.005375620,-0.007457815,-0.013599549,-0.075273752,0.240045771,0.000000000,1.251854777,0.000000000,0.000000000,0.000000000,-0.235124543,-0.333439708,0.000000000,1.019168615,0.000000000,0.000000000,0.000000000
-0.036220692,-0.043102443,0.795715809,0.044984411,-0.032984175,-0.098772623,0.993545353,0.004738467,-0.002014465,0.003497205,-0.001682811,-0.003480906,0.000121227,0.007169424,0.006674950,0.002239613,-0.006744727,-0.002002473,0.000716619,0.005363901,-0.007488826,-0.013661887,-0.074892148,0.237263560,0.000000000,1.249559402,0.000000000,0.000000000,0.000000000,-0.237174779,-0.325398922,0.000000000,1.016716123,0.000000000,0.000000000,0.000000000
-0.036430370,-0.043806847,0.795744121,0.045002427,-0.032502130,-0.098761499,0.993561566,0.002517181,-0.001082711,0.002207831,-0.000629860,-0.003384310,-0.000232662,0.005787929,0.006399534,0.000859610,-0.006248900,-0.001885897,0.000498885,0.003652890,-0.004862883,-0.015001285,-0.079434991,0.213389263,0.000000000,1.206290603,0.000000000,0.000000000,0.000000000,-0.275799632,-0.217038885,0.000000000,0.957706511,0.000000000,0.000000000,0.000000000
-0.036554970,-0.044059511,0.795738041,0.044933375,-0.032218989,-0.098939203,0.993556201,0.001961934,-0.001489674,0.003513983,-0.000886742,-0.003344051,-0.000387637,0.004927026,0.006324525,0.000222427,-0.006248715,-0.001755579,0.000402947,0.003793161,-0.003720110,-0.015241520,-0.082985267,0.209088966,0.000000000,1.205984831,0.000000000,0.000000000,0.000000000,-0.284527153,-0.196153417,0.000000000,0.943955123,0.000000000,0.000000000,0.000000000
-0.037298448,-0.042339806,0.795737624,0.044755131,-0.032180961,-0.099336058,0.993525922,0.001684392,-0.001024829,0.006062225,-0.001074694,-0.003328775,-0.000584415,0.002947312,-0.013284155,0.010556229,-0.002582639,-0.001522813,0.000524772,0.004646510,-0.002268097,-0.014790810,-0.087657392,0.214368403,0.000000000,1.201463223,0.000000000,0.000000000,0.000000000,-0.294647276,-0.178261444,0.000000000,0.929260373,0.000000000,0.000000000,0.000000000
-0.037449002,-0.041992821,0.795736372,0.044735152,-0.032223541,-0.099380255,0.993520975,0.001773363,-0.000940800,0.006347282,-0.001128906,-0.003317185,-0.000615158,0.002228366,-0.013556449,0.014245450,-0.002216397,-0.001478427,0.000563417,0.004787114,-0.002040478,-0.014596147,-0.088392861,0.216462895,0.000000000,1.200243831,0.000000000,0.000000000,0.000000000,-0.296135187,-0.175934136,0.000000000,0.927771628,0.000000000,0.000000000,0.000000000
-0.037637603,-0.041033700,0.795744181,0.044429708,-0.032404743,-0.099420786,0.993524730,0.001802447,-0.000087522,0.008057334,-0.001279488,-0.003277989,-0.000677580,0.004758311,-0.008728539,0.012767034,-0.005827984,-0.001153595,0.000722346,0.005302339,-0.000600058,-0.013373637,-0.092598774,0.234524131,0.000000000,1.190110803,0.000000000,0.000000000,0.000000000,-0.305929452,-0.160908386,0.000000000,0.920556366,0.000000000,0.000000000,0.000000000
-0.037598006,-0.041161940,0.795742989,0.044350293,-0.032329455,-0.099378943,0.993534923,0.001539178,0.000068099,0.008197022,-0.001267420,-0.003281984,-0.000688693,0.004387910,-0.006808830,0.011495816,-0.005953144,-0.001094213,0.000748024,0.005270244,-0.000450618,-0.013356503,-0.093301728,0.237230599,0.000000000,1.188394785,0.000000000,0.000000000,0.000000000,-0.306962699,-0.160196662,0.000000000,0.920051277,0.000000000,0.000000000,0.000000000
-0.037403982,-0.042118389,0.795719981,0.044149261,-0.031651985,-0.098717749,0.993631601,0.000165729,0.000079806,0.008118837,-0.001556902,-0.003314796,-0.000850293,0.002598807,-0.003263126,0.006829374,-0.006160554,-0.000923399,0.000748154,0.004283384,-0.000187919,-0.012966403,-0.096620865,0.254402697,0.000000000,1.174053431,0.000000000,0.000000000,0.000000000,-0.305923551,-0.172262132,0.000000000,0.914532781,0.000000000,0.000000000,0.000000000
-0.037077457,-0.042625651,0.795670688,0.044460319,-0.031658970,-0.098395184,0.993649542,0.000858745,-0.000546886,0.007651188,-0.002140927,-0.003241179,-0.000934560,0.003816251,-0.001601655,0.002855696,-0.007059421,-0.000896280,0.000774662,0.003607249,-0.000620488,-0.011358775,-0.095716454,0.265608996,0.000000000,1.162322283,0.000000000,0.000000000,0.000000000,-0.297787756,-0.191920415,0.000000000,0.908650219,0.000000000,0.000000000,0.000000000
-0.036948211,-0.042800654,0.795634329,0.044565778,-0.031689346,-0.098321885,0.993651092,0.001276445,-0.000847249,0.007618279,-0.002512964,-0.003185074,-0.000933610,0.004185181,-0.001315983,0.002986085,-0.007286019,-0.000965093,0.000744468,0.003396753,-0.000851866,-0.010540437,-0.095466919,0.269436538,0.000000000,1.157407999,0.000000000,0.000000000,0.000000000,-0.296607316,-0.196045235,0.000000000,0.907536745,0.000000000,0.000000000,0.000000000
-0.036811136,-0.042919207,0.795584321,0.044457488,-0.031578593,-0.098308727,0.993660748,0.001263371,-0.001012559,0.008089188,-0.002948317,-0.003149155,-0.000894167,0.003812150,-0.001145854,0.004403126,-0.007197063,-0.001109914,0.000684894,0.003343378,-0.001189758,-0.009654758,-0.095979460,0.272728175,0.000000000,1.152265310,0.000000000,0.000000000,0.000000000,-0.298331350,-0.197247431,0.000000000,0.908099055,0.000000000,0.000000000,0.000000000
-0.036634855,-0.042715728,0.795563638,0.044348750,-0.031759262,-0.098440878,0.993646801,0.001735859,-0.000932255,0.005703656,-0.002706880,-0.003403699,-0.000820164,0.003653345,-0.000934158,0.006055957,-0.006356775,-0.001341016,0.000619538,0.003668349,-0.002173048,-0.008558262,-0.094306655,0.267820120,0.000000000,1.152454972,0.000000000,0.000000000,0.000000000,-0.300125957,-0.193963483,0.000000000,0.910165966,0.000000000,0.000000000,0.000000000
-0.036621373,-0.042696781,0.795564830,0.044335969,-0.031786781,-0.098452039,0.993645370,0.001758307,-0.000872312,0.005206675,-0.002623890,-0.003425954,-0.000823353,0.003678888,-0.000827790,0.006113521,-0.006320443,-0.001349348,0.000619318,0.003700304,-0.002305387,-0.008506498,-0.093889654,0.267035395,0.000000000,1.153272629,0.000000000,0.000000000,0.000000000,-0.300234616,-0.193584353,0.000000000,0.909835815,0.000000000,0.000000000,0.000000000
-0.036573410,-0.042589311,0.795658469,0.044334069,-0.031872936,-0.098501645,0.993637800,0.001769183,-0.000725284,0.003181509,-0.002047695,-0.003550969,-0.000772943,0.003923307,-0.000691523,0.007831812,-0.006392613,-0.001419484,0.000545659,0.003775035,-0.003249123,-0.008598180,-0.092164233,0.263020039,0.000000000,1.157980561,0.000000000,0.000000000,0.000000000,-0.299363345,-0.192690417,0.000000000,0.908324599,0.000000000,0.000000000,0.000000000
-0.036517002,-0.042554982,0.795646131,0.044454891,-0.031923141,-0.098466776,0.993634224,0.002051494,-0.000855285,0.002756813,-0.001994226,-0.003591940,-0.000762774,0.003989519,-0.001727370,0.012335471,-0.006534176,-0.001446496,0.000483171,0.003665517,-0.003560559,-0.008662956,-0.091549762,0.261227518,0.000000000,1.160182714,0.000000000,0.000000000,0.000000000,-0.298785567,-0.191680193,0.000000000,0.907823563,0.000000000,0.000000000,0.000000000
-0.036398988,-0.042017870,0.795632482,0.044778712,-0.032269776,-0.098557994,0.993599415,0.003638563,-0.001318675,0.000404637,-0.002502909,-0.003523885,-0.000694326,0.005451231,-0.005176892,0.016924135,-0.006770735,-0.001489776,0.000326024,0.003919643,-0.003715507,-0.008354644,-0.090463109,0.256923705,0.000000000,1.164720774,0.000000000,0.000000000,0.000000000,-0.298036784,-0.185368523,0.000000000,0.909051776,0.000000000,0.000000000,0.000000000
-0.036418594,-0.041918669,0.795657635,0.044692803,-0.032414064,-0.098821193,0.993572474,0.004046482,-0.001232007,-0.000438927,-0.002792728,-0.003400571,-0.000591457,0.005521482,-0.004794782,0.016994165,-0.006474352,-0.001526981,0.000245968,0.004725584,-0.003326507,-0.008194493,-0.091063343,0.256182909,0.000000000,1.165519357,0.000000000,0.000000000,0.000000000,-0.297024310,-0.181343079,0.000000000,0.912094951,0.000000000,0.000000000,0.000000000
-0.036427815,-0.041926205,0.795671582,0.044642478,-0.032422412,-0.098870948,0.993569493,0.003967432,-0.001178859,-0.000320228,-0.002724982,-0.003392296,-0.000559896,0.005501016,-0.004509367,0.016646205,-0.006429097,-0.001536767,0.000250516,0.004924222,-0.003209436,-0.008163691,-0.091486081,0.256581217,0.000000000,1.165485740,0.000000000,0.000000000,0.000000000,-0.296446323,-0.180711418,0.000000000,0.913221538,0.000000000,0.000000000,0.000000000
-0.036441453,-0.041957043,0.795688808,0.044569645,-0.032395963,-0.098901026,0.993570626,0.003717402,-0.001110481,0.000094066,-0.002530312,-0.003410261,-0.000523633,0.005403108,-0.004181153,0.016097872,-0.006368540,-0.001570327,0.000264841,0.005102711,-0.003092781,-0.008137167,-0.092165075,0.257493585,0.000000000,1.165418863,0.000000000,0.000000000,0.000000000,-0.295502543,-0.180468678,0.000000000,0.914558232,0.000000000,0.000000000,0.000000000
-0.036417972,-0.042006962,0.795696378,0.044544123,-0.032361884,-0.098797843,0.993583143,0.003445602,-0.001071045,0.000883821,-0.002120728,-0.003513762,-0.000501653,0.005499492,-0.003742090,0.014605881,-0.006375697,-0.001666016,0.000307804,0.005066115,-0.003179785,-0.007930735,-0.093231857,0.259700567,0.000000000,1.164948940,0.000000000,0.000000000,0.000000000,-0.293228120,-0.182511851,0.000000000,0.915368617,0.000000000,0.000000000,0.000000000
-0.036369078,-0.042030036,0.795682371,0.044638056,-0.032434214,-0.098660946,0.993590176,0.003666189,-0.001143583,0.000935730,-0.001976955,-0.003576638,-0.000468505,0.005790316,-0.003561360,0.014043327,-0.006321227,-0.001755530,0.000331042,0.004917461,-0.003575765,-0.007286295,-0.093883358,0.261358798,0.000000000,1.163885593,0.000000000,0.000000000,0.000000000,-0.291408628,-0.185242847,0.000000000,0.914872646,0.000000000,0.000000000,0.000000000
-0.036307089,-0.042044196,0.795675337,0.044725765,-0.032579802,-0.098618634,0.993585706,0.004262948,-0.001319664,0.000911751,-0.002206436,-0.003605845,-0.000417281,0.006056860,-0.003226718,0.014299298,-0.006133534,-0.001892132,0.000324575,0.004812704,-0.003981749,-0.006410647,-0.094603695,0.262944072,0.000000000,1.162873268,0.000000000,0.000000000,0.000000000,-0.290668935,-0.187004581,0.000000000,0.914833605,0.000000000,0.000000000,0.000000000
-0.036306240,-0.042065814,0.795674264,0.044634923,-0.032537319,-0.098744139,0.993578732,0.004226041,-0.001358707,0.000658707,-0.002532744,-0.003495297,-0.000339722,0.005686999,-0.002880257,0.015122191,-0.005973170,-0.001978413,0.000284229,0.004923789,-0.004220708,-0.006143047,-0.095476657,0.263829768,0.000000000,1.163307309,0.000000000,0.000000000,0.000000000,-0.292015374,-0.186988622,0.000000000,0.915342093,0.000000000,0.000000000,0.000000000
-0.036309104,-0.042065077,0.795674801,0.044615500,-0.032525271,-0.098781846,0.993576229,0.004199440,-0.001368086,0.000635608,-0.002582067,-0.003476845,-0.000325745,0.005597344,-0.002854847,0.015355716,-0.005933476,-0.002004239,0.000267248,0.004984752,-0.004293023,-0.006113201,-0.095656626,0.263881087,0.000000000,1.163563848,0.000000000,0.000000000,0.000000000,-0.292377472,-0.186907023,0.000000000,0.915415108,0.000000000,0.000000000,0.000000000
-0.036313288,-0.042063277,0.795675576,0.044598136,-0.032516308,-0.098820619,0.993573427,0.004170217,-0.001375792,0.000586059,-0.002620401,-0.003454998,-0.000311344,0.005514051,-0.002820384,0.015545418,-0.005890210,-0.002031937,0.000249043,0.005060662,-0.004363631,-0.006078873,-0.095828816,0.263893306,0.000000000,1.163877606,0.000000000,0.000000000,0.000000000,-0.292738289,-0.186815754,0.000000000,0.915480852,0.000000000,0.000000000,0.000000000
-0.036319334,-0.042060275,0.795676172,0.044584490,-0.032511469,-0.098857999,0.993570507,0.004145674,-0.001380851,0.000488833,-0.002660068,-0.003421796,-0.000290086,0.005453087,-0.002778584,0.015628919,-0.005854378,-0.002048668,0.000234080,0.005139248,-0.004435756,-0.006038370,-0.095991120,0.263872951,0.000000000,1.164224029,0.000000000,0.000000000,0.000000000,-0.293081492,-0.186738625,0.000000000,0.915527105,0.000000000,0.000000000,0.000000000
-0.036326230,-0.042055082,0.795676708,0.044578783,-0.032512635,-0.098893084,0.993567228,0.004130428,-0.001388635,0.000373154,-0.002686583,-0.003388166,-0.000267693,0.005424872,-0.002752424,0.015686527,-0.005826202,-0.002064534,0.000224539,0.005206699,-0.004513789,-0.005993685,-0.096131794,0.263810456,0.000000000,1.164572954,0.000000000,0.000000000,0.000000000,-0.293376744,-0.186664030,0.000000000,0.915575683,0.000000000,0.000000000,0.000000000
-0.036542106,-0.041938368,0.795668066,0.044723678,-0.032691531,-0.099013269,0.993542850,0.004215811,-0.001660006,-0.000854808,-0.002279554,-0.003255622,-0.000089085,0.005601214,-0.002917514,0.016760137,-0.005672094,-0.002088067,0.000219433,0.005383984,-0.004810321,-0.005232680,-0.098117240,0.261654913,0.000000000,1.167365193,0.000000000,0.000000000,0.000000000,-0.295105994,-0.185979992,0.000000000,0.916260421,0.000000000,0.000000000,0.000000000
-0.036693435,-0.041850850,0.795672476,0.044767529,-0.032876950,-0.099162437,0.993519902,0.004459293,-0.001938624,-0.001156244,-0.002308661,-0.002995976,0.000094954,0.005752846,-0.002914862,0.017658565,-0.005625800,-0.002019022,0.000148511,0.005723925,-0.004685366,-0.004301758,-0.097103424,0.260820299,0.000000000,1.169626951,0.000000000,0.000000000,0.000000000,-0.294347376,-0.185732126,0.000000000,0.917291939,0.000000000,0.000000000,0.000000000
-0.036772706,-0.041814700,0.795675874,0.044789616,-0.032938641,-0.099212721,0.993511856,0.004555499,-0.002028764,-0.001531693,-0.002425307,-0.002830524,0.000211412,0.005860569,-0.002932929,0.017757595,-0.005616746,-0.002080354,0.000096309,0.005843494,-0.004672351,-0.003917326,-0.096568167,0.260853380,0.000000000,1.169888139,0.000000000,0.000000000,0.000000000,-0.293559790,-0.185863391,0.000000000,0.917633712,0.000000000,0.000000000,0.000000000
-0.036803156,-0.041803524,0.795676887,0.044798493,-0.032956369,-0.099223934,0.993509710,0.004572364,-0.002061300,-0.001655944,-0.002446748,-0.002783588,0.000244072,0.005896231,-0.002948913,0.017754205,-0.005612311,-0.002099588,0.000083335,0.005882892,-0.004668066,-0.003783982,-0.096415542,0.260915875,0.000000000,1.169841409,0.000000000,0.000000000,0.000000000,-0.293273151,-0.185918704,0.000000000,0.917743504,0.000000000,0.000000000,0.000000000
-0.037142158,-0.041743066,0.795698285,0.044841029,-0.032982897,-0.099297032,0.993499637,0.004165804,-0.002161709,-0.002279392,-0.002249762,-0.002510669,0.000454738,0.005688957,-0.003193459,0.017292080,-0.005267929,-0.002197178,0.000212281,0.006178688,-0.004687625,-0.002688144,-0.095797703,0.262175530,0.000000000,1.168117166,0.000000000,0.000000000,0.000000000,-0.290853858,-0.186650634,0.000000000,0.918495655,0.000000000,0.000000000,0.000000000
-0.037284423,-0.041731384,0.795708954,0.044839580,-0.032868631,-0.099187709,0.993514419,0.003718092,-0.002185250,-0.002558949,-0.002084647,-0.002481319,0.000477198,0.005353280,-0.003292704,0.016658416,-0.005124738,-0.002226046,0.000266215,0.006058837,-0.004730090,-0.002392742,-0.095717959,0.262464672,0.000000000,1.167905807,0.000000000,0.000000000,0.000000000,-0.290028930,-0.187105104,0.000000000,0.919105649,0.000000000,0.000000000,0.000000000
-0.037390422,-0.041704033,0.795713305,0.044866055,-0.032825846,-0.099056996,0.993527651,0.003487203,-0.002367288,-0.002690517,-0.001967563,-0.002450768,0.000513589,0.005230108,-0.003420750,0.016145520,-0.005051004,-0.002233215,0.000305424,0.006035580,-0.004851209,-0.001831669,-0.095150650,0.262387812,0.000000000,1.168496728,0.000000000,0.000000000,0.000000000,-0.288979739,-0.187297106,0.000000000,0.919889450,0.000000000,0.000000000,0.000000000
-0.037477829,-0.041614633,0.795705557,0.044954639,-0.032994833,-0.098939277,0.993529797,0.003755036,-0.002564203,-0.002583830,-0.001900789,-0.002382423,0.000611516,0.005608971,-0.003626308,0.016131686,-0.005067178,-0.002185162,0.000384387,0.006116206,-0.004968156,-0.000931738,-0.094019637,0.262359351,0.000000000,1.169189930,0.000000000,0.000000000,0.000000000,-0.287337720,-0.187508672,0.000000000,0.920721173,0.000000000,0.000000000,0.000000000
-0.037620943,-0.041507836,0.795700848,0.045057792,-0.033146705,-0.098870836,0.993526876,0.003854543,-0.002740831,-0.002773625,-0.001674430,-0.002287217,0.000705856,0.005887591,-0.003964087,0.016767286,-0.005104610,-0.002109530,0.000461577,0.006260934,-0.005041739,-0.000203688,-0.093437299,0.262362301,0.000000000,1.169259906,0.000000000,0.000000000,0.000000000,-0.286501139,-0.187594548,0.000000000,0.920958161,0.000000000,0.000000000,0.000000000
-0.037789397,-0.041442439,0.795704246,0.045067966,-0.033137780,-0.098894700,0.993524313,0.003525674,-0.002830459,-0.003089924,-0.001452864,-0.002174458,0.000772072,0.005729514,-0.004165172,0.017255323,-0.005126103,-0.002045087,0.000502577,0.006500320,-0.005130636,0.000199164,-0.093663417,0.262352854,0.000000000,1.169388890,0.000000000,0.000000000,0.000000000,-0.286623299,-0.187558800,0.000000000,0.920908570,0.000000000,0.000000000,0.000000000
-0.037892379,-0.041410554,0.795710385,0.045080841,-0.033155371,-0.098920390,0.993520617,0.003364010,-0.002819226,-0.003370648,-0.001305463,-0.002108394,0.000806764,0.005675784,-0.004261021,0.017475830,-0.005127186,-0.002007817,0.000531709,0.006695520,-0.005190539,0.000483715,-0.093731463,0.262311101,0.000000000,1.169685483,0.000000000,0.000000000,0.000000000,-0.286596417,-0.187429428,0.000000000,0.921051443,0.000000000,0.000000000,0.000000000
-0.038058739,-0.041392770,0.795723736,0.045109775,-0.033161454,-0.098924398,0.993518710,0.003129510,-0.002833741,-0.003320041,-0.001136087,-0.002038659,0.000858206,0.005582234,-0.004319970,0.017536825,-0.005145021,-0.001992543,0.000615742,0.006974914,-0.005333582,0.000917951,-0.093940929,0.262100250,0.000000000,1.170424819,0.000000000,0.000000000,0.000000000,-0.286176533,-0.187456250,0.000000000,0.921694756,0.000000000,0.000000000,0.000000000
-0.038179386,-0.041400947,0.795722246,0.045038190,-0.033067510,-0.098969579,0.993520558,0.002727360,-0.002791741,-0.003153087,-0.001093153,-0.002003497,0.000894603,0.005220210,-0.004290808,0.017450934,-0.005139372,-0.001996151,0.000713480,0.007266766,-0.005385729,0.001034005,-0.094682209,0.262202471,0.000000000,1.170647979,0.000000000,0.000000000,0.000000000,-0.286050260,-0.187600762,0.000000000,0.922244787,0.000000000,0.000000000,0.000000000
-0.038252223,-0.041389592,0.795715511,0.044971205,-0.033008456,-0.099046148,0.993517935,0.002518628,-0.002808131,-0.002752828,-0.001153548,-0.002009543,0.000927695,0.004924585,-0.004214482,0.017367749,-0.005107023,-0.002025512,0.000808366,0.007623774,-0.005431304,0.001246839,-0.095529176,0.262566537,0.000000000,1.170562506,0.000000000,0.000000000,0.000000000,-0.285905123,-0.187699065,0.000000000,0.922718108,0.000000000,0.000000000,0.000000000
-0.038278800,-0.041350849,0.795712411,0.044935096,-0.033014417,-0.099116705,0.993512332,0.002532330,-0.002838294,-0.002636401,-0.001269411,-0.001996949,0.000938068,0.004740356,-0.004235740,0.017438740,-0.004972226,-0.002058259,0.000860323,0.007923127,-0.005446586,0.001542291,-0.095990978,0.262734801,0.000000000,1.170471668,0.000000000,0.000000000,0.000000000,-0.285880089,-0.187542722,0.000000000,0.923025191,0.000000000,0.000000000,0.000000000
-0.038288333,-0.041304108,0.795718789,0.044766989,-0.032938778,-0.099229597,0.993511140,0.002246997,-0.002679827,-0.002367604,-0.001326156,-0.002049745,0.000927991,0.004291950,-0.004139568,0.017628737,-0.004874419,-0.002062143,0.000999283,0.008242153,-0.005388308,0.001663207,-0.096396312,0.262638330,0.000000000,1.170835257,0.000000000,0.000000000,0.000000000,-0.286545545,-0.186949626,0.000000000,0.923709869,0.000000000,0.000000000,0.000000000
-0.038265783,-0.041247349,0.795730114,0.044673782,-0.032877363,-0.099251963,0.993515134,0.002070464,-0.002577884,-0.002067796,-0.001340207,-0.002112648,0.000930118,0.003998345,-0.004092541,0.017689073,-0.004793583,-0.002073725,0.001090924,0.008333509,-0.005448575,0.001922403,-0.096660577,0.262358844,0.000000000,1.171402097,0.000000000,0.000000000,0.000000000,-0.287209243,-0.186555862,0.000000000,0.924221575,0.000000000,0.000000000,0.000000000
-0.038221616,-0.041205294,0.795735776,0.044714257,-0.032911811,-0.099182039,0.993519187,0.002244317,-0.002581768,-0.001843383,-0.001321052,-0.002182817,0.000928785,0.004078093,-0.004125326,0.017889412,-0.004758257,-0.002084600,0.001094196,0.008223126,-0.005561410,0.002264059,-0.096676156,0.262156993,0.000000000,1.171807408,0.000000000,0.000000000,0.000000000,-0.287412971,-0.186554328,0.000000000,0.924754858,0.000000000,0.000000000,0.000000000
-0.038155984,-0.041176371,0.795729578,0.044731807,-0.032959409,-0.099160872,0.993518949,0.002462970,-0.002595512,-0.001480683,-0.001294505,-0.002300333,0.000933311,0.004173241,-0.004164671,0.018341040,-0.004750077,-0.002068871,0.001070842,0.008096066,-0.005658091,0.002550146,-0.096968248,0.262457222,0.000000000,1.172286153,0.000000000,0.000000000,0.000000000,-0.288183004,-0.186341062,0.000000000,0.925412953,0.000000000,0.000000000,0.000000000
-0.038142346,-0.041171450,0.795727491,0.044721317,-0.032967884,-0.099178672,0.993517339,0.002496344,-0.002573870,-0.001370408,-0.001302644,-0.002316626,0.000937378,0.004172710,-0.004164346,0.018499564,-0.004751503,-0.002060797,0.001069308,0.008114724,-0.005667727,0.002573620,-0.097086206,0.262580007,0.000000000,1.172426820,0.000000000,0.000000000,0.000000000,-0.288473159,-0.186218500,0.000000000,0.925539553,0.000000000,0.000000000,0.000000000
-0.038045179,-0.041083932,0.795717716,0.044637725,-0.033045527,-0.099362411,0.993500173,0.002712449,-0.002539631,-0.000321731,-0.001391560,-0.002301235,0.001041163,0.004268556,-0.004112622,0.020410337,-0.004934648,-0.002048962,0.001054517,0.008482262,-0.006000469,0.002667561,-0.099280059,0.263226360,0.000000000,1.176161170,0.000000000,0.000000000,0.000000000,-0.292418003,-0.185038850,0.000000000,0.926901400,0.000000000,0.000000000,0.000000000
-0.038033091,-0.041072115,0.795719743,0.044652410,-0.033080038,-0.099372700,0.993497312,0.002816335,-0.002543455,-0.000169466,-0.001399279,-0.002301878,0.001046428,0.004344870,-0.004106050,0.020655222,-0.004951043,-0.002047170,0.001060928,0.008506267,-0.006035464,0.002705726,-0.099609278,0.263183117,0.000000000,1.176861286,0.000000000,0.000000000,0.000000000,-0.292909384,-0.184905857,0.000000000,0.927179456,0.000000000,0.000000000,0.000000000
-0.037988305,-0.041043289,0.795730412,0.044732790,-0.033153865,-0.099346660,0.993493855,0.003144948,-0.002608885,0.000228612,-0.001376441,-0.002357870,0.001038717,0.004575519,-0.004070343,0.021128796,-0.004989980,-0.002055407,0.001090224,0.008421878,-0.006255744,0.002746880,-0.102255404,0.262705237,0.000000000,1.180999517,0.000000000,0.000000000,0.000000000,-0.296237946,-0.184569746,0.000000000,0.928715587,0.000000000,0.000000000,0.000000000
-0.037979782,-0.041046001,0.795730591,0.044733200,-0.033145063,-0.099337414,0.993495047,0.003165691,-0.002600581,0.000337649,-0.001391948,-0.002374877,0.001030337,0.004620018,-0.003980863,0.020718111,-0.005021304,-0.002055794,0.001101839,0.008399097,-0.006286463,0.002715472,-0.103022300,0.262634784,0.000000000,1.181933403,0.000000000,0.000000000,0.000000000,-0.297135323,-0.184580088,0.000000000,0.928994000,0.000000000,0.000000000,0.000000000
-0.037969787,-0.041050650,0.795730054,0.044731360,-0.033131272,-0.099327818,0.993496537,0.003172127,-0.002595064,0.000456416,-0.001409680,-0.002388499,0.001023303,0.004587026,-0.003950961,0.020680668,-0.005010017,-0.002056937,0.001112822,0.008368547,-0.006324334,0.002674650,-0.103852145,0.262561768,0.000000000,1.182892203,0.000000000,0.000000000,0.000000000,-0.298108995,-0.184634075,0.000000000,0.929242909,0.000000000,0.000000000,0.000000000
-0.037959866,-0.041057914,0.795729280,0.044723943,-0.033114150,-0.099318393,0.993498385,0.003163217,-0.002587875,0.000570836,-0.001422914,-0.002406096,0.001016629,0.004490940,-0.003924753,0.020841831,-0.004962217,-0.002062210,0.001116793,0.008338527,-0.006344232,0.002618482,-0.104751892,0.262517482,0.000000000,1.183842897,0.000000000,0.000000000,0.000000000,-0.299173415,-0.184691817,0.000000000,0.929433584,0.000000000,0.000000000,0.000000000
-0.037897490,-0.041109636,0.795724273,0.044679489,-0.033059102,-0.099291280,0.993504941,0.003214482,-0.002486917,0.001401894,-0.001561779,-0.002488929,0.000988562,0.004266885,-0.003616770,0.020747142,-0.004874136,-0.002090872,0.001144504,0.008219911,-0.006433607,0.002372624,-0.108847581,0.262609154,0.000000000,1.187641978,0.000000000,0.000000000,0.000000000,-0.304212302,-0.184635073,0.000000000,0.930223405,0.000000000,0.000000000,0.000000000
-0.037383139,-0.041993286,0.795695543,0.044532277,-0.033169851,-0.099154152,0.993521571,0.003937897,-0.001774092,0.002761733,-0.002256249,-0.002657382,0.000904693,0.005161531,0.002678068,0.011611028,-0.005605150,-0.002160746,0.001171021,0.007362429,-0.007077999,0.001279800,-0.137711301,0.270140231,0.000000000,1.208034277,0.000000000,0.000000000,0.000000000,-0.336772501,-0.178987250,0.000000000,0.936474860,0.000000000,0.000000000,0.000000000
-0.037332077,-0.042323068,0.795703590,0.044777878,-0.033434223,-0.098846719,0.993532300,0.004825728,-0.001677823,0.003291256,-0.002488244,-0.002661848,0.000789169,0.005737425,0.003247407,0.010851769,-0.005626818,-0.001959596,0.001176899,0.006321179,-0.007284482,0.001483129,-0.168568581,0.274385542,0.000000000,1.220789433,0.000000000,0.000000000,0.000000000,-0.358194858,-0.178858384,0.000000000,0.941065252,0.000000000,0.000000000,0.000000000
-0.037518431,-0.042515311,0.795719326,0.044870421,-0.033640925,-0.098825648,0.993523240,0.004923320,-0.001542866,0.003313409,-0.002413920,-0.002488860,0.000743592,0.006061678,0.003552868,0.010386125,-0.005780448,-0.001750022,0.001225434,0.006125699,-0.007452021,0.001835406,-0.199289396,0.283082277,0.000000000,1.223347902,0.000000000,0.000000000,0.000000000,-0.379179507,-0.177243382,0.000000000,0.945529282,0.000000000,0.000000000,0.000000000
-0.037851542,-0.042658620,0.795729280,0.044897877,-0.033699699,-0.098738983,0.993528605,0.004613783,-0.001434150,0.003401605,-0.002515590,-0.002174024,0.000681610,0.005896871,0.003767499,0.010049229,-0.005903398,-0.001510028,0.001214611,0.006156840,-0.007843032,0.002381881,-0.229045421,0.291305751,0.000000000,1.220948458,0.000000000,0.000000000,0.000000000,-0.401454896,-0.174201578,0.000000000,0.949502409,0.000000000,0.000000000,0.000000000
-0.038338773,-0.042844143,0.795740128,0.044963658,-0.033730626,-0.098445244,0.993553758,0.004153117,-0.001280323,0.003598847,-0.002710814,-0.001771344,0.000496854,0.005576186,0.003953257,0.009501268,-0.006139286,-0.001141680,0.001208566,0.006038827,-0.008512536,0.002633698,-0.270014644,0.298984319,0.000000000,1.217426896,0.000000000,0.000000000,0.000000000,-0.434111208,-0.171554774,0.000000000,0.953175604,0.000000000,0.000000000,0.000000000
-0.038795710,-0.043032531,0.795746744,0.045013480,-0.033768911,-0.098149084,0.993579507,0.003655360,-0.001090228,0.004152581,-0.002796045,-0.001443569,0.000284245,0.005256065,0.004124235,0.008814091,-0.006363261,-0.000733825,0.001245538,0.005603782,-0.008769252,0.002455418,-0.311341614,0.305381805,0.000000000,1.215173721,0.000000000,0.000000000,0.000000000,-0.465415835,-0.172274858,0.000000000,0.954652429,0.000000000,0.000000000,0.000000000
-0.039443724,-0.043288969,0.795751393,0.045105740,-0.033884525,-0.097802296,0.993605554,0.002949640,-0.000725058,0.004503087,-0.002774182,-0.000921103,0.000066242,0.004931620,0.004257444,0.008095433,-0.006713386,-0.000122751,0.001322049,0.004759079,-0.008730315,0.001852895,-0.367464900,0.312589407,0.000000000,1.215126634,0.000000000,0.000000000,0.000000000,-0.508240342,-0.173672736,0.000000000,0.956930935,0.000000000,0.000000000,0.000000000
-0.039804269,-0.043435205,0.795755625,0.045220744,-0.034021951,-0.097612180,0.993614316,0.002813509,-0.000542209,0.004474823,-0.002821170,-0.000607281,-0.000060374,0.004992946,0.004262477,0.007678980,-0.006949384,0.000211752,0.001364169,0.004309603,-0.008718815,0.001637216,-0.398086756,0.315459698,0.000000000,1.214820027,0.000000000,0.000000000,0.000000000,-0.531962156,-0.173375756,0.000000000,0.959625781,0.000000000,0.000000000,0.000000000
-0.040064000,-0.043542020,0.795755804,0.045283683,-0.034096673,-0.097483464,0.993621528,0.002686464,-0.000436596,0.004466306,-0.002863571,-0.000395269,-0.000140080,0.004969068,0.004267829,0.007394351,-0.007099492,0.000444021,0.001387814,0.004100662,-0.008757189,0.001435641,-0.419754237,0.316742778,0.000000000,1.215041757,0.000000000,0.000000000,0.000000000,-0.549359143,-0.172961622,0.000000000,0.960901678,0.000000000,0.000000000,0.000000000
-0.040883183,-0.043869555,0.795736074,0.045403164,-0.034278430,-0.097200409,0.993637562,0.002160707,-0.000006855,0.004415723,-0.003132931,0.000337663,-0.000391511,0.004680065,0.004297752,0.006917783,-0.007602915,0.001207447,0.001469768,0.003661076,-0.008968056,0.000428038,-0.492010117,0.319062144,0.000000000,1.214614511,0.000000000,0.000000000,0.000000000,-0.607310712,-0.170353740,0.000000000,0.964260638,0.000000000,0.000000000,0.000000000
-0.041574515,-0.044115592,0.795720875,0.045535930,-0.034551702,-0.097138651,0.993628085,0.001973470,0.000197103,0.004949032,-0.003381845,0.000976994,-0.000568213,0.004693030,0.004392494,0.006818212,-0.008080143,0.001873900,0.001478723,0.003356042,-0.009038168,-0.000678054,-0.555526674,0.319081038,0.000000000,1.215448737,0.000000000,0.000000000,0.000000000,-0.658989966,-0.171645179,0.000000000,0.964760125,0.000000000,0.000000000,0.000000000
-0.042447627,-0.044427529,0.795704305,0.045666728,-0.034823503,-0.097200148,0.993606567,0.001490062,0.000267703,0.005620433,-0.003459750,0.001674739,-0.000763286,0.004436733,0.004666463,0.006728523,-0.008564022,0.002680149,0.001457857,0.002927941,-0.009251208,-0.002376661,-0.632482529,0.316179454,0.000000000,1.220810413,0.000000000,0.000000000,0.000000000,-0.724582076,-0.174920291,0.000000000,0.965324104,0.000000000,0.000000000,0.000000000
-0.043334298,-0.044738829,0.795694709,0.045808595,-0.035140548,-0.097365022,0.993572712,0.000976764,0.000368215,0.006032273,-0.003339201,0.002351654,-0.000920626,0.004097310,0.004876426,0.006510244,-0.008778478,0.003514779,0.001473009,0.002966365,-0.009630152,-0.004051656,-0.710451245,0.308220476,0.000000000,1.230605602,0.000000000,0.000000000,0.000000000,-0.795552313,-0.194828272,0.000000000,0.968071878,0.000000000,0.000000000,0.000000000
-0.044056159,-0.044998080,0.795698166,0.045969203,-0.035365909,-0.097514942,0.993542612,0.000516300,0.000444166,0.006261051,-0.003131918,0.002827613,-0.001126957,0.003808817,0.004845768,0.006057055,-0.008957252,0.004198961,0.001592268,0.002893188,-0.009820933,-0.005775859,-0.775747776,0.308861852,0.000000000,1.240529895,0.000000000,0.000000000,0.000000000,-0.854671299,-0.219493896,0.000000000,0.973545074,0.000000000,0.000000000,0.000000000
-0.044860076,-0.045310620,0.795690656,0.045990262,-0.035374459,-0.097716123,0.993521571,-0.000644845,0.000554791,0.006653344,-0.002872233,0.003344445,-0.001359523,0.003105972,0.004993814,0.005454429,-0.009652287,0.005078355,0.001826975,0.002377575,-0.009519338,-0.008327049,-0.855687201,0.325633764,0.000000000,1.254809856,0.000000000,0.000000000,0.000000000,-0.927118540,-0.250887007,0.000000000,0.979646087,0.000000000,0.000000000,0.000000000
-0.045276411,-0.045503076,0.795679092,0.046028093,-0.035401836,-0.097827621,0.993507862,-0.001251878,0.000550357,0.007076565,-0.002753884,0.003673640,-0.001509743,0.002956718,0.005268724,0.005214027,-0.010410363,0.005657061,0.001974504,0.001976745,-0.009343482,-0.009651417,-0.906725347,0.335258007,0.000000000,1.265212893,0.000000000,0.000000000,0.000000000,-0.975593090,-0.271134168,0.000000000,0.984550595,0.000000000,0.000000000,0.000000000
-0.045532346,-0.045632437,0.795677960,0.046149410,-0.035567477,-0.097853139,0.993493795,-0.001254750,0.000514125,0.007372210,-0.002672073,0.003900808,-0.001611560,0.003271180,0.005424305,0.005064812,-0.010944668,0.006046833,0.002049591,0.001649831,-0.009213292,-0.010314076,-0.945696115,0.339109033,0.000000000,1.274745822,0.000000000,0.000000000,0.000000000,-1.012153983,-0.286512375,0.000000000,0.988126040,0.000000000,0.000000000,0.000000000
-0.045693673,-0.045711067,0.795675814,0.046247222,-0.035701822,-0.097827718,0.993486941,-0.001175558,0.000479376,0.007436891,-0.002623116,0.004050746,-0.001654472,0.003510558,0.005459224,0.005005934,-0.011208961,0.006304097,0.002063753,0.001319077,-0.009078095,-0.010656729,-0.969665766,0.342212290,0.000000000,1.280776501,0.000000000,0.000000000,0.000000000,-1.036466479,-0.296926916,0.000000000,0.990517437,0.000000000,0.000000000,0.000000000
-0.046141230,-0.045878012,0.795662105,0.046439726,-0.035976607,-0.097687066,0.993481874,-0.001153246,0.000459491,0.007327033,-0.002547467,0.004485120,-0.001726397,0.003783660,0.005389746,0.005035181,-0.011516871,0.006865452,0.002062186,0.000136535,-0.008621836,-0.011246384,-1.031752586,0.345747113,0.000000000,1.296532631,0.000000000,0.000000000,0.000000000,-1.096650243,-0.321865886,0.000000000,0.998713493,0.000000000,0.000000000,0.000000000
-0.046853252,-0.046035968,0.795640111,0.046600793,-0.036350302,-0.097417548,0.993487239,-0.001398298,0.000613144,0.007544234,-0.002207031,0.005029025,-0.001869420,0.003814509,0.005153152,0.004669339,-0.011332215,0.007664074,0.002123385,-0.001519230,-0.007831494,-0.011638953,-1.129854441,0.351320684,0.000000000,1.317544699,0.000000000,0.000000000,0.000000000,-1.190432072,-0.352368206,0.000000000,1.014417887,0.000000000,0.000000000,0.000000000
-0.046938796,-0.046047665,0.795638502,0.046592012,-0.036351305,-0.097385220,0.993490756,-0.001546635,0.000628899,0.007577690,-0.002144737,0.005076369,-0.001899996,0.003719314,0.005133980,0.004597090,-0.011321643,0.007756448,0.002144671,-0.001720960,-0.007742350,-0.011739303,-1.140884638,0.351878583,0.000000000,1.320575356,0.000000000,0.000000000,0.000000000,-1.202003121,-0.355360299,0.000000000,1.016829133,0.000000000,0.000000000,0.000000000
-0.047417115,-0.046087261,0.795646429,0.046532340,-0.036207154,-0.097074322,0.993529260,-0.002783615,0.000722609,0.007867776,-0.001653428,0.005253388,-0.002132294,0.003106769,0.004930961,0.003693432,-0.011710258,0.008364215,0.002383345,-0.003101395,-0.007189897,-0.012855982,-1.222308517,0.346838146,0.000000000,1.335163951,0.000000000,0.000000000,0.000000000,-1.280575037,-0.372171104,0.000000000,1.035953283,0.000000000,0.000000000,0.000000000
-0.047464304,-0.046089992,0.795649588,0.046532255,-0.036181301,-0.097022764,0.993535221,-0.002944083,0.000695978,0.007927590,-0.001573715,0.005263537,-0.002168828,0.003072109,0.004897568,0.003518791,-0.011832179,0.008443408,0.002417157,-0.003271258,-0.007127496,-0.012931735,-1.232853293,0.346368968,0.000000000,1.336540699,0.000000000,0.000000000,0.000000000,-1.291236639,-0.373750091,0.000000000,1.039058566,0.000000000,0.000000000,0.000000000
-0.047505993,-0.046092898,0.795651674,0.046530910,-0.036152191,-0.096971430,0.993541360,-0.003107106,0.000671470,0.007986639,-0.001492508,0.005268918,-0.002198928,0.003031342,0.004871263,0.003353985,-0.011961136,0.008524316,0.002442813,-0.003443337,-0.007064692,-0.013031200,-1.243235111,0.345853508,0.000000000,1.337640882,0.000000000,0.000000000,0.000000000,-1.301811218,-0.375105321,0.000000000,1.042178512,0.000000000,0.000000000,0.000000000
-0.047542877,-0.046095379,0.795652807,0.046528887,-0.036118586,-0.096922182,0.993547499,-0.003276877,0.000638847,0.008050337,-0.001406886,0.005269992,-0.002224604,0.002992947,0.004846274,0.003190527,-0.012107166,0.008605628,0.002474864,-0.003629642,-0.006997558,-0.013158567,-1.253033996,0.344470173,0.000000000,1.338844538,0.000000000,0.000000000,0.000000000,-1.312472343,-0.376273513,0.000000000,1.045158863,0.000000000,0.000000000,0.000000000
-0.047576658,-0.046096716,0.795653105,0.046527389,-0.036087163,-0.096877389,0.993553042,-0.003431750,0.000606758,0.008123204,-0.001329690,0.005274014,-0.002253421,0.002963884,0.004822132,0.003032114,-0.012257506,0.008685698,0.002502799,-0.003833872,-0.006928867,-0.013260080,-1.264503956,0.340985030,0.000000000,1.337338328,0.000000000,0.000000000,0.000000000,-1.323025465,-0.377180904,0.000000000,1.048158407,0.000000000,0.000000000,0.000000000
-0.047866303,-0.045952089,0.795605421,0.046616592,-0.036221739,-0.097188152,0.993513644,-0.003886733,0.000428777,0.007890164,-0.000536193,0.005492436,-0.002250280,0.003042473,0.003887737,0.002788931,-0.012449171,0.009192514,0.002375116,-0.005783175,-0.004344448,-0.014235340,-1.454833508,0.312674910,0.000000000,1.293979168,0.000000000,0.000000000,0.000000000,-1.499166608,-0.383613706,0.000000000,1.109233856,0.000000000,0.000000000,0.000000000
-0.047873277,-0.045909006,0.795606852,0.046462025,-0.036030900,-0.097377636,0.993509233,-0.004443901,0.000542214,0.008000105,-0.000390509,0.005443836,-0.002222622,0.002538510,0.003762721,0.002503837,-0.012334064,0.009150077,0.002328695,-0.006308251,-0.003340827,-0.015059812,-1.487686515,0.308154911,0.000000000,1.283186436,0.000000000,0.000000000,0.000000000,-1.528933764,-0.373258919,0.000000000,1.120382786,0.000000000,0.000000000,0.000000000
-0.047669102,-0.045804769,0.795610964,0.046175141,-0.035661131,-0.097854711,0.993489087,-0.005118038,0.000612512,0.008593981,-0.000478177,0.005285549,-0.002173597,0.001851445,0.003674739,0.002515519,-0.012566503,0.009017626,0.002325626,-0.006865909,-0.001723447,-0.017431477,-1.533913612,0.288485914,0.000000000,1.270626903,0.000000000,0.000000000,0.000000000,-1.578642011,-0.355555117,0.000000000,1.137160420,0.000000000,0.000000000,0.000000000
-0.047458570,-0.045723192,0.795612693,0.046122547,-0.035568450,-0.098092265,0.993471444,-0.005029258,0.000516802,0.008653059,-0.000546791,0.005143852,-0.002142569,0.001889666,0.003596843,0.002334521,-0.012680260,0.008888788,0.002311548,-0.007015767,-0.001022711,-0.018992249,-1.556991696,0.275995702,0.000000000,1.264347911,0.000000000,0.000000000,0.000000000,-1.602050543,-0.346791834,0.000000000,1.146457553,0.000000000,0.000000000,0.000000000
-0.047342885,-0.045682747,0.795610547,0.046098296,-0.035546176,-0.098225713,0.993460178,-0.004928658,0.000484496,0.008690869,-0.000556374,0.005063032,-0.002121462,0.001933287,0.003562234,0.002358128,-0.012683570,0.008825229,0.002297411,-0.007028541,-0.000727762,-0.019957565,-1.566800833,0.266399890,0.000000000,1.257822037,0.000000000,0.000000000,0.000000000,-1.613010406,-0.342816263,0.000000000,1.150655627,0.000000000,0.000000000,0.000000000
-0.046994120,-0.045584843,0.795589626,0.045936111,-0.035427235,-0.098687984,0.993426144,-0.004917409,0.000552878,0.008491428,-0.000423450,0.004809709,-0.002002093,0.001823485,0.003461548,0.002701335,-0.012454351,0.008520019,0.002181926,-0.006859634,0.000054258,-0.022848709,-1.599250555,0.252094746,0.000000000,1.250502467,0.000000000,0.000000000,0.000000000,-1.643985629,-0.332198262,0.000000000,1.160923600,0.000000000,0.000000000,0.000000000
-0.046602584,-0.045450889,0.795569956,0.045842599,-0.035383288,-0.099059470,0.993395030,-0.004545850,0.000627419,0.008088943,-0.000418063,0.004591827,-0.001836667,0.001928293,0.003325360,0.003240370,-0.011977925,0.008117359,0.002033267,-0.007082033,0.000915711,-0.024321642,-1.625191569,0.237163439,0.000000000,1.240425467,0.000000000,0.000000000,0.000000000,-1.671364188,-0.322564483,0.000000000,1.169374704,0.000000000,0.000000000,0.000000000
-0.046376012,-0.045369491,0.795565307,0.045851186,-0.035398163,-0.099192038,0.993380904,-0.004155914,0.000619963,0.007821060,-0.000442040,0.004438209,-0.001747008,0.002110131,0.003169997,0.003562643,-0.011684645,0.007898797,0.001963996,-0.007246996,0.001337699,-0.024983151,-1.636007905,0.229649901,0.000000000,1.234543204,0.000000000,0.000000000,0.000000000,-1.682790756,-0.318360507,0.000000000,1.173792839,0.000000000,0.000000000,0.000000000
-0.045974948,-0.045239873,0.795574605,0.045867562,-0.035433635,-0.099440776,0.993354023,-0.003483576,0.000528319,0.007527067,-0.000367032,0.004089389,-0.001661560,0.002532730,0.002948848,0.003980989,-0.011330515,0.007533948,0.001917602,-0.007344879,0.001971032,-0.026372662,-1.650436282,0.217145711,0.000000000,1.223936796,0.000000000,0.000000000,0.000000000,-1.699487448,-0.310774654,0.000000000,1.179656386,0.000000000,0.000000000,0.000000000
-0.045475625,-0.045137729,0.795595109,0.045751128,-0.035252627,-0.099686459,0.993341208,-0.003396645,0.000432595,0.007520123,0.000005930,0.003507863,-0.001553874,0.002601911,0.002881678,0.003948180,-0.011088789,0.007108685,0.001854092,-0.007410550,0.002573828,-0.028391762,-1.667136550,0.206638381,0.000000000,1.215594411,0.000000000,0.000000000,0.000000000,-1.717042923,-0.304701418,0.000000000,1.184338331,0.000000000,0.000000000,0.000000000
-0.045294620,-0.045111772,0.795600057,0.045696847,-0.035165910,-0.099742584,0.993341088,-0.003445192,0.000390164,0.007667331,0.000162142,0.003283768,-0.001543237,0.002586859,0.002913703,0.003884337,-0.011038016,0.006965905,0.001837189,-0.007487597,0.002776417,-0.029043440,-1.672019839,0.203397021,0.000000000,1.213286400,0.000000000,0.000000000,0.000000000,-1.722416282,-0.303754717,0.000000000,1.185528398,0.000000000,0.000000000,0.000000000
-0.044702314,-0.045049723,0.795605600,0.045610104,-0.035043065,-0.099889204,0.993334711,-0.003245496,0.000316012,0.008168877,0.000583126,0.002634640,-0.001530037,0.002878241,0.003026599,0.004039933,-0.010915145,0.006529320,0.001768438,-0.007681226,0.003482791,-0.030299731,-1.682768226,0.193780780,0.000000000,1.206948042,0.000000000,0.000000000,0.000000000,-1.736127377,-0.299301237,0.000000000,1.189191937,0.000000000,0.000000000,0.000000000
-0.044126205,-0.044995096,0.795601249,0.045533966,-0.034981344,-0.100029916,0.993326247,-0.002850253,0.000362775,0.008137158,0.000835191,0.002031396,-0.001587121,0.003267435,0.003122908,0.004645444,-0.010852088,0.006141021,0.001734722,-0.007554210,0.003625271,-0.031663544,-1.692103386,0.187707737,0.000000000,1.204897046,0.000000000,0.000000000,0.000000000,-1.746981025,-0.294558465,0.000000000,1.192906737,0.000000000,0.000000000,0.000000000
-0.043537237,-0.044931713,0.795633137,0.045514394,-0.034865871,-0.099939637,0.993340254,-0.002535223,0.000364568,0.007674453,0.001149064,0.001396956,-0.001676238,0.003773601,0.003170784,0.004174868,-0.010818207,0.005748617,0.001581554,-0.007136662,0.003232268,-0.033204462,-1.699660897,0.181690216,0.000000000,1.204101801,0.000000000,0.000000000,0.000000000,-1.756217122,-0.292522699,0.000000000,1.194664836,0.000000000,0.000000000,0.000000000
-0.043265183,-0.044923075,0.795652509,0.045400545,-0.034687109,-0.099835895,0.993362188,-0.002907624,0.000437031,0.007635818,0.001521514,0.001041377,-0.001706151,0.003734263,0.003328379,0.003898613,-0.010877524,0.005547445,0.001390057,-0.007134537,0.003370686,-0.034090627,-1.703488111,0.177920997,0.000000000,1.202621222,0.000000000,0.000000000,0.000000000,-1.760547042,-0.291763783,0.000000000,1.195750713,0.000000000,0.000000000,0.000000000
-0.042874265,-0.044923268,0.795673251,0.045263335,-0.034398753,-0.099543393,0.993407786,-0.003527410,0.000561945,0.008096460,0.002151512,0.000466331,-0.001766390,0.003639469,0.003518987,0.003581855,-0.011048206,0.005311167,0.001170461,-0.007134550,0.003432611,-0.035371665,-1.707767844,0.172534630,0.000000000,1.200294137,0.000000000,0.000000000,0.000000000,-1.766223431,-0.291656822,0.000000000,1.197014451,0.000000000,0.000000000,0.000000000
-0.042577259,-0.044942327,0.795688093,0.045235299,-0.034205649,-0.099111542,0.993458927,-0.003870700,0.000644688,0.008156973,0.002605435,0.000056908,-0.001896829,0.003735000,0.003583988,0.003345369,-0.011336755,0.005302851,0.001102640,-0.007147355,0.003379050,-0.036353935,-1.710364699,0.168407798,0.000000000,1.199090719,0.000000000,0.000000000,0.000000000,-1.769265652,-0.292363137,0.000000000,1.197591782,0.000000000,0.000000000,0.000000000
-0.042525966,-0.044949826,0.795690536,0.045219447,-0.034158751,-0.099011011,0.993471265,-0.003966247,0.000673433,0.008102891,0.002673810,-0.000008211,-0.001931218,0.003738393,0.003604881,0.003279667,-0.011423046,0.005312840,0.001114145,-0.007158961,0.003368787,-0.036561172,-1.710966706,0.167581096,0.000000000,1.198902965,0.000000000,0.000000000,0.000000000,-1.769772172,-0.292563736,0.000000000,1.197664618,0.000000000,0.000000000,0.000000000
-0.042200912,-0.044998970,0.795714498,0.045017026,-0.033827107,-0.098279610,0.993564427,-0.004743726,0.001006981,0.007776578,0.002919117,-0.000296117,-0.002139958,0.003904107,0.003908707,0.002425387,-0.012334602,0.005381456,0.001235906,-0.007311890,0.003609480,-0.037991084,-1.715725660,0.161881834,0.000000000,1.197532892,0.000000000,0.000000000,0.000000000,-1.772445083,-0.295127422,0.000000000,1.197977662,0.000000000,0.000000000,0.000000000
-0.041991465,-0.045004975,0.795724690,0.044753466,-0.033465970,-0.097761765,0.993639648,-0.005511545,0.001215511,0.008182800,0.002663281,-0.000357910,-0.002246413,0.003697210,0.004227407,0.002168891,-0.013075586,0.005380191,0.001247421,-0.007729848,0.004424402,-0.039141394,-1.719141722,0.157314524,0.000000000,1.195871949,0.000000000,0.000000000,0.000000000,-1.774341345,-0.297975063,0.000000000,1.198495626,0.000000000,0.000000000,0.000000000
-0.041895151,-0.044974893,0.795722544,0.044731673,-0.033321425,-0.097468682,0.993674278,-0.005628343,0.001134341,0.008399014,0.002443152,-0.000392265,-0.002325678,0.003622763,0.004210338,0.002092422,-0.013239863,0.005338276,0.001191422,-0.008075311,0.004777997,-0.039559551,-1.720180154,0.155229926,0.000000000,1.195017219,0.000000000,0.000000000,0.000000000,-1.774768353,-0.299612850,0.000000000,1.199125886,0.000000000,0.000000000,0.000000000
-0.041752655,-0.044913445,0.795719326,0.044874370,-0.033262689,-0.096929274,0.993722618,-0.005335252,0.000909878,0.008473287,0.002131853,-0.000400827,-0.002432946,0.003890500,0.004037445,0.001529104,-0.013261579,0.005265162,0.001104276,-0.008709327,0.005353993,-0.039764192,-1.720815420,0.151965857,0.000000000,1.193406820,0.000000000,0.000000000,0.000000000,-1.774550200,-0.302269340,0.000000000,1.200062275,0.000000000,0.000000000,0.000000000
-0.041735142,-0.044905309,0.795719385,0.044889491,-0.033245761,-0.096809745,0.993734121,-0.005321937,0.000920891,0.008279806,0.002094024,-0.000392561,-0.002448342,0.003917735,0.004007294,0.001377242,-0.013263527,0.005259844,0.001107121,-0.008929690,0.005508008,-0.039774004,-1.720891833,0.151323676,0.000000000,1.193202138,0.000000000,0.000000000,0.000000000,-1.774652481,-0.302657217,0.000000000,1.200388670,0.000000000,0.000000000,0.000000000
-0.041722901,-0.044898957,0.795719564,0.044897228,-0.033221271,-0.096706882,0.993744612,-0.005347377,0.000924804,0.008242897,0.002065784,-0.000385483,-0.002457579,0.003914323,0.003975268,0.001212046,-0.013247201,0.005245585,0.001108655,-0.009066900,0.005659722,-0.039796855,-1.721088290,0.150973812,0.000000000,1.193137765,0.000000000,0.000000000,0.000000000,-1.774708033,-0.303426057,0.000000000,1.200417280,0.000000000,0.000000000,0.000000000
-0.041714996,-0.044894442,0.795719743,0.044895474,-0.033188943,-0.096609719,0.993755221,-0.005414298,0.000935344,0.008214436,0.002058891,-0.000381659,-0.002467314,0.003884964,0.003957062,0.001037628,-0.013232910,0.005232980,0.001109103,-0.009202119,0.005808822,-0.039841529,-1.721394658,0.150314927,0.000000000,1.192731738,0.000000000,0.000000000,0.000000000,-1.774838448,-0.304215282,0.000000000,1.200352311,0.000000000,0.000000000,0.000000000
-0.041711278,-0.044891186,0.795720220,0.044882499,-0.033143990,-0.096519560,0.993766069,-0.005540248,0.000959590,0.008185924,0.002070802,-0.000373091,-0.002473901,0.003823932,0.003949694,0.000850455,-0.013227018,0.005225120,0.001108901,-0.009343926,0.005971736,-0.039924681,-1.721772075,0.149756908,0.000000000,1.192394614,0.000000000,0.000000000,0.000000000,-1.775053740,-0.304985553,0.000000000,1.200229645,0.000000000,0.000000000,0.000000000
-0.041796900,-0.044573184,0.795702517,0.044645648,-0.032448173,-0.095382497,0.993909478,-0.007942075,0.001006821,0.008508347,0.002667011,-0.000090076,-0.002434971,0.003068533,0.003834136,-0.001082686,-0.013805717,0.005020334,0.001071828,-0.011446617,0.008468213,-0.042775895,-1.728024125,0.141484588,0.000000000,1.184423208,0.000000000,0.000000000,0.000000000,-1.779212713,-0.318106145,0.000000000,1.198835492,0.000000000,0.000000000,0.000000000
-0.041833706,-0.044517588,0.795696437,0.044655908,-0.032451082,-0.095363677,0.993910730,-0.007978918,0.000943416,0.008570982,0.002654151,-0.000032418,-0.002375324,0.003061604,0.003756577,-0.001053412,-0.013745870,0.005004901,0.001065265,-0.011558751,0.008733052,-0.043055449,-1.728343129,0.140709177,0.000000000,1.183010221,0.000000000,0.000000000,0.000000000,-1.779691577,-0.319074482,0.000000000,1.198622227,0.000000000,0.000000000,0.000000000
-0.041877873,-0.044458099,0.795703828,0.044682726,-0.032432280,-0.095292337,0.993916988,-0.008005048,0.000849831,0.008649161,0.002615653,0.000018017,-0.002332638,0.003035350,0.003573946,-0.001186043,-0.013675913,0.005004454,0.001105435,-0.011753537,0.008956650,-0.043483987,-1.728600621,0.139770433,0.000000000,1.181818128,0.000000000,0.000000000,0.000000000,-1.779920220,-0.320119441,0.000000000,1.198743463,0.000000000,0.000000000,0.000000000
-0.041981161,-0.044332456,0.795729756,0.044692758,-0.032147467,-0.094881251,0.993965089,-0.008585397,0.000671547,0.008617673,0.002550209,0.000074713,-0.002354933,0.002709171,0.003191429,-0.002353124,-0.013907434,0.005068724,0.001270146,-0.012946915,0.009262899,-0.044989746,-1.730306149,0.137858838,0.000000000,1.181314230,0.000000000,0.000000000,0.000000000,-1.781179667,-0.325211078,0.000000000,1.198937297,0.000000000,0.000000000,0.000000000
-0.041998051,-0.044263355,0.795718789,0.044580467,-0.032068763,-0.094924159,0.993968606,-0.008939414,0.000701763,0.009030716,0.002547627,0.000109539,-0.002343429,0.002614969,0.003258379,-0.002221974,-0.014304703,0.005153113,0.001313344,-0.013495991,0.009650023,-0.045838498,-1.731639862,0.137048915,0.000000000,1.180395603,0.000000000,0.000000000,0.000000000,-1.782303691,-0.327941775,0.000000000,1.198818445,0.000000000,0.000000000,0.000000000
-0.042001851,-0.044204392,0.795717120,0.044608280,-0.032225031,-0.095010735,0.993954003,-0.008657219,0.000675912,0.008980488,0.002584391,0.000128201,-0.002302897,0.003027641,0.003291512,-0.001888770,-0.014508285,0.005181929,0.001292418,-0.013715751,0.009734361,-0.046098668,-1.731330156,0.136000827,0.000000000,1.179049969,0.000000000,0.000000000,0.000000000,-1.782383323,-0.328317344,0.000000000,1.198510408,0.000000000,0.000000000,0.000000000
-0.042145044,-0.044128358,0.795718670,0.044727817,-0.032506920,-0.095198743,0.993921459,-0.008254834,0.000595058,0.008771763,0.002845855,0.000203942,-0.002186616,0.003478196,0.003136489,-0.001626761,-0.014370877,0.005215923,0.001263996,-0.014283681,0.009580685,-0.046230514,-1.731121659,0.135349587,0.000000000,1.178547144,0.000000000,0.000000000,0.000000000,-1.781585693,-0.329061896,0.000000000,1.198556423,0.000000000,0.000000000,0.000000000
-0.042258095,-0.044115126,0.795719087,0.044768985,-0.032527141,-0.095272593,0.993911922,-0.008321111,0.000524587,0.008629621,0.002987898,0.000231614,-0.002131083,0.003329849,0.002966614,-0.001784532,-0.014145186,0.005204795,0.001254735,-0.014588796,0.009427044,-0.046388254,-1.731511474,0.135295779,0.000000000,1.178971529,0.000000000,0.000000000,0.000000000,-1.781504035,-0.329765290,0.000000000,1.198719621,0.000000000,0.000000000,0.000000000
-0.042336434,-0.044113692,0.795720041,0.044789635,-0.032518443,-0.095336102,0.993905187,-0.008388731,0.000486120,0.008567088,0.003041053,0.000248388,-0.002107954,0.003170980,0.002836208,-0.001976863,-0.013987345,0.005200616,0.001270687,-0.014805383,0.009358537,-0.046491593,-1.731838465,0.135200098,0.000000000,1.179176927,0.000000000,0.000000000,0.000000000,-1.781525970,-0.330296725,0.000000000,1.198931813,0.000000000,0.000000000,0.000000000
-0.042453438,-0.044128183,0.795722187,0.044764474,-0.032456372,-0.095489204,0.993893623,-0.008636013,0.000464128,0.008538432,0.003079074,0.000286291,-0.002085110,0.002791238,0.002716527,-0.002211696,-0.013804322,0.005212781,0.001303378,-0.015001290,0.009249097,-0.046764307,-1.732493520,0.135133520,0.000000000,1.179306626,0.000000000,0.000000000,0.000000000,-1.781805634,-0.330733955,0.000000000,1.199170232,0.000000000,0.000000000,0.000000000
-0.042741686,-0.044190772,0.795757294,0.044319894,-0.032085676,-0.096320629,0.993845344,-0.009970542,0.000724745,0.009618112,0.002827490,0.000431906,-0.002111615,0.001223718,0.002793199,-0.002838379,-0.013904477,0.005376319,0.001480305,-0.014805577,0.009273571,-0.048289273,-1.734327435,0.135069057,0.000000000,1.177928209,0.000000000,0.000000000,0.000000000,-1.783878922,-0.332201004,0.000000000,1.199104786,0.000000000,0.000000000,0.000000000
-0.042783219,-0.044193447,0.795767903,0.044232164,-0.032004464,-0.096484825,0.993835986,-0.010211952,0.000765733,0.009921652,0.002729593,0.000458168,-0.002132296,0.000952596,0.002797098,-0.003035942,-0.014039572,0.005426650,0.001515554,-0.014759826,0.009304625,-0.048676774,-1.734811902,0.134871155,0.000000000,1.177280307,0.000000000,0.000000000,0.000000000,-1.784338117,-0.332322836,0.000000000,1.199077010,0.000000000,0.000000000,0.000000000
-0.042948343,-0.044180699,0.795765877,0.044060763,-0.031903189,-0.097060442,0.993790805,-0.010647272,0.000795402,0.010336721,0.002497957,0.000578046,-0.002063035,0.000222657,0.002547450,-0.003068474,-0.014220312,0.005587816,0.001609280,-0.014585616,0.009381013,-0.049669798,-1.737106442,0.134724110,0.000000000,1.175606489,0.000000000,0.000000000,0.000000000,-1.785451412,-0.332138807,0.000000000,1.199531198,0.000000000,0.000000000,0.000000000
-0.043025516,-0.044168048,0.795752704,0.044115745,-0.032059424,-0.097258903,0.993763924,-0.010361690,0.000814991,0.010134823,0.002478428,0.000660272,-0.002008263,0.000288295,0.002348356,-0.002779069,-0.014019433,0.005640859,0.001625287,-0.014561817,0.009331211,-0.049539402,-1.737076998,0.134920388,0.000000000,1.175396562,0.000000000,0.000000000,0.000000000,-1.785055876,-0.331512839,0.000000000,1.199804306,0.000000000,0.000000000,0.000000000
-0.043244801,-0.044141121,0.795749307,0.044329822,-0.032554261,-0.097611502,0.993703723,-0.009362369,0.000818704,0.009471749,0.002548746,0.000819293,-0.001901854,0.000854260,0.001889968,-0.002131443,-0.013450311,0.005712385,0.001616822,-0.014470840,0.009126781,-0.048901353,-1.735349536,0.135389671,0.000000000,1.175232649,0.000000000,0.000000000,0.000000000,-1.783220530,-0.330921084,0.000000000,1.200313091,0.000000000,0.000000000,0.000000000
-0.043574817,-0.044139419,0.795766473,0.044224918,-0.032594927,-0.097936600,0.993675053,-0.009574722,0.000996981,0.009700233,0.002495816,0.000985988,-0.001815742,0.000196136,0.001631743,-0.001780824,-0.012833516,0.005734596,0.001653723,-0.014359129,0.009071649,-0.049170937,-1.735279918,0.135706022,0.000000000,1.175052285,0.000000000,0.000000000,0.000000000,-1.783037901,-0.331796110,0.000000000,1.200478673,0.000000000,0.000000000,0.000000000
-0.043792319,-0.044104472,0.795774102,0.043968420,-0.032285638,-0.098060094,0.993684351,-0.010462278,0.001121932,0.009851426,0.002298799,0.001069936,-0.001766677,-0.001051519,0.001508526,-0.001885753,-0.012555031,0.005730954,0.001690160,-0.014473418,0.009291549,-0.050066229,-1.736590028,0.135833696,0.000000000,1.175095081,0.000000000,0.000000000,0.000000000,-1.784319520,-0.332718611,0.000000000,1.200521111,0.000000000,0.000000000,0.000000000
-0.043869883,-0.044018578,0.795771897,0.043965135,-0.032297526,-0.098119318,0.993678272,-0.010284752,0.001014856,0.010240795,0.001867074,0.001167835,-0.001707662,-0.001304249,0.001385852,-0.001895425,-0.012417660,0.005689973,0.001716715,-0.014566458,0.009496989,-0.050437953,-1.736496687,0.136145532,0.000000000,1.174664259,0.000000000,0.000000000,0.000000000,-1.784144521,-0.332626790,0.000000000,1.200849891,0.000000000,0.000000000,0.000000000
-0.043872517,-0.044006761,0.795771956,0.044002693,-0.032361243,-0.098116204,0.993674874,-0.010093723,0.000992206,0.010236311,0.001807149,0.001180357,-0.001702642,-0.001184516,0.001365811,-0.001849648,-0.012387248,0.005681035,0.001724957,-0.014584883,0.009504212,-0.050367642,-1.736120820,0.136223957,0.000000000,1.174582362,0.000000000,0.000000000,0.000000000,-1.783858061,-0.332692534,0.000000000,1.200903177,0.000000000,0.000000000,0.000000000
-0.043896772,-0.043976873,0.795775235,0.044180911,-0.032683805,-0.098094322,0.993658543,-0.009207175,0.000924959,0.010117214,0.001677373,0.001191591,-0.001693574,-0.000597044,0.001249980,-0.001571999,-0.012154652,0.005639418,0.001750151,-0.014631962,0.009494358,-0.049951196,-1.734217167,0.136511877,0.000000000,1.174131513,0.000000000,0.000000000,0.000000000,-1.782521725,-0.333364815,0.000000000,1.200863600,0.000000000,0.000000000,0.000000000
-0.044005405,-0.043976620,0.795782924,0.044288479,-0.032950316,-0.098072201,0.993647158,-0.008678706,0.000977980,0.009803141,0.001772324,0.001204661,-0.001682453,-0.000343903,0.001120972,-0.001381090,-0.011690216,0.005609171,0.001802694,-0.014630586,0.009502791,-0.049637306,-1.732422352,0.136908278,0.000000000,1.173573256,0.000000000,0.000000000,0.000000000,-1.781198740,-0.334340513,0.000000000,1.200605154,0.000000000,0.000000000,0.000000000
-0.044201214,-0.043972474,0.795788348,0.044139959,-0.032962345,-0.098150216,0.993645668,-0.009193880,0.001251350,0.009804428,0.002132410,0.001233212,-0.001602471,-0.000868452,0.001088855,-0.001091491,-0.011175834,0.005553125,0.001831067,-0.014432363,0.009769906,-0.049843337,-1.732370496,0.137981862,0.000000000,1.173233986,0.000000000,0.000000000,0.000000000,-1.780485153,-0.335009038,0.000000000,1.200301051,0.000000000,0.000000000,0.000000000
-0.044229884,-0.043966275,0.795788825,0.044114552,-0.032947682,-0.098160461,0.993646264,-0.009305627,0.001274972,0.009851516,0.002186765,0.001234998,-0.001591884,-0.000980272,0.001077762,-0.001025248,-0.011114135,0.005550235,0.001837128,-0.014387060,0.009807015,-0.049898263,-1.732369304,0.138175294,0.000000000,1.173208833,0.000000000,0.000000000,0.000000000,-1.780427694,-0.335119188,0.000000000,1.200202584,0.000000000,0.000000000,0.000000000
-0.044254988,-0.043957714,0.795789480,0.044099774,-0.032938540,-0.098161384,0.993647099,-0.009385948,0.001280528,0.009896069,0.002232906,0.001232964,-0.001582912,-0.001068358,0.001063459,-0.000955729,-0.011057393,0.005548291,0.001842097,-0.014361354,0.009824370,-0.049938943,-1.732325912,0.138355285,0.000000000,1.173182726,0.000000000,0.000000000,0.000000000,-1.780334353,-0.335206300,0.000000000,1.200101256,0.000000000,0.000000000,0.000000000
-0.044276606,-0.043947138,0.795790553,0.044095587,-0.032934919,-0.098154075,0.993648171,-0.009433082,0.001270705,0.009932552,0.002265719,0.001232039,-0.001577544,-0.001133682,0.001041290,-0.000876634,-0.011008487,0.005544411,0.001844014,-0.014339840,0.009838603,-0.049969420,-1.732236266,0.138532609,0.000000000,1.173167229,0.000000000,0.000000000,0.000000000,-1.780207634,-0.335286736,0.000000000,1.199997306,0.000000000,0.000000000,0.000000000
-0.044295050,-0.043935049,0.795791924,0.044102594,-0.032936525,-0.098138683,0.993649304,-0.009444687,0.001251403,0.009956461,0.002287983,0.001227970,-0.001566978,-0.001175428,0.001012935,-0.000802273,-0.010963712,0.005537595,0.001843875,-0.014322590,0.009843697,-0.049987432,-1.732101798,0.138708472,0.000000000,1.173167944,0.000000000,0.000000000,0.000000000,-1.780041933,-0.335359097,0.000000000,1.199887037,0.000000000,0.000000000,0.000000000
-0.044639938,-0.043857716,0.795817733,0.044251796,-0.033219162,-0.097558275,0.993690431,-0.009069966,0.001326610,0.009384773,0.002071863,0.001625034,-0.001483917,-0.000881187,0.000974667,-0.000527024,-0.010661035,0.005470672,0.001815189,-0.014200302,0.010192049,-0.049316633,-1.728057146,0.141106457,0.000000000,1.171530724,0.000000000,0.000000000,0.000000000,-1.774438024,-0.338761598,0.000000000,1.197793007,0.000000000,0.000000000,0.000000000
-0.044721764,-0.043832630,0.795816898,0.044138417,-0.033042464,-0.097284086,0.993728220,-0.009610979,0.001448523,0.009606307,0.002024639,0.001638672,-0.001508080,-0.001374107,0.001019983,-0.000449070,-0.010675507,0.005499191,0.001856658,-0.014457781,0.010460153,-0.049536813,-1.727991104,0.141865313,0.000000000,1.172006607,0.000000000,0.000000000,0.000000000,-1.773902535,-0.340194136,0.000000000,1.197336435,0.000000000,0.000000000,0.000000000
-0.044734471,-0.043780714,0.795814812,0.044202331,-0.033128832,-0.096998252,0.993750453,-0.009396181,0.001360360,0.009523796,0.001919666,0.001675146,-0.001516938,-0.001169303,0.001059830,-0.000318517,-0.010683342,0.005503606,0.001868078,-0.014545605,0.010638559,-0.049274653,-1.726513863,0.143128455,0.000000000,1.172800899,0.000000000,0.000000000,0.000000000,-1.772209287,-0.340899885,0.000000000,1.196801424,0.000000000,0.000000000,0.000000000
-0.044739120,-0.043761712,0.795815110,0.044242088,-0.033213504,-0.096941173,0.993751407,-0.009201361,0.001320886,0.009462504,0.001895980,0.001692450,-0.001503805,-0.000948333,0.001090364,-0.000237555,-0.010711279,0.005511273,0.001876230,-0.014553994,0.010682552,-0.049061108,-1.725791574,0.143404141,0.000000000,1.172640443,0.000000000,0.000000000,0.000000000,-1.771362662,-0.341102481,0.000000000,1.196668029,0.000000000,0.000000000,0.000000000
-0.044779569,-0.043717198,0.795819044,0.044316668,-0.033405483,-0.096812628,0.993754208,-0.008822468,0.001287915,0.009446979,0.001920445,0.001710047,-0.001460789,-0.000453492,0.001176543,-0.000034543,-0.010782899,0.005508459,0.001954049,-0.014755558,0.010815474,-0.048479944,-1.723986506,0.145042151,0.000000000,1.172823071,0.000000000,0.000000000,0.000000000,-1.768920183,-0.341944724,0.000000000,1.196231127,0.000000000,0.000000000,0.000000000
-0.044833265,-0.043683935,0.795823693,0.044324841,-0.033362340,-0.096678309,0.993768394,-0.008967648,0.001268815,0.009348470,0.001922452,0.001752339,-0.001419761,-0.000516784,0.001132981,0.000113352,-0.010788746,0.005472570,0.002037056,-0.014947413,0.010804299,-0.048407730,-1.722821116,0.146705046,0.000000000,1.172842026,0.000000000,0.000000000,0.000000000,-1.767248631,-0.342919528,0.000000000,1.195815444,0.000000000,0.000000000,0.000000000
-0.044877201,-0.043643102,0.795820057,0.044308826,-0.033249084,-0.096588701,0.993781567,-0.009268534,0.001192605,0.009119607,0.001893438,0.001834623,-0.001386241,-0.000849646,0.001035137,0.000364693,-0.010650033,0.005427963,0.002086897,-0.014985102,0.010866309,-0.048373222,-1.721871376,0.147875398,0.000000000,1.172565222,0.000000000,0.000000000,0.000000000,-1.766066790,-0.343743324,0.000000000,1.195518374,0.000000000,0.000000000,0.000000000
-0.044887196,-0.043584831,0.795828044,0.044388395,-0.033364572,-0.096477695,0.993784964,-0.008947591,0.001139553,0.009028472,0.001807973,0.001891048,-0.001388632,-0.000587110,0.001039677,0.000254678,-0.010469234,0.005365681,0.002113101,-0.015009136,0.010986967,-0.047935355,-1.719516277,0.149712354,0.000000000,1.172730446,0.000000000,0.000000000,0.000000000,-1.763875127,-0.344907820,0.000000000,1.195056796,0.000000000,0.000000000,0.000000000
-0.044890530,-0.043577142,0.795829475,0.044381533,-0.033364575,-0.096458934,0.993787050,-0.008903271,0.001110941,0.009152952,0.001744042,0.001881973,-0.001400730,-0.000594507,0.001101569,0.000191730,-0.010435341,0.005335416,0.002108898,-0.015022867,0.010981913,-0.047861539,-1.718744397,0.150338113,0.000000000,1.172819614,0.000000000,0.000000000,0.000000000,-1.763339043,-0.345337033,0.000000000,1.194818974,0.000000000,0.000000000,0.000000000
-0.044888593,-0.043572664,0.795828640,0.044317901,-0.033280998,-0.096432701,0.993795276,-0.009033980,0.001104638,0.009354373,0.001637355,0.001841634,-0.001417213,-0.000795766,0.001220973,0.000064634,-0.010435483,0.005291813,0.002083207,-0.015030358,0.010967534,-0.047875434,-1.717863321,0.151273742,0.000000000,1.173083067,0.000000000,0.000000000,0.000000000,-1.762739658,-0.345996469,0.000000000,1.194606781,0.000000000,0.000000000,0.000000000
-0.044787396,-0.043531500,0.795814514,0.044177063,-0.033114195,-0.096443750,0.993806064,-0.009297563,0.001100214,0.009433157,0.001429720,0.001771907,-0.001429408,-0.001097569,0.001474454,0.000276325,-0.010669482,0.005247431,0.002041107,-0.014898984,0.010821058,-0.047820874,-1.715348601,0.154534146,0.000000000,1.174642205,0.000000000,0.000000000,0.000000000,-1.759942770,-0.348616719,0.000000000,1.194184303,0.000000000,0.000000000,0.000000000
-0.044734161,-0.043510191,0.795814276,0.044203240,-0.033145703,-0.096475877,0.993800700,-0.009160440,0.001040149,0.009342116,0.001391676,0.001770889,-0.001415476,-0.000914302,0.001512461,0.000479157,-0.010785865,0.005232599,0.002040812,-0.014854057,0.010723998,-0.047700141,-1.713796258,0.155928656,0.000000000,1.175201535,0.000000000,0.000000000,0.000000000,-1.758514762,-0.349642932,0.000000000,1.193932652,0.000000000,0.000000000,0.000000000
-0.044716109,-0.043503918,0.795814812,0.044219803,-0.033166289,-0.096482463,0.993798614,-0.009082457,0.001023750,0.009298488,0.001385029,0.001767100,-0.001412002,-0.000835903,0.001513129,0.000561456,-0.010803888,0.005228941,0.002040199,-0.014847714,0.010694866,-0.047649175,-1.713154435,0.156467929,0.000000000,1.175499439,0.000000000,0.000000000,0.000000000,-1.757963419,-0.350025773,0.000000000,1.193844438,0.000000000,0.000000000,0.000000000
-0.044602126,-0.043486986,0.795818985,0.044396993,-0.033416290,-0.096557014,0.993775129,-0.008277835,0.000868734,0.008832749,0.001404814,0.001721881,-0.001366703,-0.000083710,0.001502075,0.001373438,-0.010859074,0.005242296,0.002058951,-0.014650286,0.010464150,-0.047214478,-1.706370711,0.162944302,0.000000000,1.180315375,0.000000000,0.000000000,0.000000000,-1.752695441,-0.352670223,0.000000000,1.193067908,0.000000000,0.000000000,0.000000000
-0.044546105,-0.043485612,0.795816243,0.044434946,-0.033491347,-0.096662611,0.993760645,-0.007870982,0.000805905,0.008862604,0.001303784,0.001653589,-0.001351158,0.000112255,0.001549128,0.001702151,-0.010804555,0.005224340,0.002084007,-0.014411629,0.010384130,-0.047170982,-1.701013923,0.167399317,0.000000000,1.183242083,0.000000000,0.000000000,0.000000000,-1.748890519,-0.354501933,0.000000000,1.192538619,0.000000000,0.000000000,0.000000000
-0.044439174,-0.043495953,0.795802593,0.044378977,-0.033441853,-0.096870810,0.993744552,-0.007747780,0.000761172,0.008834961,0.001204640,0.001551059,-0.001345998,-0.000014980,0.001789243,0.002207585,-0.010772124,0.005159108,0.002044269,-0.014057579,0.010396895,-0.047485702,-1.693764091,0.171920612,0.000000000,1.185058475,0.000000000,0.000000000,0.000000000,-1.743453860,-0.356798381,0.000000000,1.192244172,0.000000000,0.000000000,0.000000000
-0.044271104,-0.043522339,0.795790374,0.044447906,-0.033509374,-0.096977681,0.993728757,-0.007292636,0.000673783,0.008475862,0.001131229,0.001479234,-0.001343077,0.000257522,0.002019402,0.002706894,-0.010767782,0.005080455,0.001954116,-0.013687117,0.010316616,-0.047544889,-1.685617447,0.175571039,0.000000000,1.186878800,0.000000000,0.000000000,0.000000000,-1.736868858,-0.360501915,0.000000000,1.192079425,0.000000000,0.000000000,0.000000000
-0.044020128,-0.043589365,0.795791268,0.044670787,-0.033800993,-0.096999660,0.993706763,-0.006138841,0.000578344,0.008099514,0.001060208,0.001352507,-0.001350368,0.001185155,0.002226600,0.003351111,-0.010733836,0.005001069,0.001845630,-0.013159379,0.009934417,-0.047359344,-1.673305273,0.183494166,0.000000000,1.193623543,0.000000000,0.000000000,0.000000000,-1.725924134,-0.366352409,0.000000000,1.191036582,0.000000000,0.000000000,0.000000000
-0.043939851,-0.043623537,0.795791626,0.044693682,-0.033856150,-0.097020805,0.993701756,-0.005880936,0.000593739,0.008116665,0.001028284,0.001301746,-0.001364211,0.001399736,0.002321775,0.003575138,-0.010750359,0.004973444,0.001824818,-0.012848046,0.009675069,-0.047362681,-1.669055581,0.187018648,0.000000000,1.196803808,0.000000000,0.000000000,0.000000000,-1.722111702,-0.368255109,0.000000000,1.190017343,0.000000000,0.000000000,0.000000000
-0.043693759,-0.043722212,0.795781195,0.044503283,-0.033761062,-0.097174920,0.993698478,-0.005931541,0.000772067,0.008265258,0.000960570,0.001136303,-0.001401206,0.001383890,0.002973402,0.004282262,-0.010935689,0.004863828,0.001766963,-0.011769286,0.008893955,-0.047795832,-1.656123161,0.197244450,0.000000000,1.205073833,0.000000000,0.000000000,0.000000000,-1.709837437,-0.374228448,0.000000000,1.186222553,0.000000000,0.000000000,0.000000000
-0.043537933,-0.043754198,0.795772672,0.044419233,-0.033713166,-0.097220019,0.993699491,-0.005928530,0.000899352,0.007947777,0.000901814,0.001072787,-0.001416171,0.001391701,0.003313954,0.004794323,-0.011017219,0.004762673,0.001708849,-0.011287772,0.008596967,-0.047887094,-1.647813439,0.203207821,0.000000000,1.209882379,0.000000000,0.000000000,0.000000000,-1.702550650,-0.378284633,0.000000000,1.183905125,0.000000000,0.000000000,0.000000000
-0.043062091,-0.043827400,0.795756400,0.044685811,-0.034186598,-0.097356804,0.993657947,-0.004081281,0.000856647,0.007170148,0.000680695,0.000900571,-0.001390732,0.002717341,0.004043819,0.006182760,-0.010694184,0.004464334,0.001512232,-0.009606388,0.007616739,-0.046737097,-1.614883065,0.220852196,0.000000000,1.223177195,0.000000000,0.000000000,0.000000000,-1.677726030,-0.389026642,0.000000000,1.179049015,0.000000000,0.000000000,0.000000000
-0.043006532,-0.043843672,0.795757830,0.044738643,-0.034269795,-0.097380750,0.993650377,-0.003766209,0.000851045,0.007070318,0.000648734,0.000875414,-0.001395127,0.002942625,0.004128718,0.006251366,-0.010634673,0.004428641,0.001497106,-0.009305469,0.007440173,-0.046513490,-1.609854817,0.223066688,0.000000000,1.224755526,0.000000000,0.000000000,0.000000000,-1.674022436,-0.390858322,0.000000000,1.178362131,0.000000000,0.000000000,0.000000000
-0.042953532,-0.043862116,0.795760870,0.044787895,-0.034350377,-0.097405396,0.993642926,-0.003460506,0.000856515,0.006986815,0.000610083,0.000852189,-0.001396830,0.003167480,0.004210067,0.006285373,-0.010581131,0.004392941,0.001485510,-0.008980062,0.007239869,-0.046286274,-1.604921460,0.225095138,0.000000000,1.226162553,0.000000000,0.000000000,0.000000000,-1.670189023,-0.392799348,0.000000000,1.177629828,0.000000000,0.000000000,0.000000000
-0.042903475,-0.043882474,0.795765221,0.044826280,-0.034412138,-0.097428843,0.993636787,-0.003203575,0.000866116,0.006932451,0.000571914,0.000827657,-0.001397346,0.003354385,0.004291209,0.006287664,-0.010539461,0.004358536,0.001476790,-0.008629580,0.007009997,-0.046093956,-1.600055814,0.227290794,0.000000000,1.227761745,0.000000000,0.000000000,0.000000000,-1.666263938,-0.394738883,0.000000000,1.176826119,0.000000000,0.000000000,0.000000000
-0.042857450,-0.043905023,0.795770407,0.044850908,-0.034447536,-0.097451508,0.993632197,-0.003017111,0.000873306,0.006900193,0.000540663,0.000794873,-0.001401574,0.003482290,0.004371923,0.006253535,-0.010507704,0.004322563,0.001472461,-0.008274019,0.006765247,-0.045949135,-1.595498085,0.229654133,0.000000000,1.229524136,0.000000000,0.000000000,0.000000000,-1.662375212,-0.396587312,0.000000000,1.175830603,0.000000000,0.000000000,0.000000000
-0.042510547,-0.044131186,0.795790672,0.044383656,-0.033821892,-0.097698748,0.993650377,-0.004264723,0.001164836,0.007111343,0.000544266,0.000459492,-0.001438853,0.002394363,0.005386657,0.005960265,-0.010851647,0.004055678,0.001395224,-0.005715659,0.004879042,-0.046685979,-1.562575340,0.254213244,0.000000000,1.248037219,0.000000000,0.000000000,0.000000000,-1.633479714,-0.407625586,0.000000000,1.164108872,0.000000000,0.000000000,0.000000000
-0.041241013,-0.044436947,0.795811117,0.044443317,-0.034093887,-0.097710021,0.993637323,-0.002438877,0.001527994,0.006366342,0.000540111,-0.000221267,-0.001413115,0.004754022,0.007602772,0.007878759,-0.011838663,0.003409088,0.001214395,-0.001337648,0.002040672,-0.044683769,-1.424375534,0.280072570,0.000000000,1.281716704,0.000000000,0.000000000,0.000000000,-1.534798741,-0.442457646,0.000000000,1.130127430,0.000000000,0.000000000,0.000000000
-0.041194368,-0.044456955,0.795815349,0.044369310,-0.033975367,-0.097678050,0.993647814,-0.002703793,0.001586514,0.006301241,0.000550571,-0.000266138,-0.001410630,0.004542453,0.007703374,0.007836896,-0.011871072,0.003358722,0.001202609,-0.001247115,0.001925030,-0.044796191,-1.417535067,0.280411541,0.000000000,1.283502579,0.000000000,0.000000000,0.000000000,-1.529218197,-0.444418669,0.000000000,1.127878904,0.000000000,0.000000000,0.000000000
-0.040744253,-0.044506527,0.795818985,0.044102374,-0.033439796,-0.097348817,0.993710220,-0.003616308,0.001717094,0.005748484,0.000542789,-0.000561986,-0.001394174,0.003849994,0.008193936,0.008020774,-0.012055917,0.003026191,0.001112142,-0.000426077,0.001231831,-0.044469431,-1.362215757,0.288279802,0.000000000,1.307564616,0.000000000,0.000000000,0.000000000,-1.486348629,-0.456862420,0.000000000,1.112816691,0.000000000,0.000000000,0.000000000
-0.040659171,-0.044503603,0.795817375,0.044130329,-0.033469696,-0.097308218,0.993711948,-0.003441465,0.001699797,0.005694709,0.000529012,-0.000608532,-0.001400503,0.004035637,0.008254861,0.008107811,-0.012085889,0.002987032,0.001114535,-0.000230871,0.001127072,-0.044227816,-1.352498770,0.290138960,0.000000000,1.312840462,0.000000000,0.000000000,0.000000000,-1.479463696,-0.456727147,0.000000000,1.110859871,0.000000000,0.000000000,0.000000000
-0.040046491,-0.044508483,0.795834780,0.044345323,-0.033788815,-0.097071603,0.993714690,-0.001726248,0.001658667,0.005888052,0.000116161,-0.000900828,-0.001449319,0.005883125,0.008960009,0.008295857,-0.012606404,0.002739308,0.001236481,0.002019899,-0.001008885,-0.042170536,-1.270976543,0.295535922,0.000000000,1.344827294,0.000000000,0.000000000,0.000000000,-1.417100310,-0.455790818,0.000000000,1.093388677,0.000000000,0.000000000,0.000000000
-0.039763279,-0.044544689,0.795853913,0.043981321,-0.033220395,-0.096852310,0.993771434,-0.002760453,0.001980087,0.005869831,-0.000195072,-0.001050067,-0.001486737,0.005299210,0.009650937,0.007658619,-0.013349584,0.002536766,0.001195246,0.003555792,-0.002859238,-0.041917399,-1.229642630,0.288383931,0.000000000,1.345853806,0.000000000,0.000000000,0.000000000,-1.378236294,-0.454215199,0.000000000,1.077467084,0.000000000,0.000000000,0.000000000
-0.039300762,-0.044514045,0.795879662,0.043608893,-0.032579280,-0.096419074,0.993851185,-0.003807864,0.002336728,0.005918385,-0.000689414,-0.001172111,-0.001506737,0.004681699,0.010095973,0.007217752,-0.014146722,0.002301747,0.001180058,0.004280801,-0.003941126,-0.041922610,-1.174879789,0.286577970,0.000000000,1.352080107,0.000000000,0.000000000,0.000000000,-1.329435706,-0.448051214,0.000000000,1.061955214,0.000000000,0.000000000,0.000000000
-0.038909536,-0.044409785,0.795867205,0.043562789,-0.032496523,-0.096145511,0.993882418,-0.003399910,0.002448904,0.006005255,-0.001133419,-0.001323432,-0.001512141,0.005058086,0.010168583,0.007804296,-0.014437723,0.002083286,0.001164426,0.004733457,-0.004701226,-0.041089199,-1.124872565,0.282019496,0.000000000,1.352847576,0.000000000,0.000000000,0.000000000,-1.285196185,-0.442041546,0.000000000,1.050337553,0.000000000,0.000000000,0.000000000
-0.038838636,-0.044383403,0.795861185,0.043562405,-0.032501623,-0.096125141,0.993884265,-0.003243400,0.002441434,0.006064157,-0.001232272,-0.001363804,-0.001512219,0.005163037,0.010182734,0.007929522,-0.014456216,0.002028094,0.001163259,0.004892464,-0.004914707,-0.040883396,-1.114875674,0.279777884,0.000000000,1.351918817,0.000000000,0.000000000,0.000000000,-1.275859475,-0.440604478,0.000000000,1.048032880,0.000000000,0.000000000,0.000000000
-0.038640816,-0.044306651,0.795847118,0.043547992,-0.032493893,-0.096108422,0.993886769,-0.002863439,0.002424570,0.006113315,-0.001497934,-0.001475540,-0.001500719,0.005398836,0.010216464,0.008244378,-0.014474425,0.001858650,0.001154107,0.005645455,-0.005666856,-0.040150482,-1.084680915,0.276029468,0.000000000,1.350160241,0.000000000,0.000000000,0.000000000,-1.247325301,-0.436428577,0.000000000,1.040178537,0.000000000,0.000000000,0.000000000
-0.037967771,-0.044183973,0.795861542,0.043061953,-0.031604595,-0.095869102,0.993959725,-0.004079629,0.002722675,0.005404003,-0.001970447,-0.001872845,-0.001449385,0.004540387,0.010976918,0.007108370,-0.014983282,0.001230113,0.001000850,0.007351365,-0.007487841,-0.038568243,-0.987426102,0.271654636,0.000000000,1.338783622,0.000000000,0.000000000,0.000000000,-1.151275754,-0.412745833,0.000000000,1.012368083,0.000000000,0.000000000,0.000000000
-0.037373841,-0.044118691,0.795877695,0.042900428,-0.031141251,-0.095441081,0.994022548,-0.004336979,0.002761670,0.005524246,-0.002391290,-0.002151447,-0.001447167,0.004475079,0.011157689,0.006883494,-0.015474258,0.000830787,0.000895758,0.006283901,-0.007819144,-0.037334546,-0.924089789,0.266041934,0.000000000,1.328164458,0.000000000,0.000000000,0.000000000,-1.092157722,-0.394139349,0.000000000,1.000862479,0.000000000,0.000000000,0.000000000
-0.037069321,-0.044058058,0.795869529,0.042834725,-0.031060589,-0.095370635,0.994034648,-0.004023898,0.002812576,0.005959042,-0.002775688,-0.002268885,-0.001434485,0.004618618,0.011170378,0.007390810,-0.015541225,0.000620627,0.000824107,0.006071468,-0.008268358,-0.036562875,-0.892890394,0.257702589,0.000000000,1.324125051,0.000000000,0.000000000,0.000000000,-1.061138272,-0.386806011,0.000000000,0.994466722,0.000000000,0.000000000,0.000000000
-0.036971379,-0.044033784,0.795866072,0.042814862,-0.031051910,-0.095386326,0.994034290,-0.003874385,0.002847051,0.005931755,-0.002913897,-0.002300434,-0.001431810,0.004682795,0.011168513,0.007663250,-0.015548863,0.000554041,0.000805888,0.006284336,-0.008494339,-0.036270786,-0.882514775,0.255244851,0.000000000,1.322425365,0.000000000,0.000000000,0.000000000,-1.049415588,-0.385814548,0.000000000,0.990676641,0.000000000,0.000000000,0.000000000
-0.036368538,-0.043842956,0.795847535,0.042617880,-0.030940915,-0.095825128,0.994004011,-0.002978048,0.002947032,0.005975504,-0.003907240,-0.002490732,-0.001387772,0.004806469,0.011304053,0.008618986,-0.015262212,0.000059471,0.000723651,0.008088286,-0.009648005,-0.034517679,-0.810648084,0.244416282,0.000000000,1.309125185,0.000000000,0.000000000,0.000000000,-0.970654368,-0.362053186,0.000000000,0.976442575,0.000000000,0.000000000,0.000000000
-0.036004741,-0.043771438,0.795843899,0.042351235,-0.030545458,-0.096176803,0.993993640,-0.003330427,0.003094609,0.005316961,-0.004286827,-0.002655943,-0.001344010,0.004186845,0.011516532,0.008445124,-0.015147510,-0.000280074,0.000698420,0.009547436,-0.009730832,-0.033975504,-0.762490392,0.235933244,0.000000000,1.300657034,0.000000000,0.000000000,0.000000000,-0.919805646,-0.342090130,0.000000000,0.965474606,0.000000000,0.000000000,0.000000000
-0.035516191,-0.043752104,0.795850217,0.042170845,-0.030138982,-0.096408114,0.993991315,-0.003637119,0.003062087,0.005023320,-0.004393023,-0.002966811,-0.001286461,0.003844016,0.011552460,0.008251579,-0.015258513,-0.000649549,0.000667332,0.010440716,-0.009668322,-0.033022631,-0.706351757,0.244319946,0.000000000,1.286021709,0.000000000,0.000000000,0.000000000,-0.863475323,-0.318177402,0.000000000,0.956261456,0.000000000,0.000000000,0.000000000
-0.035065144,-0.043737441,0.795839369,0.042067967,-0.029993646,-0.096606873,0.993980765,-0.003366625,0.003069558,0.005472050,-0.004552074,-0.003280962,-0.001233249,0.004037979,0.011614915,0.008775839,-0.015486149,-0.000955943,0.000639665,0.010998730,-0.010378197,-0.031881474,-0.658855736,0.255359143,0.000000000,1.273136616,0.000000000,0.000000000,0.000000000,-0.816047847,-0.299498439,0.000000000,0.949643552,0.000000000,0.000000000,0.000000000
-0.034727149,-0.043697186,0.795824707,0.041943435,-0.029901754,-0.096819453,0.993968129,-0.002991828,0.003096047,0.005889467,-0.004969390,-0.003436008,-0.001208154,0.004155854,0.011754977,0.009488680,-0.015637746,-0.001183669,0.000545705,0.012039516,-0.011285740,-0.030162577,-0.622809768,0.258985370,0.000000000,1.267783880,0.000000000,0.000000000,0.000000000,-0.778989196,-0.284110785,0.000000000,0.943971217,0.000000000,0.000000000,0.000000000
-0.034407210,-0.043623053,0.795825124,0.041787762,-0.029750971,-0.097024120,0.993959248,-0.002674036,0.003158457,0.005768233,-0.005607321,-0.003490421,-0.001156235,0.004077602,0.011916234,0.009928472,-0.015683653,-0.001403369,0.000443107,0.012973412,-0.011859620,-0.028743111,-0.586769760,0.262980819,0.000000000,1.265127897,0.000000000,0.000000000,0.000000000,-0.742065728,-0.270711958,0.000000000,0.938735902,0.000000000,0.000000000,0.000000000
-0.034044422,-0.043520439,0.795831442,0.041487902,-0.029417409,-0.097306997,0.993954062,-0.002773016,0.003257939,0.005649068,-0.006353343,-0.003561246,-0.001083265,0.003505886,0.012077529,0.010052528,-0.015549004,-0.001712145,0.000322257,0.013874142,-0.011800358,-0.027910015,-0.542645037,0.264995366,0.000000000,1.265056491,0.000000000,0.000000000,0.000000000,-0.696487546,-0.267960727,0.000000000,0.933987081,0.000000000,0.000000000,0.000000000
-0.033744704,-0.043434624,0.795831919,0.041296143,-0.029189007,-0.097512126,0.993948698,-0.002746190,0.003324626,0.005658709,-0.006879249,-0.003659605,-0.001025491,0.003179070,0.012098524,0.010187300,-0.015436985,-0.001956073,0.000275923,0.014480533,-0.011354282,-0.027370114,-0.508350909,0.262974948,0.000000000,1.265626073,0.000000000,0.000000000,0.000000000,-0.662034094,-0.263331354,0.000000000,0.931401312,0.000000000,0.000000000,0.000000000
-0.033668924,-0.043412715,0.795830786,0.041263849,-0.029139725,-0.097546078,0.993948162,-0.002722804,0.003330943,0.005603572,-0.006973834,-0.003702512,-0.001010324,0.003130883,0.012081789,0.010227594,-0.015413444,-0.002013544,0.000264425,0.014594486,-0.011209884,-0.027221825,-0.499655455,0.261802077,0.000000000,1.266042113,0.000000000,0.000000000,0.000000000,-0.653839171,-0.262270629,0.000000000,0.930436969,0.000000000,0.000000000,0.000000000
-0.033591360,-0.043390419,0.795829713,0.041240629,-0.029102985,-0.097575247,0.993947327,-0.002670760,0.003328803,0.005576184,-0.007049705,-0.003751380,-0.000996239,0.003117509,0.012058136,0.010282155,-0.015391213,-0.002072662,0.000254887,0.014687243,-0.011072954,-0.027064066,-0.491001755,0.261024654,0.000000000,1.265985727,0.000000000,0.000000000,0.000000000,-0.645700932,-0.261052370,0.000000000,0.929468751,0.000000000,0.000000000,0.000000000
-0.033511780,-0.043367889,0.795828938,0.041228753,-0.029078972,-0.097600639,0.993946016,-0.002591180,0.003309298,0.005575185,-0.007109405,-0.003798796,-0.000984965,0.003142112,0.012024750,0.010353499,-0.015372232,-0.002126555,0.000252345,0.014770482,-0.010945059,-0.026892748,-0.482453555,0.260384172,0.000000000,1.265621424,0.000000000,0.000000000,0.000000000,-0.637609720,-0.259871453,0.000000000,0.928402126,0.000000000,0.000000000,0.000000000
-0.033278394,-0.043300379,0.795824766,0.041216064,-0.029034834,-0.097656295,0.993942380,-0.002318849,0.003212363,0.005556106,-0.007219625,-0.003948011,-0.000927469,0.003284565,0.011926272,0.010565422,-0.015308094,-0.002295997,0.000244149,0.014893734,-0.010612036,-0.026416188,-0.457137227,0.257311016,0.000000000,1.264705062,0.000000000,0.000000000,0.000000000,-0.613478661,-0.255699456,0.000000000,0.925761640,0.000000000,0.000000000,0.000000000
-0.032128811,-0.042854022,0.795788050,0.040895961,-0.028896404,-0.098403037,0.993885994,-0.001552726,0.003094411,0.005095616,-0.006514804,-0.005163572,-0.000559623,0.003186636,0.012301120,0.012571942,-0.013662078,-0.003848330,-0.000152882,0.014514999,-0.010662694,-0.023059420,-0.318604648,0.239745572,0.000000000,1.251074433,0.000000000,0.000000000,0.000000000,-0.489606053,-0.221810073,0.000000000,0.910148799,0.000000000,0.000000000,0.000000000
-0.031883337,-0.042694673,0.795808136,0.041065291,-0.028971655,-0.098562218,0.993861020,-0.000692033,0.002628590,0.004593910,-0.006576410,-0.005449334,-0.000438630,0.003198147,0.011918893,0.012560091,-0.012509328,-0.004377265,-0.000350669,0.014606663,-0.010659837,-0.021389280,-0.284743041,0.230714753,0.000000000,1.247363091,0.000000000,0.000000000,0.000000000,-0.457127184,-0.211965621,0.000000000,0.905381441,0.000000000,0.000000000,0.000000000
-0.031738590,-0.042599674,0.795822620,0.041158319,-0.029107720,-0.098881662,0.993821502,0.000058507,0.002295544,0.004617257,-0.006719810,-0.005588136,-0.000312496,0.003233795,0.011561717,0.012902891,-0.011607060,-0.004738890,-0.000454150,0.014852046,-0.010410583,-0.019897100,-0.260312736,0.223584697,0.000000000,1.241374373,0.000000000,0.000000000,0.000000000,-0.434949189,-0.204967856,0.000000000,0.898919225,0.000000000,0.000000000,0.000000000
-0.031728052,-0.042475872,0.795856893,0.041120932,-0.029225741,-0.099411465,0.993766725,0.000540457,0.001988174,0.005148610,-0.006795651,-0.005720322,-0.000156834,0.002599579,0.011348007,0.012276458,-0.010258849,-0.004997598,-0.000459446,0.014845102,-0.009702959,-0.018022170,-0.234519139,0.218103662,0.000000000,1.229654908,0.000000000,0.000000000,0.000000000,-0.414993823,-0.198703423,0.000000000,0.886295676,0.000000000,0.000000000,0.000000000
-0.031755172,-0.042450279,0.795866966,0.041118212,-0.029254468,-0.099507734,0.993756354,0.000613868,0.001943740,0.005245450,-0.006775996,-0.005742142,-0.000134705,0.002452066,0.011309708,0.011483238,-0.009944183,-0.005019538,-0.000450159,0.014790636,-0.009572933,-0.017643498,-0.230401367,0.217549294,0.000000000,1.227520108,0.000000000,0.000000000,0.000000000,-0.412441492,-0.197456509,0.000000000,0.883790612,0.000000000,0.000000000,0.000000000
-0.032170109,-0.041887790,0.795934618,0.041098043,-0.029394072,-0.099946335,0.993709028,0.000519521,0.001764328,0.006165672,-0.006281959,-0.005817465,-0.000023196,0.000339892,-0.000986777,0.042798530,-0.008768816,-0.005017153,-0.000428220,0.014479899,-0.009034419,-0.016157294,-0.214621022,0.214341834,0.000000000,1.218256831,0.000000000,0.000000000,0.000000000,-0.404192835,-0.191881999,0.000000000,0.874881506,0.000000000,0.000000000,0.000000000
-0.032860123,-0.040353160,0.796025038,0.040927187,-0.029243696,-0.100592434,0.993655324,-0.001323404,0.001000820,0.007138478,-0.004830366,-0.005873475,0.000120092,0.000823281,0.000629067,0.024406230,-0.008656139,-0.004950011,-0.000488199,0.013495374,-0.008218413,-0.014724103,-0.194422603,0.207091868,0.000000000,1.200939417,0.000000000,0.000000000,0.000000000,-0.396239519,-0.186098680,0.000000000,0.878882170,0.000000000,0.000000000,0.000000000
-0.033182852,-0.040640768,0.796008289,0.040844802,-0.028676724,-0.100869164,0.993647218,-0.002604986,0.000520302,0.007109254,-0.005214155,-0.005738827,0.000230485,-0.000164080,0.002253180,0.018820316,-0.009409549,-0.004605751,-0.000412018,0.012260713,-0.007914491,-0.014235175,-0.180256233,0.198768288,0.000000000,1.200051308,0.000000000,0.000000000,0.000000000,-0.388862103,-0.196912482,0.000000000,0.882017970,0.000000000,0.000000000,0.000000000
-0.033256233,-0.040997028,0.795951307,0.040885974,-0.028555509,-0.101118118,0.993623674,-0.002555189,0.001419492,0.008458011,-0.006009122,-0.005425105,0.000247014,-0.000737267,0.002742279,0.018318040,-0.009723465,-0.004299105,-0.000205314,0.011819246,-0.007807930,-0.013726587,-0.176902816,0.199279100,0.000000000,1.202060938,0.000000000,0.000000000,0.000000000,-0.388943106,-0.208472401,0.000000000,0.875533700,0.000000000,0.000000000,0.000000000
-0.033332478,-0.041300699,0.795918524,0.041022122,-0.028962122,-0.101296030,0.993588209,-0.001448934,0.000906732,0.009358662,-0.006566856,-0.005242632,0.000171891,0.000146148,0.003562098,0.017332155,-0.010482127,-0.003796497,-0.000066414,0.012010375,-0.007545352,-0.012613580,-0.182477891,0.211209416,0.000000000,1.192053914,0.000000000,0.000000000,0.000000000,-0.391416639,-0.215571001,0.000000000,0.870472312,0.000000000,0.000000000,0.000000000
-0.033400666,-0.041374967,0.795919657,0.041110266,-0.029164894,-0.101323590,0.993575811,-0.001100272,0.001271431,0.008356721,-0.006742299,-0.004984831,0.000247735,0.000600010,0.003572626,0.017767910,-0.010756774,-0.003613976,-0.000057820,0.012143333,-0.007517998,-0.012157947,-0.184716448,0.216047525,0.000000000,1.187968850,0.000000000,0.000000000,0.000000000,-0.393043190,-0.215333104,0.000000000,0.870230019,0.000000000,0.000000000,0.000000000
-0.033815064,-0.041609481,0.795903802,0.041140638,-0.029400956,-0.101312190,0.993568778,-0.001333384,0.001720703,0.007142753,-0.006528517,-0.004591728,0.000307862,0.000983166,0.003722650,0.019129850,-0.011478446,-0.003234542,-0.000028936,0.012517274,-0.007565321,-0.011510538,-0.193242431,0.231311828,0.000000000,1.176514745,0.000000000,0.000000000,0.000000000,-0.401438773,-0.210634992,0.000000000,0.871291876,0.000000000,0.000000000,0.000000000
-0.033880152,-0.041634567,0.795899034,0.041144941,-0.029410258,-0.101317905,0.993567705,-0.001407691,0.001647835,0.007219494,-0.006465184,-0.004571000,0.000312968,0.000967462,0.003740351,0.019322271,-0.011541231,-0.003194859,-0.000045061,0.012603545,-0.007616871,-0.011458835,-0.194780722,0.233493432,0.000000000,1.174918532,0.000000000,0.000000000,0.000000000,-0.403044283,-0.209727868,0.000000000,0.871394038,0.000000000,0.000000000,0.000000000
-0.034287959,-0.041762322,0.795862138,0.041561399,-0.029729476,-0.101012021,0.993572056,-0.001154883,0.001182096,0.007760840,-0.005726869,-0.004495190,0.000199555,0.001291851,0.002757204,0.021440864,-0.011047517,-0.002899042,-0.000240169,0.012953091,-0.008374744,-0.011096458,-0.209194750,0.246226311,0.000000000,1.165486336,0.000000000,0.000000000,0.000000000,-0.413508832,-0.205407709,0.000000000,0.867939472,0.000000000,0.000000000,0.000000000
-0.034379236,-0.041798718,0.795851350,0.041635212,-0.029678775,-0.100814469,0.993590534,-0.001473735,0.001024624,0.007657364,-0.005483252,-0.004452297,0.000168176,0.001009817,0.002203876,0.022357866,-0.010769144,-0.002815256,-0.000330911,0.012828129,-0.008478365,-0.011429110,-0.213516578,0.247919157,0.000000000,1.164018750,0.000000000,0.000000000,0.000000000,-0.415343374,-0.205914840,0.000000000,0.866129518,0.000000000,0.000000000,0.000000000
-0.034453858,-0.041819137,0.795847833,0.041766394,-0.029762480,-0.100516655,0.993612707,-0.001497539,0.001089020,0.006916420,-0.005224326,-0.004399681,0.000092701,0.001098280,0.001407470,0.023475803,-0.010534897,-0.002656507,-0.000383288,0.012632282,-0.008400469,-0.011660477,-0.217906088,0.249111265,0.000000000,1.162982941,0.000000000,0.000000000,0.000000000,-0.416842431,-0.206284776,0.000000000,0.864015639,0.000000000,0.000000000,0.000000000
-0.034467418,-0.041893486,0.795857608,0.041953851,-0.030155059,-0.100346088,0.993610203,-0.000730529,0.001228351,0.006327254,-0.005120943,-0.004314271,0.000014243,0.002025301,0.001710488,0.023831207,-0.010594175,-0.002510090,-0.000431867,0.012750916,-0.008148174,-0.011380222,-0.219979778,0.249406621,0.000000000,1.163036346,0.000000000,0.000000000,0.000000000,-0.417439669,-0.205149665,0.000000000,0.863277793,0.000000000,0.000000000,0.000000000
-0.034552030,-0.042106573,0.795881331,0.042101402,-0.030796386,-0.100371897,0.993581653,0.000510719,0.001695927,0.006353630,-0.005201451,-0.004136441,-0.000048715,0.003421294,0.002476729,0.024141654,-0.010868255,-0.002331387,-0.000427195,0.013590018,-0.007870113,-0.010836903,-0.219699576,0.248235136,0.000000000,1.166381240,0.000000000,0.000000000,0.000000000,-0.416432142,-0.202794179,0.000000000,0.863784075,0.000000000,0.000000000,0.000000000
-0.034751713,-0.042261098,0.795891106,0.041991796,-0.030786479,-0.100446343,0.993579090,0.000136801,0.001943679,0.006602072,-0.005105761,-0.004053373,-0.000074639,0.003131485,0.002858328,0.023950005,-0.010919506,-0.002251233,-0.000480546,0.014101790,-0.007869422,-0.011163297,-0.219854444,0.245753422,0.000000000,1.169852018,0.000000000,0.000000000,0.000000000,-0.415997922,-0.202006519,0.000000000,0.864829957,0.000000000,0.000000000,0.000000000
-0.034869183,-0.042328861,0.795894444,0.041935716,-0.030647965,-0.100469872,0.993583381,-0.000436089,0.001940981,0.006539294,-0.004898531,-0.004037832,-0.000090745,0.002648434,0.002915352,0.023629311,-0.010869877,-0.002207150,-0.000507546,0.014324861,-0.008048768,-0.011442992,-0.220139697,0.243835464,0.000000000,1.171148658,0.000000000,0.000000000,0.000000000,-0.415464938,-0.202349290,0.000000000,0.865218043,0.000000000,0.000000000,0.000000000
-0.035141625,-0.042466357,0.795897067,0.042141121,-0.030625481,-0.100466840,0.993575692,-0.000948554,0.001576152,0.005253815,-0.004343397,-0.003877427,-0.000035847,0.002227867,0.002828979,0.022138257,-0.010460242,-0.002082368,-0.000578246,0.014938182,-0.009208863,-0.011444613,-0.218828872,0.237371072,0.000000000,1.174392343,0.000000000,0.000000000,0.000000000,-0.411251932,-0.204484180,0.000000000,0.864819527,0.000000000,0.000000000,0.000000000
-0.035183001,-0.042520754,0.795896471,0.042239778,-0.030746754,-0.100501806,0.993564188,-0.000698758,0.001498054,0.004996100,-0.004292996,-0.003828137,-0.000031612,0.002480035,0.003017690,0.021586653,-0.010416229,-0.002046245,-0.000585977,0.015136942,-0.009481492,-0.011267435,-0.217871025,0.236045435,0.000000000,1.175356627,0.000000000,0.000000000,0.000000000,-0.409988254,-0.204802558,0.000000000,0.864635468,0.000000000,0.000000000,0.000000000
-0.035202451,-0.042552426,0.795896411,0.042288873,-0.030819211,-0.100526750,0.993557334,-0.000542457,0.001467604,0.004922923,-0.004284352,-0.003798329,-0.000031623,0.002641810,0.003114248,0.021324586,-0.010403992,-0.002029956,-0.000586688,0.015258940,-0.009614046,-0.011159796,-0.217324913,0.235443830,0.000000000,1.175857782,0.000000000,0.000000000,0.000000000,-0.409367353,-0.204902768,0.000000000,0.864557087,0.000000000,0.000000000,0.000000000
-0.035222284,-0.042586654,0.795896471,0.042334076,-0.030895170,-0.100558355,0.993549883,-0.000382851,0.001447163,0.004875488,-0.004274687,-0.003773976,-0.000030525,0.002814119,0.003211502,0.021082774,-0.010403493,-0.002012725,-0.000584561,0.015384797,-0.009755527,-0.011033214,-0.216756329,0.234894410,0.000000000,1.176370621,0.000000000,0.000000000,0.000000000,-0.408782661,-0.204957485,0.000000000,0.864503503,0.000000000,0.000000000,0.000000000
-0.035243593,-0.042623151,0.795896530,0.042374808,-0.030973455,-0.100591637,0.993542314,-0.000233766,0.001443158,0.004827857,-0.004258137,-0.003742622,-0.000033739,0.002986163,0.003315484,0.020858468,-0.010401621,-0.001994075,-0.000582212,0.015506275,-0.009880865,-0.010896157,-0.216173038,0.234413624,0.000000000,1.176868677,0.000000000,0.000000000,0.000000000,-0.408225179,-0.204973951,0.000000000,0.864474535,0.000000000,0.000000000,0.000000000
-0.035266764,-0.042661373,0.795896828,0.042413205,-0.031049291,-0.100627407,0.993534684,-0.000097494,0.001445757,0.004786936,-0.004233095,-0.003709440,-0.000030848,0.003147661,0.003415257,0.020657463,-0.010396308,-0.001975213,-0.000577900,0.015622568,-0.010001975,-0.010771566,-0.215577871,0.233986646,0.000000000,1.177358627,0.000000000,0.000000000,0.000000000,-0.407706857,-0.204961255,0.000000000,0.864463985,0.000000000,0.000000000,0.000000000
-0.036207985,-0.043314636,0.795901179,0.042462341,-0.031223800,-0.100704633,0.993519306,-0.001432115,0.001925073,0.006075867,-0.003596649,-0.002894261,-0.000000830,0.002193947,0.003768033,0.019561725,-0.009700735,-0.001613069,-0.000686885,0.015630124,-0.010385022,-0.010747373,-0.210496724,0.233444154,0.000000000,1.178172112,0.000000000,0.000000000,0.000000000,-0.403095245,-0.206387281,0.000000000,0.864512146,0.000000000,0.000000000,0.000000000
-0.036333591,-0.043382864,0.795904219,0.042434603,-0.031202471,-0.100718372,0.993519783,-0.001737631,0.001979321,0.006435927,-0.003537588,-0.002815787,-0.000037091,0.001963940,0.003840882,0.019405868,-0.009673642,-0.001554471,-0.000696606,0.015670208,-0.010278517,-0.010909312,-0.210298941,0.234011114,0.000000000,1.177610636,0.000000000,0.000000000,0.000000000,-0.402569115,-0.206572324,0.000000000,0.864679813,0.000000000,0.000000000,0.000000000
-0.036624007,-0.043532353,0.795902729,0.042518992,-0.031200476,-0.100529358,0.993535340,-0.002160684,0.001961102,0.006663396,-0.003488648,-0.002583657,-0.000135582,0.001652000,0.003736795,0.018555829,-0.009512488,-0.001463800,-0.000737651,0.014882887,-0.009999969,-0.010961776,-0.209458679,0.235193491,0.000000000,1.175897241,0.000000000,0.000000000,0.000000000,-0.401262343,-0.206591696,0.000000000,0.866198182,0.000000000,0.000000000,0.000000000
-0.036735900,-0.043582700,0.795892596,0.042562712,-0.031239044,-0.100452259,0.993540049,-0.002259565,0.001985949,0.006500170,-0.003450776,-0.002449676,-0.000132478,0.001613601,0.003636631,0.018443415,-0.009435968,-0.001412594,-0.000736119,0.014551582,-0.009908956,-0.010944514,-0.209041283,0.235474706,0.000000000,1.175513029,0.000000000,0.000000000,0.000000000,-0.400841355,-0.206575915,0.000000000,0.866547823,0.000000000,0.000000000,0.000000000
-0.036816172,-0.043609589,0.795885026,0.042586010,-0.031291928,-0.100443184,0.993538320,-0.002291461,0.002021296,0.006495689,-0.003423120,-0.002341251,-0.000128325,0.001623266,0.003509961,0.018621176,-0.009372839,-0.001379565,-0.000740203,0.014395953,-0.009850131,-0.010923586,-0.208715409,0.235644653,0.000000000,1.175353169,0.000000000,0.000000000,0.000000000,-0.400624305,-0.206532329,0.000000000,0.866607308,0.000000000,0.000000000,0.000000000
-0.037153859,-0.043654121,0.795872927,0.042641789,-0.031424560,-0.100471482,0.993528903,-0.002522925,0.002099553,0.006569275,-0.003320909,-0.001984470,-0.000078179,0.001513681,0.003128688,0.019306930,-0.009136496,-0.001293981,-0.000711260,0.013926454,-0.009665941,-0.010968149,-0.207908347,0.235825688,0.000000000,1.175306678,0.000000000,0.000000000,0.000000000,-0.400334209,-0.206460029,0.000000000,0.866646767,0.000000000,0.000000000,0.000000000
-0.037521064,-0.043715164,0.795874536,0.042714048,-0.031392854,-0.100405402,0.993533492,-0.003026956,0.002032208,0.006308558,-0.003186651,-0.001717779,-0.000044364,0.001037730,0.003029175,0.018948454,-0.008882299,-0.001213106,-0.000692332,0.013340698,-0.009564402,-0.011336277,-0.207483575,0.234973371,0.000000000,1.176992655,0.000000000,0.000000000,0.000000000,-0.399511904,-0.206694156,0.000000000,0.867941678,0.000000000,0.000000000,0.000000000
-0.037688278,-0.043768242,0.795872152,0.042828850,-0.031537406,-0.100499481,0.993514419,-0.002948700,0.001937945,0.005937357,-0.003043985,-0.001574307,-0.000018262,0.001234301,0.002989895,0.018405460,-0.008761126,-0.001205582,-0.000644200,0.013318276,-0.009522257,-0.011366609,-0.206864834,0.234248713,0.000000000,1.177985191,0.000000000,0.000000000,0.000000000,-0.398474962,-0.206961498,0.000000000,0.868183732,0.000000000,0.000000000,0.000000000
-0.037795983,-0.043804038,0.795867980,0.042846691,-0.031591367,-0.100619592,0.993499815,-0.003016005,0.001921382,0.005753668,-0.002931454,-0.001500575,-0.000003224,0.001222382,0.002979414,0.018305717,-0.008694897,-0.001195057,-0.000585521,0.013363244,-0.009431817,-0.011465102,-0.206644297,0.233960897,0.000000000,1.178421021,0.000000000,0.000000000,0.000000000,-0.398275882,-0.206903085,0.000000000,0.868186414,0.000000000,0.000000000,0.000000000
-0.037904542,-0.043832786,0.795864642,0.042835250,-0.031593636,-0.100734971,0.993488550,-0.003208125,0.001894186,0.005664367,-0.002791773,-0.001452857,0.000002100,0.001065423,0.002924237,0.018350609,-0.008624933,-0.001181170,-0.000522012,0.013362873,-0.009315567,-0.011690068,-0.206572115,0.233782426,0.000000000,1.178725600,0.000000000,0.000000000,0.000000000,-0.398346275,-0.206673518,0.000000000,0.868264616,0.000000000,0.000000000,0.000000000
-0.038066953,-0.043838967,0.795866430,0.042941034,-0.031667307,-0.100832090,0.993471742,-0.003258651,0.001768345,0.005463812,-0.002515572,-0.001393702,0.000019278,0.001045829,0.002479051,0.018436728,-0.008452247,-0.001150801,-0.000392304,0.013194681,-0.009182645,-0.011905771,-0.205921620,0.233579248,0.000000000,1.179121733,0.000000000,0.000000000,0.000000000,-0.398135453,-0.206318811,0.000000000,0.868877828,0.000000000,0.000000000,0.000000000
-0.038148236,-0.043822113,0.795866787,0.043048177,-0.031800434,-0.100870535,0.993458986,-0.003086315,0.001730083,0.005165569,-0.002314921,-0.001361448,0.000041535,0.001271953,0.002132036,0.018719560,-0.008353309,-0.001134626,-0.000323810,0.013164878,-0.009133653,-0.011940898,-0.205185309,0.233544305,0.000000000,1.179289818,0.000000000,0.000000000,0.000000000,-0.397557706,-0.206329614,0.000000000,0.869595587,0.000000000,0.000000000,0.000000000
-0.038306851,-0.043813162,0.795855999,0.043026507,-0.031898744,-0.101091512,0.993434310,-0.003266854,0.001799537,0.005254963,-0.002008142,-0.001316788,0.000099403,0.001194461,0.002082385,0.018914677,-0.008101321,-0.001159247,-0.000179117,0.013201749,-0.008847181,-0.012477762,-0.204679683,0.233845189,0.000000000,1.179544926,0.000000000,0.000000000,0.000000000,-0.397331208,-0.205790356,0.000000000,0.871001482,0.000000000,0.000000000,0.000000000
-0.038332574,-0.043810956,0.795855939,0.043035965,-0.031932015,-0.101128295,0.993429065,-0.003239196,0.001795478,0.005276904,-0.001956144,-0.001321127,0.000094979,0.001219533,0.002167051,0.018716736,-0.008033666,-0.001158915,-0.000161812,0.013179243,-0.008782621,-0.012615072,-0.204657584,0.233962998,0.000000000,1.179477930,0.000000000,0.000000000,0.000000000,-0.397262424,-0.205704987,0.000000000,0.871265888,0.000000000,0.000000000,0.000000000
-0.038349312,-0.043812677,0.795859814,0.043094579,-0.031999581,-0.101113461,0.993425846,-0.003043857,0.001751632,0.005212853,-0.001934158,-0.001344513,0.000084595,0.001330117,0.002280146,0.018265454,-0.007902947,-0.001170728,-0.000132403,0.013051277,-0.008739903,-0.012736524,-0.204692870,0.234102443,0.000000000,1.179349422,0.000000000,0.000000000,0.000000000,-0.397062659,-0.205718964,0.000000000,0.871633410,0.000000000,0.000000000,0.000000000
-0.038362563,-0.043856457,0.795863509,0.043180779,-0.032070167,-0.101026796,0.993428648,-0.002799053,0.001663793,0.005311614,-0.001918011,-0.001390495,0.000063823,0.001376776,0.002498752,0.017166313,-0.007589035,-0.001205937,-0.000126029,0.012717588,-0.008693290,-0.013160549,-0.204881743,0.233977333,0.000000000,1.180653095,0.000000000,0.000000000,0.000000000,-0.396636933,-0.204990536,0.000000000,0.873849213,0.000000000,0.000000000,0.000000000
-0.038355432,-0.043876760,0.795858085,0.043218810,-0.032157406,-0.101008914,0.993426025,-0.002651547,0.001661214,0.005344337,-0.001859583,-0.001380604,0.000070145,0.001457217,0.002531316,0.017338382,-0.007440895,-0.001209856,-0.000159041,0.012607866,-0.008628408,-0.013348259,-0.204491913,0.234143138,0.000000000,1.181843400,0.000000000,0.000000000,0.000000000,-0.395685375,-0.204604149,0.000000000,0.875921547,0.000000000,0.000000000,0.000000000
-0.038381625,-0.043898262,0.795847833,0.043256324,-0.032304332,-0.101037160,0.993416727,-0.002475742,0.001726331,0.005329265,-0.001701651,-0.001363312,0.000065677,0.001623892,0.002751254,0.017537374,-0.007270472,-0.001202720,-0.000208749,0.012418531,-0.008474967,-0.013490318,-0.203098014,0.236986548,0.000000000,1.181700706,0.000000000,0.000000000,0.000000000,-0.394112408,-0.206129149,0.000000000,0.878319860,0.000000000,0.000000000,0.000000000
-0.038437258,-0.043913700,0.795842886,0.043268770,-0.032322790,-0.101012528,0.993418097,-0.002487632,0.001751616,0.005328413,-0.001623814,-0.001386155,0.000061964,0.001432725,0.002855246,0.017838959,-0.007046046,-0.001229748,-0.000240385,0.012090658,-0.008399969,-0.013782664,-0.202891365,0.240847707,0.000000000,1.179349184,0.000000000,0.000000000,0.000000000,-0.393496871,-0.210392371,0.000000000,0.878334165,0.000000000,0.000000000,0.000000000
-0.038486075,-0.043962691,0.795841157,0.043287050,-0.032304652,-0.100998618,0.993419290,-0.002464865,0.001747121,0.005340964,-0.001646373,-0.001437436,0.000031925,0.001105570,0.003078750,0.017862406,-0.006775213,-0.001236728,-0.000249422,0.011814655,-0.008379702,-0.014219606,-0.203271016,0.246123448,0.000000000,1.177512050,0.000000000,0.000000000,0.000000000,-0.393894196,-0.219544277,0.000000000,0.876728058,0.000000000,0.000000000,0.000000000
-0.038499713,-0.043999847,0.795844436,0.043318495,-0.032367487,-0.101046763,0.993411005,-0.002360466,0.001721115,0.005255351,-0.001612804,-0.001426933,0.000037301,0.001119426,0.003195969,0.017674988,-0.006631280,-0.001225802,-0.000240498,0.011742422,-0.008360225,-0.014337567,-0.204133153,0.250437498,0.000000000,1.177539349,0.000000000,0.000000000,0.000000000,-0.393834680,-0.226218060,0.000000000,0.877987027,0.000000000,0.000000000,0.000000000
-0.038517766,-0.044010289,0.795847356,0.043337125,-0.032422177,-0.101076029,0.993405402,-0.002310354,0.001719957,0.005186874,-0.001561087,-0.001390238,0.000054359,0.001192736,0.003199731,0.017684573,-0.006588240,-0.001206594,-0.000224261,0.011698851,-0.008353094,-0.014352617,-0.204978123,0.252740055,0.000000000,1.178244591,0.000000000,0.000000000,0.000000000,-0.393242598,-0.229700655,0.000000000,0.879435182,0.000000000,0.000000000,0.000000000
-0.038529776,-0.044014800,0.795848608,0.043343235,-0.032450508,-0.101086602,0.993403137,-0.002279562,0.001748778,0.005006814,-0.001542251,-0.001370672,0.000061138,0.001232767,0.003196185,0.017793570,-0.006592735,-0.001194586,-0.000217147,0.011738259,-0.008354204,-0.014360405,-0.205287293,0.253959954,0.000000000,1.178848147,0.000000000,0.000000000,0.000000000,-0.393264383,-0.231460646,0.000000000,0.880287528,0.000000000,0.000000000,0.000000000
-0.038543414,-0.044018559,0.795849979,0.043357618,-0.032484461,-0.101097189,0.993400335,-0.002237236,0.001748286,0.004997429,-0.001520079,-0.001349970,0.000070585,0.001291473,0.003202116,0.017836863,-0.006585991,-0.001188399,-0.000214019,0.011720047,-0.008354509,-0.014366438,-0.205920219,0.255230784,0.000000000,1.179502726,0.000000000,0.000000000,0.000000000,-0.392773688,-0.233350769,0.000000000,0.881326199,0.000000000,0.000000000,0.000000000
-0.038557749,-0.044021774,0.795851350,0.043376036,-0.032522362,-0.101103649,0.993397653,-0.002176803,0.001741472,0.005033162,-0.001496065,-0.001336188,0.000074771,0.001364858,0.003203973,0.017874666,-0.006580570,-0.001181812,-0.000213184,0.011692821,-0.008357571,-0.014369155,-0.206591621,0.256244451,0.000000000,1.180551887,0.000000000,0.000000000,0.000000000,-0.392281145,-0.235399604,0.000000000,0.882323623,0.000000000,0.000000000,0.000000000
-0.038573168,-0.044024602,0.795852780,0.043397982,-0.032560304,-0.101103708,0.993395448,-0.002111778,0.001734039,0.005056941,-0.001468770,-0.001324563,0.000079500,0.001435101,0.003194426,0.017920481,-0.006569647,-0.001176372,-0.000217246,0.011660286,-0.008358752,-0.014380141,-0.207151353,0.257175595,0.000000000,1.181885481,0.000000000,0.000000000,0.000000000,-0.391673088,-0.237458721,0.000000000,0.883457303,0.000000000,0.000000000,0.000000000
-0.039246600,-0.044173259,0.795862913,0.043596551,-0.032976903,-0.101532564,0.993329227,-0.001780142,0.001696098,0.005233436,-0.001412304,-0.000961642,0.000159851,0.001019224,0.002875004,0.017975753,-0.005660677,-0.000947403,-0.000215096,0.012347392,-0.009287477,-0.014264023,-0.220569849,0.324810892,0.000000000,1.215977430,0.000000000,0.000000000,0.000000000,-0.375502527,-0.323696166,0.000000000,0.919363678,0.000000000,0.000000000,0.000000000
-0.039483555,-0.044251870,0.795884132,0.043643434,-0.033114437,-0.101711094,0.993304372,-0.001600428,0.001719518,0.005531169,-0.001650630,-0.000762130,0.000143283,0.000967991,0.002807707,0.017733537,-0.005578610,-0.000820226,-0.000147828,0.013068177,-0.009407524,-0.013606558,-0.224864528,0.363589197,0.000000000,1.223830938,0.000000000,0.000000000,0.000000000,-0.367436528,-0.361022592,0.000000000,0.932200491,0.000000000,0.000000000,0.000000000
-0.039573826,-0.044289779,0.795888186,0.043595277,-0.033075862,-0.101767913,0.993301928,-0.001809015,0.001798332,0.005662877,-0.001680620,-0.000709997,0.000133474,0.000742963,0.002854866,0.017586768,-0.005587623,-0.000774916,-0.000128051,0.013306134,-0.009404424,-0.013536549,-0.226417139,0.378449023,0.000000000,1.226325393,0.000000000,0.000000000,0.000000000,-0.364263386,-0.375315636,0.000000000,0.937108219,0.000000000,0.000000000,0.000000000
-0.039773274,-0.044373639,0.795889258,0.043436509,-0.032897994,-0.101849899,0.993306398,-0.002581597,0.002018718,0.005877396,-0.001661234,-0.000606066,0.000108412,0.000043657,0.002973296,0.017209847,-0.005680524,-0.000654345,-0.000104751,0.013821088,-0.009311452,-0.013506819,-0.230492443,0.417062759,0.000000000,1.232489109,0.000000000,0.000000000,0.000000000,-0.355595917,-0.412684679,0.000000000,0.952387512,0.000000000,0.000000000,0.000000000
-0.039948933,-0.044419549,0.795887649,0.043352954,-0.032894347,-0.101812266,0.993314028,-0.002949195,0.002243682,0.006011902,-0.001699990,-0.000442911,0.000089427,-0.000234143,0.003081917,0.016980955,-0.005773258,-0.000521230,-0.000040410,0.014170815,-0.008789206,-0.012793292,-0.234971046,0.477603674,0.000000000,1.239231825,0.000000000,0.000000000,0.000000000,-0.335915655,-0.469555199,0.000000000,0.977411270,0.000000000,0.000000000,0.000000000
-0.040038664,-0.044401903,0.795890927,0.043395299,-0.033004347,-0.101636961,0.993326485,-0.002638775,0.002318652,0.006284655,-0.001963491,-0.000361396,0.000034574,-0.000096300,0.002999947,0.016938658,-0.005736123,-0.000418470,0.000020224,0.013882518,-0.008204179,-0.011750988,-0.234027922,0.532773733,0.000000000,1.249113083,0.000000000,0.000000000,0.000000000,-0.317636847,-0.523178279,0.000000000,0.998716414,0.000000000,0.000000000,0.000000000
-0.040067874,-0.044388421,0.795887351,0.043391317,-0.032992024,-0.101563118,0.993334591,-0.002620116,0.002337850,0.006308123,-0.002079207,-0.000334425,0.000015972,-0.000191940,0.002954042,0.016948139,-0.005671510,-0.000400762,0.000036390,0.013722012,-0.007984651,-0.011460841,-0.233330563,0.553147912,0.000000000,1.251565337,0.000000000,0.000000000,0.000000000,-0.311707050,-0.542011797,0.000000000,1.005988836,0.000000000,0.000000000,0.000000000
-0.040099103,-0.044355564,0.795880795,0.043387599,-0.032968979,-0.101450466,0.993347049,-0.002605432,0.002341158,0.006194007,-0.002213466,-0.000305464,0.000007672,-0.000322062,0.002875322,0.016937284,-0.005570050,-0.000380550,0.000029254,0.013524706,-0.007642809,-0.011029297,-0.232083485,0.584160030,0.000000000,1.254994392,0.000000000,0.000000000,0.000000000,-0.303258061,-0.569679916,0.000000000,1.017998457,0.000000000,0.000000000,0.000000000
-0.040094376,-0.044204876,0.795870841,0.043430261,-0.033090316,-0.101373710,0.993349016,-0.002238707,0.002265034,0.006240761,-0.002350258,-0.000300786,0.000030415,-0.000082905,0.002801186,0.016966911,-0.005439563,-0.000390349,0.000020667,0.013346461,-0.006358819,-0.009572351,-0.226454839,0.670582473,0.000000000,1.261543274,0.000000000,0.000000000,0.000000000,-0.276016206,-0.648943782,0.000000000,1.051336884,0.000000000,0.000000000,0.000000000
-0.040068883,-0.044078980,0.795879126,0.043419495,-0.033063505,-0.101377696,0.993349969,-0.002259494,0.002168056,0.006351520,-0.002175478,-0.000457743,0.000075655,-0.000113807,0.002700993,0.016848087,-0.005385168,-0.000429396,0.000043183,0.013190801,-0.005357504,-0.008547568,-0.221762687,0.736557484,0.000000000,1.268271327,0.000000000,0.000000000,0.000000000,-0.257701159,-0.714943051,0.000000000,1.069002271,0.000000000,0.000000000,0.000000000
-0.040021382,-0.043986868,0.795884132,0.043417275,-0.033030413,-0.101363741,0.993352592,-0.002271995,0.002081702,0.006336265,-0.002056404,-0.000558408,0.000120412,-0.000175541,0.002564272,0.016798683,-0.005299017,-0.000453395,0.000049281,0.013164972,-0.004926594,-0.007792077,-0.217474863,0.781554818,0.000000000,1.273193955,0.000000000,0.000000000,0.000000000,-0.248728722,-0.758334398,0.000000000,1.080405474,0.000000000,0.000000000,0.000000000
-0.039923597,-0.043855470,0.795888543,0.043522868,-0.033131164,-0.101389512,0.993341982,-0.001831857,0.001844669,0.006073971,-0.001920317,-0.000705451,0.000165653,0.000165514,0.002320833,0.016890969,-0.005206499,-0.000501629,0.000052266,0.013334308,-0.004653939,-0.006388409,-0.212558791,0.837936938,0.000000000,1.279114008,0.000000000,0.000000000,0.000000000,-0.238020420,-0.811312854,0.000000000,1.097489119,0.000000000,0.000000000,0.000000000
-0.039818991,-0.043739144,0.795888901,0.043640852,-0.033334181,-0.101568103,0.993311763,-0.001209875,0.001619530,0.005919237,-0.001730401,-0.000866550,0.000186227,0.000704611,0.002062879,0.017242718,-0.005075329,-0.000537638,0.000094769,0.013781321,-0.004326021,-0.004784869,-0.209648877,0.895389676,0.000000000,1.283497810,0.000000000,0.000000000,0.000000000,-0.228054881,-0.864749491,0.000000000,1.113131285,0.000000000,0.000000000,0.000000000
-0.039796442,-0.043696780,0.795888364,0.043662731,-0.033388767,-0.101670295,0.993298471,-0.001079343,0.001539762,0.005837316,-0.001652565,-0.000891416,0.000212507,0.000810784,0.001963523,0.017427351,-0.004995924,-0.000557162,0.000104642,0.013959912,-0.004088410,-0.004205754,-0.207420602,0.917631686,0.000000000,1.285957336,0.000000000,0.000000000,0.000000000,-0.224512175,-0.886852264,0.000000000,1.118210793,0.000000000,0.000000000,0.000000000
-0.039793808,-0.043602187,0.795888066,0.043679919,-0.033397168,-0.101837046,0.993280351,-0.001137140,0.001352409,0.005724787,-0.001418042,-0.000894563,0.000315101,0.000804886,0.001765181,0.017594540,-0.004812937,-0.000605682,0.000092885,0.014159041,-0.003300368,-0.002975121,-0.202786162,0.972577631,0.000000000,1.291334987,0.000000000,0.000000000,0.000000000,-0.218655035,-0.942566156,0.000000000,1.129141212,0.000000000,0.000000000,0.000000000
-0.039795201,-0.043545932,0.795896173,0.043712527,-0.033365399,-0.101809584,0.993282855,-0.001219542,0.001233241,0.005352518,-0.001202318,-0.000939789,0.000359949,0.000804865,0.001593054,0.017359795,-0.004732994,-0.000641427,0.000082861,0.014097162,-0.002589387,-0.002021577,-0.199023485,1.016001821,0.000000000,1.294940114,0.000000000,0.000000000,0.000000000,-0.217867330,-0.986177742,0.000000000,1.138793945,0.000000000,0.000000000,0.000000000
-0.039803959,-0.043502562,0.795915961,0.043596469,-0.033271797,-0.101889417,0.993282855,-0.001627288,0.001261927,0.005374575,-0.000946687,-0.000988849,0.000416060,0.000440172,0.001453639,0.017351912,-0.004563347,-0.000656812,0.000093343,0.014121126,-0.001181742,-0.000828104,-0.189270943,1.090079188,0.000000000,1.301739693,0.000000000,0.000000000,0.000000000,-0.216977939,-1.056845307,0.000000000,1.158971310,0.000000000,0.000000000,0.000000000
-0.039810311,-0.043495994,0.795919299,0.043571841,-0.033261795,-0.101915792,0.993281603,-0.001695073,0.001287820,0.005371979,-0.000922497,-0.000985971,0.000424943,0.000363121,0.001427061,0.017419256,-0.004525577,-0.000650175,0.000101767,0.014136100,-0.000989550,-0.000703874,-0.188467637,1.100847721,0.000000000,1.302234173,0.000000000,0.000000000,0.000000000,-0.217436701,-1.066592216,0.000000000,1.161738992,0.000000000,0.000000000,0.000000000
-0.039922588,-0.043422032,0.795937121,0.043537874,-0.033277564,-0.102036044,0.993270218,-0.001938465,0.001315201,0.005255486,-0.000756728,-0.000869279,0.000452619,0.000041124,0.000879774,0.017640783,-0.004170579,-0.000567880,0.000105618,0.014029726,0.000170938,0.000586838,-0.182305858,1.176672101,0.000000000,1.311805248,0.000000000,0.000000000,0.000000000,-0.229112461,-1.141772270,0.000000000,1.181873918,0.000000000,0.000000000,0.000000000
-0.040005423,-0.043408707,0.795938492,0.043548267,-0.033289976,-0.102073029,0.993265510,-0.002004401,0.001308359,0.005351860,-0.000715100,-0.000822866,0.000469579,-0.000016214,0.000650854,0.017579094,-0.004078550,-0.000559238,0.000138627,0.013907808,0.000662224,0.001020769,-0.179971576,1.202239990,0.000000000,1.315869331,0.000000000,0.000000000,0.000000000,-0.239179730,-1.168088794,0.000000000,1.189016461,0.000000000,0.000000000,0.000000000
-0.040234081,-0.043428522,0.795925498,0.043351464,-0.033024326,-0.102154315,0.993274629,-0.002951960,0.001526777,0.005503922,-0.000651889,-0.000743355,0.000448677,-0.001015892,0.000389200,0.017169164,-0.003842063,-0.000517430,0.000229980,0.013552788,0.001991229,0.001173505,-0.178831249,1.258308053,0.000000000,1.326389670,0.000000000,0.000000000,0.000000000,-0.268385023,-1.226054549,0.000000000,1.206150770,0.000000000,0.000000000,0.000000000
-0.040355038,-0.043429065,0.795919180,0.043258004,-0.032851443,-0.102145635,0.993285358,-0.003541664,0.001562215,0.005459874,-0.000617302,-0.000665629,0.000452542,-0.001778565,0.000104328,0.016966444,-0.003505434,-0.000486198,0.000242786,0.013394088,0.002510748,0.001125607,-0.186711371,1.289368153,0.000000000,1.332786679,0.000000000,0.000000000,0.000000000,-0.288309187,-1.259556890,0.000000000,1.213838935,0.000000000,0.000000000,0.000000000
-0.040383555,-0.043425053,0.795919240,0.043250520,-0.032832094,-0.102135494,0.993287385,-0.003623261,0.001570320,0.005443718,-0.000616289,-0.000640622,0.000453296,-0.001915991,0.000021780,0.016899146,-0.003407612,-0.000475414,0.000248065,0.013333925,0.002624426,0.001127456,-0.188897476,1.296779871,0.000000000,1.334587455,0.000000000,0.000000000,0.000000000,-0.294469684,-1.267696500,0.000000000,1.215624094,0.000000000,0.000000000,0.000000000
-0.040412299,-0.043420427,0.795920193,0.043247342,-0.032822266,-0.102123506,0.993289053,-0.003682326,0.001579485,0.005412271,-0.000609430,-0.000618824,0.000454289,-0.002032720,-0.000056406,0.016845606,-0.003315324,-0.000458214,0.000252881,0.013264043,0.002738572,0.001122078,-0.189581171,1.303977132,0.000000000,1.336381316,0.000000000,0.000000000,0.000000000,-0.300920725,-1.275758982,0.000000000,1.217313766,0.000000000,0.000000000,0.000000000
-0.040441435,-0.043415930,0.795922041,0.043247070,-0.032818235,-0.102110572,0.993290544,-0.003728488,0.001588672,0.005357436,-0.000603563,-0.000596622,0.000450555,-0.002134050,-0.000132871,0.016800949,-0.003221820,-0.000446745,0.000262850,0.013190241,0.002849240,0.001111437,-0.190017149,1.311191440,0.000000000,1.337954283,0.000000000,0.000000000,0.000000000,-0.307441235,-1.283264637,0.000000000,1.219360113,0.000000000,0.000000000,0.000000000
-0.040471733,-0.043411825,0.795924544,0.043249249,-0.032817584,-0.102097593,0.993291795,-0.003768553,0.001593599,0.005300996,-0.000593404,-0.000575311,0.000448331,-0.002222243,-0.000211748,0.016760236,-0.003130373,-0.000435501,0.000268527,0.013121857,0.002953093,0.001096096,-0.192711502,1.318688512,0.000000000,1.339294195,0.000000000,0.000000000,0.000000000,-0.313152283,-1.290557265,0.000000000,1.221724272,0.000000000,0.000000000,0.000000000
-0.041323382,-0.043325581,0.795931697,0.043067981,-0.032676853,-0.101853475,0.993329346,-0.005212377,0.002121672,0.005319066,-0.000312089,-0.000169697,0.000446263,-0.004235226,-0.001763953,0.015964517,-0.001595446,-0.000217881,0.000810828,0.011558783,0.004676143,-0.000039713,-0.197448865,1.452429056,0.000000000,1.367107034,0.000000000,0.000000000,0.000000000,-0.315151155,-1.423263550,0.000000000,1.250813603,0.000000000,0.000000000,0.000000000
-0.041364450,-0.043320082,0.795930982,0.043052506,-0.032638371,-0.101840138,0.993332684,-0.005362813,0.002128279,0.005264071,-0.000272139,-0.000164887,0.000445251,-0.004394575,-0.001820354,0.015864057,-0.001528257,-0.000221550,0.000828482,0.011490214,0.004724504,-0.000137656,-0.202186227,1.458066702,0.000000000,1.368072629,0.000000000,0.000000000,0.000000000,-0.317150027,-1.427803516,0.000000000,1.251722932,0.000000000,0.000000000,0.000000000
-0.041616123,-0.043269675,0.795934916,0.043080639,-0.032626260,-0.101866826,0.993329108,-0.005884313,0.002017137,0.005092264,0.000082244,-0.000071353,0.000466336,-0.004938323,-0.002278486,0.015175120,-0.000957659,-0.000225085,0.000940776,0.011304528,0.005053049,-0.000387279,-0.206923589,1.496035814,0.000000000,1.376018047,0.000000000,0.000000000,0.000000000,-0.319148898,-1.454097986,0.000000000,1.259145260,0.000000000,0.000000000,0.000000000
-0.041707478,-0.043253075,0.795943201,0.043131899,-0.032710500,-0.101923697,0.993318260,-0.005851466,0.001944837,0.005276584,0.000231468,-0.000069564,0.000451417,-0.004914857,-0.002516368,0.014971612,-0.000730204,-0.000223405,0.001000151,0.011339058,0.005104207,-0.000315619,-0.211660951,1.507231474,0.000000000,1.378100514,0.000000000,0.000000000,0.000000000,-0.321147770,-1.458821297,0.000000000,1.262158990,0.000000000,0.000000000,0.000000000
-0.041870587,-0.043237947,0.795957148,0.043106169,-0.032696966,-0.101972513,0.993314862,-0.006162064,0.001982682,0.005762285,0.000431768,-0.000081307,0.000406032,-0.005238974,-0.002872747,0.014568869,-0.000395504,-0.000216291,0.001108415,0.011317026,0.005013413,-0.000406101,-0.216398314,1.519448280,0.000000000,1.380553484,0.000000000,0.000000000,0.000000000,-0.323146641,-1.461361170,0.000000000,1.266585827,0.000000000,0.000000000,0.000000000
-0.042119473,-0.043212220,0.795962036,0.042874139,-0.032205660,-0.101750754,0.993363678,-0.007850924,0.002149468,0.006358210,0.000822802,-0.000121027,0.000288466,-0.007006164,-0.003420498,0.013672077,0.000214804,-0.000224086,0.001259359,0.011334111,0.004468237,-0.001328024,-0.221135676,1.517284393,0.000000000,1.385070086,0.000000000,0.000000000,0.000000000,-0.325145513,-1.456495643,0.000000000,1.269766927,0.000000000,0.000000000,0.000000000
-0.042141866,-0.043208230,0.795961559,0.042857185,-0.032156132,-0.101704434,0.993370771,-0.008027842,0.002156314,0.006393913,0.000878204,-0.000122534,0.000275886,-0.007184635,-0.003476228,0.013496791,0.000291125,-0.000227561,0.001267020,0.011338283,0.004392243,-0.001451146,-0.225873038,1.515610695,0.000000000,1.385719299,0.000000000,0.000000000,0.000000000,-0.327144384,-1.455139041,0.000000000,1.270111561,0.000000000,0.000000000,0.000000000
-0.042286377,-0.043174464,0.795945644,0.042877376,-0.032202367,-0.101377919,0.993401766,-0.008351158,0.002334513,0.006476034,0.001248077,-0.000113920,0.000236682,-0.007535658,-0.003816157,0.012493027,0.000905000,-0.000262118,0.001302198,0.011236163,0.004165027,-0.001920087,-0.230610400,1.500356436,0.000000000,1.389074683,0.000000000,0.000000000,0.000000000,-0.329143256,-1.443747759,0.000000000,1.272988081,0.000000000,0.000000000,0.000000000
-0.042346895,-0.043168325,0.795932353,0.042814121,-0.032264836,-0.101364337,0.993403852,-0.008355783,0.002504407,0.006676426,0.001281188,-0.000117899,0.000218353,-0.007602927,-0.003806132,0.012618310,0.001092341,-0.000288460,0.001293362,0.011365517,0.004021925,-0.002104909,-0.235347763,1.496026635,0.000000000,1.388403654,0.000000000,0.000000000,0.000000000,-0.331142128,-1.440125108,0.000000000,1.273173690,0.000000000,0.000000000,0.000000000
-0.042419266,-0.043139789,0.795908630,0.042705201,-0.032265346,-0.101303890,0.993414700,-0.008495218,0.002742686,0.006578631,0.001240018,-0.000102241,0.000195967,-0.007848199,-0.003703732,0.013025770,0.001299306,-0.000315099,0.001230314,0.011345780,0.003639430,-0.002436091,-0.240085125,1.490596175,0.000000000,1.386342287,0.000000000,0.000000000,0.000000000,-0.333140999,-1.434676051,0.000000000,1.272670031,0.000000000,0.000000000,0.000000000
-0.042434532,-0.043114781,0.795904756,0.042829417,-0.032363221,-0.101045452,0.993432462,-0.008266501,0.002680186,0.006047615,0.001329076,-0.000076074,0.000173336,-0.007643908,-0.003820067,0.013172684,0.001519281,-0.000312988,0.001152596,0.011156941,0.002915040,-0.002322732,-0.244822487,1.485293984,0.000000000,1.385086298,0.000000000,0.000000000,0.000000000,-0.335139871,-1.429434538,0.000000000,1.271634579,0.000000000,0.000000000,0.000000000
-0.042437475,-0.043147072,0.795914233,0.042950612,-0.032531783,-0.100873411,0.993439198,-0.007902030,0.002720283,0.005501876,0.001423429,-0.000040768,0.000183991,-0.007225181,-0.003865789,0.013158316,0.001660497,-0.000337965,0.001127935,0.011109208,0.002373358,-0.002175117,-0.249559835,1.481544137,0.000000000,1.385243177,0.000000000,0.000000000,0.000000000,-0.337138742,-1.427102685,0.000000000,1.270493627,0.000000000,0.000000000,0.000000000
-0.042450957,-0.043168694,0.795915544,0.042956475,-0.032572150,-0.100849502,0.993440092,-0.007841780,0.002763976,0.005428903,0.001435215,-0.000027946,0.000191346,-0.007187503,-0.003860429,0.013249471,0.001746115,-0.000353150,0.001122444,0.011142657,0.002207429,-0.002203761,-0.254297197,1.480687976,0.000000000,1.385182142,0.000000000,0.000000000,0.000000000,-0.339137614,-1.426522255,0.000000000,1.269904852,0.000000000,0.000000000,0.000000000
-0.042490553,-0.043222602,0.795916677,0.042917453,-0.032676227,-0.100874290,0.993435800,-0.007638578,0.002924970,0.005440935,0.001348900,-0.000001468,0.000202681,-0.007245679,-0.003671465,0.013509107,0.002055115,-0.000397359,0.001104021,0.011408464,0.001749532,-0.002313816,-0.259034574,1.478912234,0.000000000,1.385129929,0.000000000,0.000000000,0.000000000,-0.341136485,-1.425987124,0.000000000,1.267007470,0.000000000,0.000000000,0.000000000
-0.042510934,-0.043237828,0.795919180,0.042879649,-0.032670759,-0.100899853,0.993435025,-0.007636950,0.002947974,0.005458999,0.001258836,0.000010478,0.000214985,-0.007380540,-0.003524718,0.013470903,0.002167634,-0.000433811,0.001074447,0.011584953,0.001565277,-0.002439642,-0.263771921,1.478628159,0.000000000,1.384957194,0.000000000,0.000000000,0.000000000,-0.343135357,-1.426039696,0.000000000,1.265503645,0.000000000,0.000000000,0.000000000
-0.042544793,-0.043254953,0.795936286,0.042729300,-0.032605216,-0.101069301,0.993426442,-0.007789214,0.003043883,0.005218601,0.000905207,0.000127162,0.000264085,-0.007779508,-0.003227347,0.013687829,0.002159855,-0.000476085,0.001104765,0.011972743,0.001318933,-0.002683904,-0.268509299,1.479942679,0.000000000,1.385028839,0.000000000,0.000000000,0.000000000,-0.345134228,-1.427085042,0.000000000,1.263566017,0.000000000,0.000000000,0.000000000
-0.042561065,-0.043239843,0.795948148,0.042741217,-0.032666445,-0.101121284,0.993418634,-0.007673436,0.003073965,0.005036339,0.000869650,0.000168698,0.000291231,-0.007691981,-0.003237901,0.013922339,0.002143857,-0.000500088,0.001143590,0.012040038,0.001326152,-0.002597264,-0.273246646,1.480541348,0.000000000,1.385269403,0.000000000,0.000000000,0.000000000,-0.347133100,-1.427647352,0.000000000,1.262783051,0.000000000,0.000000000,0.000000000
-0.042622436,-0.043211579,0.795963943,0.042835902,-0.032788333,-0.101145715,0.993408024,-0.007423477,0.003039852,0.004558833,0.000904699,0.000237013,0.000342442,-0.007516502,-0.003303902,0.014234724,0.002287982,-0.000592759,0.001143710,0.012051632,0.001326041,-0.002489203,-0.277984023,1.481573820,0.000000000,1.385767937,0.000000000,0.000000000,0.000000000,-0.349131972,-1.428690672,0.000000000,1.261106372,0.000000000,0.000000000,0.000000000
-0.042724252,-0.043185566,0.795975208,0.042936716,-0.032923978,-0.101167165,0.993397057,-0.007134484,0.002913930,0.004467205,0.000958686,0.000281527,0.000389520,-0.007439265,-0.003464135,0.014546275,0.002681101,-0.000648287,0.001119630,0.011866975,0.001326642,-0.002328811,-0.282721370,1.482803822,0.000000000,1.386421442,0.000000000,0.000000000,0.000000000,-0.351130843,-1.429962516,0.000000000,1.259959579,0.000000000,0.000000000,0.000000000
-0.042828627,-0.043162569,0.795984447,0.042849418,-0.032847133,-0.101203330,0.993399680,-0.007407143,0.002946272,0.004290133,0.000907008,0.000332329,0.000418175,-0.007925205,-0.003483441,0.014723462,0.003029954,-0.000713214,0.001137355,0.011451553,0.001443790,-0.002360820,-0.287458718,1.482579708,0.000000000,1.387498498,0.000000000,0.000000000,0.000000000,-0.353129715,-1.431104302,0.000000000,1.260120630,0.000000000,0.000000000,0.000000000
-0.042846758,-0.043152962,0.795986295,0.042831086,-0.032825816,-0.101207457,0.993400753,-0.007466701,0.002926324,0.004324497,0.000884225,0.000344705,0.000428622,-0.008038821,-0.003483007,0.014754956,0.003098847,-0.000721084,0.001141907,0.011364943,0.001463694,-0.002368916,-0.292196095,1.482619524,0.000000000,1.387630582,0.000000000,0.000000000,0.000000000,-0.355128586,-1.431280375,0.000000000,1.260212421,0.000000000,0.000000000,0.000000000
-0.042943228,-0.043048028,0.796001792,0.042919625,-0.032907583,-0.101221040,0.993392825,-0.007398330,0.002720565,0.003957223,0.000945150,0.000478602,0.000552139,-0.008055045,-0.003660389,0.014711523,0.003467132,-0.000832868,0.001189375,0.010780185,0.001415536,-0.002039696,-0.296933442,1.483241677,0.000000000,1.387690544,0.000000000,0.000000000,0.000000000,-0.357127428,-1.432598710,0.000000000,1.260933638,0.000000000,0.000000000,0.000000000
-0.042960741,-0.043033093,0.796002030,0.042950258,-0.032935966,-0.101223670,0.993390262,-0.007345230,0.002672147,0.003941916,0.000958691,0.000501213,0.000569599,-0.007999276,-0.003707251,0.014717877,0.003503204,-0.000847078,0.001212378,0.010715596,0.001400149,-0.001975065,-0.301670820,1.483368158,0.000000000,1.387600780,0.000000000,0.000000000,0.000000000,-0.359126300,-1.432836771,0.000000000,1.261079073,0.000000000,0.000000000,0.000000000
-0.042978872,-0.043018699,0.796002090,0.042982578,-0.032968573,-0.101225846,0.993387580,-0.007281530,0.002624301,0.003947922,0.000974468,0.000521976,0.000583253,-0.007928674,-0.003754030,0.014729286,0.003530981,-0.000865235,0.001236229,0.010659564,0.001385830,-0.001911841,-0.306408167,1.483529925,0.000000000,1.387498736,0.000000000,0.000000000,0.000000000,-0.361125171,-1.433064461,0.000000000,1.261213660,0.000000000,0.000000000,0.000000000
-0.042997621,-0.043005563,0.796001852,0.043015122,-0.033000384,-0.101224288,0.993385255,-0.007214096,0.002583967,0.003938562,0.000991953,0.000537126,0.000595008,-0.007856589,-0.003796146,0.014719618,0.003557324,-0.000887155,0.001256338,0.010605355,0.001369959,-0.001852830,-0.311145544,1.483690739,0.000000000,1.387411118,0.000000000,0.000000000,0.000000000,-0.363124043,-1.433270454,0.000000000,1.261313558,0.000000000,0.000000000,0.000000000
-0.043017846,-0.042993885,0.796001494,0.043043811,-0.033024352,-0.101220801,0.993383586,-0.007165574,0.002546938,0.003906630,0.001009211,0.000549354,0.000605653,-0.007802848,-0.003832043,0.014686405,0.003585372,-0.000908290,0.001279884,0.010555862,0.001365104,-0.001813181,-0.315882891,1.483855247,0.000000000,1.387342215,0.000000000,0.000000000,0.000000000,-0.365122914,-1.433466077,0.000000000,1.261390686,0.000000000,0.000000000,0.000000000
-0.043195445,-0.042917464,0.796001494,0.043158982,-0.033094410,-0.101235896,0.993374705,-0.007053621,0.002256984,0.003508307,0.001092609,0.000609569,0.000683013,-0.007803723,-0.004113537,0.014837275,0.003842178,-0.001024554,0.001536705,0.010103383,0.001618226,-0.001679485,-0.320620269,1.483711362,0.000000000,1.388926387,0.000000000,0.000000000,0.000000000,-0.367121786,-1.434116006,0.000000000,1.261028290,0.000000000,0.000000000,0.000000000
-0.043349177,-0.042752378,0.796006620,0.043209273,-0.033232607,-0.101487249,0.993342280,-0.006964677,0.002007182,0.003681252,0.001392278,0.000566019,0.000828134,-0.007752571,-0.004398799,0.015167913,0.004198547,-0.001172206,0.001848217,0.010009897,0.002087090,-0.001233343,-0.325357616,1.482355475,0.000000000,1.386889100,0.000000000,0.000000000,0.000000000,-0.369120657,-1.435977459,0.000000000,1.261335373,0.000000000,0.000000000,0.000000000
-0.043369092,-0.042726886,0.796004474,0.043151766,-0.033173691,-0.101510800,0.993344367,-0.007139181,0.002017477,0.003519627,0.001399243,0.000552950,0.000845066,-0.007947923,-0.004352947,0.015074965,0.004234279,-0.001197083,0.001957821,0.009971647,0.002351421,-0.001275875,-0.330094993,1.480730057,0.000000000,1.386967659,0.000000000,0.000000000,0.000000000,-0.371119529,-1.437042236,0.000000000,1.261868119,0.000000000,0.000000000,0.000000000
-0.043376140,-0.042643182,0.796004653,0.043054800,-0.033074614,-0.101678386,0.993334711,-0.007478438,0.001916531,0.003416686,0.001421174,0.000574436,0.000920632,-0.008285706,-0.004409875,0.015195390,0.004279557,-0.001269504,0.002066585,0.010109847,0.002718812,-0.001545796,-0.334832340,1.479888678,0.000000000,1.386391759,0.000000000,0.000000000,0.000000000,-0.373118401,-1.437751174,0.000000000,1.262664080,0.000000000,0.000000000,0.000000000
-0.043365836,-0.042596187,0.796003699,0.043099023,-0.033143271,-0.101753868,0.993322790,-0.007300593,0.001819680,0.003424817,0.001435863,0.000573677,0.000943069,-0.008084474,-0.004455683,0.015255789,0.004260727,-0.001304011,0.002129688,0.010217890,0.002756080,-0.001443785,-0.339569718,1.479657650,0.000000000,1.385758042,0.000000000,0.000000000,0.000000000,-0.375117272,-1.437681198,0.000000000,1.262634993,0.000000000,0.000000000,0.000000000
-0.043356925,-0.042558335,0.796003461,0.043158069,-0.033237696,-0.101825200,0.993309736,-0.007058974,0.001724889,0.003302245,0.001487407,0.000553753,0.000958835,-0.007796541,-0.004488920,0.015297377,0.004235565,-0.001331849,0.002209832,0.010340480,0.002739431,-0.001242335,-0.344307065,1.479107141,0.000000000,1.385010719,0.000000000,0.000000000,0.000000000,-0.377116144,-1.437397957,0.000000000,1.262439609,0.000000000,0.000000000,0.000000000
-0.043380249,-0.042510469,0.796000004,0.043214709,-0.033275671,-0.101901948,0.993298173,-0.007002400,0.001561007,0.003085030,0.001654319,0.000520853,0.000999419,-0.007686255,-0.004633509,0.015577668,0.004296924,-0.001381123,0.002294044,0.010475627,0.002793397,-0.000946593,-0.349044442,1.477609634,0.000000000,1.384825110,0.000000000,0.000000000,0.000000000,-0.379115015,-1.436916113,0.000000000,1.261783123,0.000000000,0.000000000,0.000000000
-0.043395359,-0.042475425,0.795997262,0.043296311,-0.033268932,-0.101842158,0.993300974,-0.006983186,0.001374362,0.002822343,0.001811007,0.000467983,0.001045838,-0.007635396,-0.004803436,0.015503936,0.004379276,-0.001407664,0.002313425,0.010207027,0.003027275,-0.000727177,-0.353781790,1.476299047,0.000000000,1.385185599,0.000000000,0.000000000,0.000000000,-0.381113887,-1.436842322,0.000000000,1.261541247,0.000000000,0.000000000,0.000000000
-0.043392956,-0.042430677,0.795988262,0.043302823,-0.033281412,-0.101831213,0.993301392,-0.007011511,0.001274132,0.002773729,0.001998647,0.000393630,0.001089919,-0.007560496,-0.004867501,0.015394435,0.004420751,-0.001434118,0.002396799,0.010052897,0.003580133,-0.000674890,-0.358519137,1.475121975,0.000000000,1.385300756,0.000000000,0.000000000,0.000000000,-0.383112758,-1.437401414,0.000000000,1.261934400,0.000000000,0.000000000,0.000000000
-0.043384202,-0.042383954,0.795993507,0.043263279,-0.033238616,-0.101841167,0.993303537,-0.007126040,0.001187320,0.003137396,0.002001271,0.000375410,0.001090713,-0.007635321,-0.004883075,0.015398073,0.004404484,-0.001456084,0.002454417,0.010100790,0.003827045,-0.000822316,-0.363256514,1.474598885,0.000000000,1.385140657,0.000000000,0.000000000,0.000000000,-0.385111630,-1.438202977,0.000000000,1.262290478,0.000000000,0.000000000,0.000000000
-0.043376762,-0.042288508,0.796006739,0.043237340,-0.033113763,-0.101730615,0.993320107,-0.007376719,0.001018007,0.003289737,0.001978864,0.000355111,0.001096069,-0.007848329,-0.004988041,0.015167541,0.004366070,-0.001468520,0.002501319,0.009978076,0.003980582,-0.001042062,-0.367993861,1.473361135,0.000000000,1.384877443,0.000000000,0.000000000,0.000000000,-0.387110502,-1.439017773,0.000000000,1.262257457,0.000000000,0.000000000,0.000000000
-0.043354057,-0.042224117,0.796008766,0.043259051,-0.033082809,-0.101627268,0.993330777,-0.007374292,0.000920320,0.003364162,0.001965602,0.000317014,0.001089907,-0.007800189,-0.005015356,0.014894116,0.004283182,-0.001480805,0.002513123,0.009880888,0.004043135,-0.001037388,-0.372731239,1.472865939,0.000000000,1.384729505,0.000000000,0.000000000,0.000000000,-0.389109373,-1.439443707,0.000000000,1.262168527,0.000000000,0.000000000,0.000000000
-0.043297648,-0.042128325,0.796000242,0.043293491,-0.033081152,-0.101485163,0.993343890,-0.007272989,0.000828753,0.003430436,0.001956277,0.000235805,0.001100478,-0.007572312,-0.005035975,0.014589045,0.004097121,-0.001504170,0.002544152,0.009773263,0.004264539,-0.000905372,-0.377468586,1.472073555,0.000000000,1.385028005,0.000000000,0.000000000,0.000000000,-0.391108245,-1.439523578,0.000000000,1.261544228,0.000000000,0.000000000,0.000000000
-0.043286722,-0.042090088,0.795992136,0.043242197,-0.033008244,-0.101466849,0.993350387,-0.007439570,0.000810653,0.003495363,0.001931277,0.000210503,0.001120425,-0.007686547,-0.004995511,0.014490488,0.004025033,-0.001503248,0.002563756,0.009803945,0.004437496,-0.001018445,-0.382205963,1.471797824,0.000000000,1.385246396,0.000000000,0.000000000,0.000000000,-0.393107116,-1.439630151,0.000000000,1.261218309,0.000000000,0.000000000,0.000000000
-0.043210477,-0.041953478,0.795985043,0.043192692,-0.032920949,-0.101376131,0.993364751,-0.007514628,0.000683757,0.003414754,0.001828716,0.000146297,0.001152401,-0.007710103,-0.004997395,0.014502670,0.003870435,-0.001539621,0.002592039,0.009634867,0.004775303,-0.001023499,-0.386943310,1.470537305,0.000000000,1.385431051,0.000000000,0.000000000,0.000000000,-0.395105988,-1.441877365,0.000000000,1.261544824,0.000000000,0.000000000,0.000000000
-0.043172199,-0.041908614,0.795985818,0.043269731,-0.032975230,-0.101272210,0.993370175,-0.007278760,0.000581672,0.003196519,0.001828190,0.000112241,0.001166614,-0.007487615,-0.005070942,0.014540746,0.003867801,-0.001562677,0.002572303,0.009517524,0.004785221,-0.000829231,-0.391680688,1.470103979,0.000000000,1.384979725,0.000000000,0.000000000,0.000000000,-0.397104859,-1.442661047,0.000000000,1.261882424,0.000000000,0.000000000,0.000000000
-0.043101452,-0.041864853,0.795990705,0.043315548,-0.033019051,-0.101088166,0.993385494,-0.007080952,0.000496359,0.003294363,0.001952323,-0.000044067,0.001170309,-0.007150677,-0.005064743,0.014277989,0.003775345,-0.001590281,0.002577340,0.009396606,0.005051603,-0.000668631,-0.396418035,1.469666958,0.000000000,1.384805918,0.000000000,0.000000000,0.000000000,-0.399103731,-1.443565130,0.000000000,1.261460185,0.000000000,0.000000000,0.000000000
-0.043069143,-0.041844379,0.795993805,0.043218568,-0.032902401,-0.101034820,0.993398964,-0.007388947,0.000529267,0.003574297,0.002000218,-0.000121340,0.001165032,-0.007362999,-0.004999734,0.014172296,0.003699661,-0.001608538,0.002603021,0.009347698,0.005290786,-0.000842412,-0.401155412,1.469326735,0.000000000,1.385396957,0.000000000,0.000000000,0.000000000,-0.401102602,-1.443682313,0.000000000,1.260984421,0.000000000,0.000000000,0.000000000
-0.043056898,-0.041833490,0.795995653,0.043207087,-0.032880068,-0.101007313,0.993403018,-0.007418139,0.000519827,0.003664470,0.001983173,-0.000134611,0.001162376,-0.007404735,-0.005004733,0.014147095,0.003701573,-0.001615970,0.002600686,0.009291288,0.005353244,-0.000861597,-0.405892760,1.469231367,0.000000000,1.385536909,0.000000000,0.000000000,0.000000000,-0.403101474,-1.443747044,0.000000000,1.260860920,0.000000000,0.000000000,0.000000000
-0.042970348,-0.041752577,0.796006680,0.043224908,-0.032813661,-0.100779086,0.993427634,-0.007297278,0.000425521,0.003788983,0.001750303,-0.000176654,0.001143307,-0.007430854,-0.005094442,0.013857090,0.003720349,-0.001637778,0.002578963,0.008801856,0.005559587,-0.000876965,-0.410630137,1.468454003,0.000000000,1.385731220,0.000000000,0.000000000,0.000000000,-0.405100346,-1.444828510,0.000000000,1.260385036,0.000000000,0.000000000,0.000000000
-0.042889606,-0.041701999,0.796005964,0.043153305,-0.032728046,-0.100641750,0.993447483,-0.007353519,0.000514709,0.003974460,0.001602453,-0.000249146,0.001074178,-0.007495830,-0.004990723,0.013476588,0.003616508,-0.001634961,0.002518391,0.008620384,0.005584552,-0.001093284,-0.415367484,1.467935681,0.000000000,1.385419965,0.000000000,0.000000000,0.000000000,-0.407099217,-1.445959330,0.000000000,1.260257721,0.000000000,0.000000000,0.000000000
-0.042848308,-0.041688032,0.795997262,0.043065846,-0.032611251,-0.100605525,0.993458807,-0.007617187,0.000587975,0.004107383,0.001590395,-0.000303604,0.001032430,-0.007686825,-0.004863093,0.013304563,0.003485348,-0.001608716,0.002439791,0.008603755,0.005624631,-0.001310472,-0.420104861,1.467795253,0.000000000,1.385363340,0.000000000,0.000000000,0.000000000,-0.409098089,-1.446508527,0.000000000,1.260561347,0.000000000,0.000000000,0.000000000
-0.042830564,-0.041682996,0.795994043,0.043042369,-0.032575298,-0.100586452,0.993462920,-0.007694574,0.000605696,0.004150246,0.001590338,-0.000320894,0.001021045,-0.007737631,-0.004827228,0.013250710,0.003427844,-0.001591066,0.002419804,0.008583985,0.005647225,-0.001368131,-0.424842209,1.467699409,0.000000000,1.385373592,0.000000000,0.000000000,0.000000000,-0.411096960,-1.446750522,0.000000000,1.260678172,0.000000000,0.000000000,0.000000000
-0.042809330,-0.041677009,0.795991123,0.043028545,-0.032549657,-0.100565359,0.993466496,-0.007739192,0.000613809,0.004162075,0.001589227,-0.000336166,0.001013426,-0.007753333,-0.004795895,0.013204872,0.003367781,-0.001579978,0.002394729,0.008561621,0.005667148,-0.001405511,-0.429579556,1.467591643,0.000000000,1.385366440,0.000000000,0.000000000,0.000000000,-0.413095832,-1.446986914,0.000000000,1.260792136,0.000000000,0.000000000,0.000000000
-0.042785078,-0.041670345,0.795988739,0.043024063,-0.032539800,-0.100540474,0.993469536,-0.007745535,0.000622886,0.004125305,0.001591046,-0.000348741,0.001006542,-0.007727652,-0.004770165,0.013160571,0.003303917,-0.001571498,0.002374176,0.008533244,0.005681550,-0.001410153,-0.434316933,1.467486620,0.000000000,1.385334253,0.000000000,0.000000000,0.000000000,-0.415094703,-1.447214723,0.000000000,1.260905623,0.000000000,0.000000000,0.000000000
-0.042758189,-0.041663468,0.795987308,0.043031000,-0.032547850,-0.100516140,0.993471444,-0.007707298,0.000624695,0.004078477,0.001600727,-0.000362294,0.001001875,-0.007657308,-0.004749655,0.013119024,0.003251806,-0.001569598,0.002350057,0.008507193,0.005687615,-0.001380921,-0.439054281,1.467410684,0.000000000,1.385297418,0.000000000,0.000000000,0.000000000,-0.417093575,-1.447425604,0.000000000,1.261004329,0.000000000,0.000000000,0.000000000
-0.042729907,-0.041656706,0.795986533,0.043045200,-0.032568127,-0.100493081,0.993472457,-0.007637373,0.000620402,0.004050733,0.001607766,-0.000373169,0.001000581,-0.007556602,-0.004734343,0.013092572,0.003202111,-0.001567285,0.002329069,0.008485956,0.005703312,-0.001331659,-0.443791658,1.467369318,0.000000000,1.385301948,0.000000000,0.000000000,0.000000000,-0.419092447,-1.447618604,0.000000000,1.261090875,0.000000000,0.000000000,0.000000000
-0.042400438,-0.041709650,0.795996070,0.042966589,-0.032542687,-0.100557119,0.993470252,-0.007292361,0.000788419,0.004332667,0.001309019,-0.000472374,0.000909020,-0.007346444,-0.004518381,0.013120705,0.003104341,-0.001669826,0.002225074,0.008392410,0.005272946,-0.001958403,-0.448529005,1.469392776,0.000000000,1.386879802,0.000000000,0.000000000,0.000000000,-0.421091318,-1.453048825,0.000000000,1.261109114,0.000000000,0.000000000,0.000000000
-0.042392612,-0.041719664,0.795997024,0.042975359,-0.032561179,-0.100569293,0.993468046,-0.007230520,0.000794478,0.004341987,0.001317399,-0.000488644,0.000906971,-0.007275950,-0.004493590,0.013111438,0.003072428,-0.001672418,0.002226923,0.008421579,0.005242392,-0.001976565,-0.453266382,1.469612241,0.000000000,1.386852503,0.000000000,0.000000000,0.000000000,-0.423090190,-1.453288198,0.000000000,1.261115909,0.000000000,0.000000000,0.000000000
-0.042360067,-0.041804764,0.795991540,0.042802360,-0.032368720,-0.100693323,0.993469238,-0.007663801,0.000930566,0.004329386,0.001303034,-0.000580091,0.000870586,-0.007717344,-0.004269049,0.013068214,0.002959720,-0.001706511,0.002229977,0.008627957,0.004980677,-0.002720228,-0.458003730,1.471291065,0.000000000,1.386753678,0.000000000,0.000000000,0.000000000,-0.425089061,-1.454676867,0.000000000,1.260632038,0.000000000,0.000000000,0.000000000
-0.042274214,-0.041823748,0.795994282,0.042739194,-0.032320581,-0.100770861,0.993465662,-0.007674736,0.001001476,0.004132618,0.001114318,-0.000539920,0.000875216,-0.007860460,-0.004186669,0.013173576,0.003025754,-0.001730855,0.002198505,0.008787163,0.004714128,-0.003104902,-0.462741107,1.472631335,0.000000000,1.386961579,0.000000000,0.000000000,0.000000000,-0.427087933,-1.455531716,0.000000000,1.260075808,0.000000000,0.000000000,0.000000000
-0.042261194,-0.041825026,0.795995057,0.042745698,-0.032324135,-0.100770749,0.993465245,-0.007631542,0.000991644,0.004084033,0.001081900,-0.000537057,0.000869245,-0.007850505,-0.004201651,0.013232305,0.003040140,-0.001736860,0.002193399,0.008790953,0.004678271,-0.003146289,-0.467478454,1.472835422,0.000000000,1.387069583,0.000000000,0.000000000,0.000000000,-0.429086804,-1.455748320,0.000000000,1.260078311,0.000000000,0.000000000,0.000000000
-0.042211216,-0.041832175,0.795998752,0.042809293,-0.032402210,-0.100767151,0.993460357,-0.007339885,0.000942654,0.003983762,0.001000343,-0.000518884,0.000861919,-0.007609150,-0.004226955,0.013410549,0.003053875,-0.001760539,0.002186527,0.008759841,0.004526650,-0.003241044,-0.472215831,1.473643422,0.000000000,1.387742877,0.000000000,0.000000000,0.000000000,-0.431085676,-1.456976414,0.000000000,1.260398507,0.000000000,0.000000000,0.000000000
-0.042176116,-0.041870568,0.795996130,0.042865459,-0.032496192,-0.100771330,0.993454397,-0.007052696,0.000944926,0.003755540,0.000992759,-0.000504045,0.000848222,-0.007310814,-0.004164000,0.013711664,0.003017823,-0.001800747,0.002154603,0.008847746,0.004203588,-0.003394720,-0.476953179,1.475035548,0.000000000,1.388607264,0.000000000,0.000000000,0.000000000,-0.433084548,-1.459525704,0.000000000,1.260957122,0.000000000,0.000000000,0.000000000
-0.042165577,-0.041922677,0.795991957,0.042807382,-0.032418497,-0.100796752,0.993456900,-0.007303878,0.001040396,0.003672241,0.001096745,-0.000530298,0.000814034,-0.007469762,-0.004039579,0.013758747,0.003010365,-0.001838136,0.002139881,0.009103250,0.003874322,-0.003747049,-0.481690556,1.475782156,0.000000000,1.389319777,0.000000000,0.000000000,0.000000000,-0.435083419,-1.461548924,0.000000000,1.261155844,0.000000000,0.000000000,0.000000000
-0.042131018,-0.041946910,0.795999408,0.042782828,-0.032400951,-0.100766644,0.993461549,-0.007351433,0.001135914,0.003422143,0.001089217,-0.000517562,0.000787308,-0.007505742,-0.003974746,0.013755676,0.003084569,-0.001879206,0.002132535,0.009288183,0.003596592,-0.003971869,-0.486427903,1.475940466,0.000000000,1.389635801,0.000000000,0.000000000,0.000000000,-0.437082291,-1.462451100,0.000000000,1.260864377,0.000000000,0.000000000,0.000000000
-0.042098396,-0.041967176,0.795998931,0.042761840,-0.032408845,-0.100729674,0.993465960,-0.007257378,0.001192082,0.003465767,0.000942482,-0.000473097,0.000794558,-0.007549507,-0.003892520,0.013964202,0.003201817,-0.001900863,0.002095140,0.009430707,0.003459986,-0.004255320,-0.491165280,1.476088166,0.000000000,1.390382409,0.000000000,0.000000000,0.000000000,-0.439081162,-1.463282108,0.000000000,1.260705590,0.000000000,0.000000000,0.000000000
-0.042078175,-0.041967660,0.795998991,0.042787079,-0.032471731,-0.100740291,0.993461728,-0.007064342,0.001158797,0.003549715,0.000894111,-0.000454332,0.000790952,-0.007420894,-0.003882428,0.014139438,0.003232158,-0.001891900,0.002102654,0.009469856,0.003457568,-0.004294437,-0.495902628,1.475848317,0.000000000,1.391063452,0.000000000,0.000000000,0.000000000,-0.441080034,-1.463166833,0.000000000,1.260716558,0.000000000,0.000000000,0.000000000
-0.042073138,-0.041967601,0.795999885,0.042798277,-0.032496952,-0.100751184,0.993459344,-0.006989725,0.001148042,0.003611766,0.000880361,-0.000451881,0.000792169,-0.007365048,-0.003879154,0.014199437,0.003237876,-0.001887742,0.002105107,0.009483743,0.003454268,-0.004306609,-0.500639975,1.475688457,0.000000000,1.391306520,0.000000000,0.000000000,0.000000000,-0.443078876,-1.463116407,0.000000000,1.260723233,0.000000000,0.000000000,0.000000000
-0.042069416,-0.041967444,0.796001196,0.042809181,-0.032519378,-0.100766085,0.993456602,-0.006921160,0.001137086,0.003697444,0.000868494,-0.000450007,0.000794221,-0.007311997,-0.003885504,0.014245274,0.003235411,-0.001881242,0.002114729,0.009511275,0.003456249,-0.004329284,-0.505377352,1.475487113,0.000000000,1.391566277,0.000000000,0.000000000,0.000000000,-0.445077747,-1.463062406,0.000000000,1.260725617,0.000000000,0.000000000,0.000000000
-0.042067714,-0.041967522,0.796002805,0.042815506,-0.032535311,-0.100783400,0.993454099,-0.006874706,0.001129011,0.003781193,0.000861807,-0.000451417,0.000794597,-0.007271166,-0.003885729,0.014268517,0.003227598,-0.001877505,0.002125568,0.009533337,0.003455955,-0.004369828,-0.510114729,1.475264192,0.000000000,1.391858578,0.000000000,0.000000000,0.000000000,-0.447076619,-1.463011742,0.000000000,1.260754466,0.000000000,0.000000000,0.000000000
-0.042027652,-0.041991331,0.795987070,0.042910561,-0.032468453,-0.101260953,0.993403614,-0.006824348,0.000829959,0.003368893,0.000918090,-0.000481323,0.000837397,-0.007261310,-0.003791691,0.014263423,0.002846585,-0.001901037,0.002165362,0.011460706,0.002806292,-0.005689828,-0.514852047,1.455512524,0.000000000,1.390784025,0.000000000,0.000000000,0.000000000,-0.449075490,-1.447224379,0.000000000,1.261309862,0.000000000,0.000000000,0.000000000
-0.042024396,-0.041999776,0.795986950,0.042941831,-0.032503609,-0.101255253,0.993401647,-0.006732205,0.000796672,0.003339970,0.000925673,-0.000465522,0.000845226,-0.007144357,-0.003781520,0.014288286,0.002819046,-0.001895566,0.002170397,0.011536173,0.002803217,-0.005670292,-0.519589424,1.452901602,0.000000000,1.390043378,0.000000000,0.000000000,0.000000000,-0.451074362,-1.445231318,0.000000000,1.261225700,0.000000000,0.000000000,0.000000000
-0.042030673,-0.042084664,0.795985043,0.043018118,-0.032621428,-0.101153508,0.993404865,-0.006591270,0.000795302,0.003145797,0.001103063,-0.000399048,0.000831287,-0.006690826,-0.003584183,0.014795385,0.002615816,-0.001851770,0.002204671,0.011779040,0.002751422,-0.005765797,-0.524326801,1.430517912,0.000000000,1.382476211,0.000000000,0.000000000,0.000000000,-0.453073233,-1.429459572,0.000000000,1.260045171,0.000000000,0.000000000,0.000000000
-0.042047333,-0.042118523,0.795977771,0.043005515,-0.032575112,-0.100932606,0.993429422,-0.006803806,0.000813327,0.003209296,0.001194607,-0.000403780,0.000802314,-0.006762854,-0.003449593,0.014938721,0.002649007,-0.001828297,0.002182979,0.011660144,0.002997626,-0.006563861,-0.529064178,1.405837536,0.000000000,1.376445651,0.000000000,0.000000000,0.000000000,-0.455072105,-1.412093282,0.000000000,1.260409117,0.000000000,0.000000000,0.000000000
-0.042046867,-0.042120092,0.795971811,0.043008339,-0.032573324,-0.100853190,0.993437409,-0.006806542,0.000806259,0.003241298,0.001170413,-0.000396654,0.000794902,-0.006768171,-0.003395197,0.014934773,0.002682146,-0.001833986,0.002169312,0.011641651,0.003108372,-0.006775091,-0.533801496,1.396937847,0.000000000,1.374774933,0.000000000,0.000000000,0.000000000,-0.457070976,-1.404391050,0.000000000,1.260742188,0.000000000,0.000000000,0.000000000
-0.042034239,-0.042115871,0.795961678,0.043072570,-0.032695118,-0.100690305,0.993447125,-0.006478325,0.000750802,0.003404076,0.001042213,-0.000363469,0.000781019,-0.006438730,-0.003137907,0.014915348,0.002730982,-0.001854629,0.002115005,0.011623466,0.003568722,-0.007018051,-0.538538873,1.365320086,0.000000000,1.369782805,0.000000000,0.000000000,0.000000000,-0.459069848,-1.376450539,0.000000000,1.261579514,0.000000000,0.000000000,0.000000000
-0.042034935,-0.042116664,0.795961201,0.043082055,-0.032714974,-0.100674510,0.993447661,-0.006431940,0.000735297,0.003432798,0.001026150,-0.000355681,0.000774848,-0.006381840,-0.003094149,0.014939203,0.002717400,-0.001847380,0.002115215,0.011599188,0.003624532,-0.006999119,-0.524070621,1.359603763,0.000000000,1.368665457,0.000000000,0.000000000,0.000000000,-0.461068720,-1.370972514,0.000000000,1.261920691,0.000000000,0.000000000,0.000000000
-0.042037416,-0.042118195,0.795960844,0.043091241,-0.032729425,-0.100659519,0.993448317,-0.006399638,0.000724098,0.003444610,0.001014260,-0.000348481,0.000767402,-0.006341356,-0.003053385,0.014962186,0.002703069,-0.001833605,0.002115350,0.011562984,0.003665888,-0.006973789,-0.510088563,1.353639126,0.000000000,1.367563844,0.000000000,0.000000000,0.000000000,-0.463067591,-1.365321159,0.000000000,1.262357235,0.000000000,0.000000000,0.000000000
-0.042041369,-0.042120673,0.795960963,0.043099035,-0.032739453,-0.100644611,0.993449152,-0.006384730,0.000718049,0.003448612,0.001004964,-0.000335750,0.000757819,-0.006307857,-0.003010543,0.014965781,0.002686137,-0.001821121,0.002117855,0.011528206,0.003677765,-0.006932694,-0.496337771,1.347498059,0.000000000,1.366389990,0.000000000,0.000000000,0.000000000,-0.449154168,-1.359467983,0.000000000,1.262917280,0.000000000,0.000000000,0.000000000
-0.042046405,-0.042124763,0.795961857,0.043107089,-0.032745954,-0.100630805,0.993449986,-0.006376683,0.000714353,0.003459040,0.000991530,-0.000320558,0.000751205,-0.006280461,-0.002966360,0.014966795,0.002662949,-0.001810903,0.002117307,0.011518864,0.003664282,-0.006877691,-0.482000649,1.341199756,0.000000000,1.365014553,0.000000000,0.000000000,0.000000000,-0.435534477,-1.353463769,0.000000000,1.263475418,0.000000000,0.000000000,0.000000000
-0.042052217,-0.042129528,0.795963466,0.043116029,-0.032749325,-0.100614369,0.993451178,-0.006372139,0.000705526,0.003484031,0.000977170,-0.000308414,0.000741992,-0.006253499,-0.002932904,0.014973989,0.002629880,-0.001798788,0.002119629,0.011525698,0.003631098,-0.006838602,-0.468449295,1.334736466,0.000000000,1.363669038,0.000000000,0.000000000,0.000000000,-0.422216743,-1.347378731,0.000000000,1.263947725,0.000000000,0.000000000,0.000000000
-0.042059731,-0.042134989,0.795965791,0.043121953,-0.032742880,-0.100594163,0.993453205,-0.006391989,0.000688839,0.003523927,0.000966646,-0.000295059,0.000734875,-0.006253002,-0.002910951,0.014985676,0.002598993,-0.001787428,0.002121691,0.011540795,0.003568865,-0.006819788,-0.455543309,1.327974916,0.000000000,1.362388015,0.000000000,0.000000000,0.000000000,-0.409235239,-1.341403365,0.000000000,1.264163375,0.000000000,0.000000000,0.000000000
-0.042339146,-0.042229466,0.795973003,0.043230824,-0.032795351,-0.100654177,0.993440628,-0.006435932,0.000664587,0.003020647,0.000583976,0.000103432,0.000756573,-0.006124530,-0.002730419,0.014840742,0.001875017,-0.001525562,0.002164914,0.013214033,0.000963030,-0.008420046,-0.265845984,1.117514133,0.000000000,1.347040296,0.000000000,0.000000000,0.000000000,-0.217633054,-1.140717745,0.000000000,1.256507158,0.000000000,0.000000000,0.000000000
-0.042483501,-0.042326827,0.795978785,0.043020152,-0.032571904,-0.100657955,0.993456721,-0.007299627,0.000860906,0.003291919,0.000703340,0.000157911,0.000788179,-0.006988640,-0.002625030,0.014390530,0.002154672,-0.001489212,0.002177773,0.012093432,0.001033476,-0.009784042,-0.240650237,1.068063021,0.000000000,1.340073466,0.000000000,0.000000000,0.000000000,-0.206956446,-1.085207701,0.000000000,1.252944350,0.000000000,0.000000000,0.000000000
-0.042516433,-0.042345382,0.795957983,0.042818479,-0.032315277,-0.100707002,0.993468881,-0.007957771,0.000917579,0.003593844,0.000539565,0.000189521,0.000799539,-0.007749598,-0.002465623,0.014474561,0.002087804,-0.001451351,0.002161880,0.011316275,-0.000562407,-0.010722291,-0.231353909,1.026789784,0.000000000,1.340188861,0.000000000,0.000000000,0.000000000,-0.196217611,-1.040371060,0.000000000,1.245618343,0.000000000,0.000000000,0.000000000
-0.042428799,-0.042307533,0.795947373,0.042945612,-0.032476552,-0.100823589,0.993446290,-0.007202371,0.000749473,0.003518276,0.000092853,0.000251589,0.000802178,-0.007229309,-0.002340062,0.014846047,0.001798535,-0.001444049,0.002080307,0.012019422,-0.002828253,-0.011092870,-0.229686365,0.981517792,0.000000000,1.345843077,0.000000000,0.000000000,0.000000000,-0.182409003,-0.994904459,0.000000000,1.237669826,0.000000000,0.000000000,0.000000000
-0.042397339,-0.042301312,0.795950770,0.043038763,-0.032599971,-0.100910529,0.993429422,-0.006729049,0.000693616,0.003438047,-0.000088677,0.000280566,0.000791072,-0.006869526,-0.002312323,0.015011441,0.001689956,-0.001435756,0.002063159,0.012555323,-0.003327068,-0.011106949,-0.227418676,0.959594488,0.000000000,1.349464178,0.000000000,0.000000000,0.000000000,-0.178283021,-0.975910962,0.000000000,1.235088110,0.000000000,0.000000000,0.000000000
-0.042401057,-0.042377792,0.795974135,0.043156922,-0.032821409,-0.101232998,0.993384182,-0.006031674,0.000741365,0.002976413,-0.000249656,0.000317012,0.000811709,-0.006403832,-0.002279090,0.015094218,0.001704369,-0.001420149,0.002076971,0.013822706,-0.003252853,-0.011707973,-0.207733199,0.897024333,0.000000000,1.347970128,0.000000000,0.000000000,0.000000000,-0.181156039,-0.915753126,0.000000000,1.226172328,0.000000000,0.000000000,0.000000000
-0.042443521,-0.042450048,0.795974016,0.043062042,-0.032729726,-0.101373270,0.993377030,-0.006356727,0.000877536,0.002881399,-0.000169375,0.000307157,0.000856183,-0.006758843,-0.002267678,0.015031614,0.001796192,-0.001413679,0.002102367,0.013996824,-0.003098060,-0.012543862,-0.199158400,0.868918955,0.000000000,1.342358351,0.000000000,0.000000000,0.000000000,-0.193201363,-0.884735286,0.000000000,1.218280077,0.000000000,0.000000000,0.000000000
-0.042380910,-0.042549327,0.795955181,0.042923406,-0.032591820,-0.101548932,0.993369579,-0.006734701,0.000987748,0.002973125,-0.000016545,0.000210343,0.000933906,-0.007168330,-0.002102769,0.015383282,0.001781898,-0.001430598,0.002102901,0.014681047,-0.004758059,-0.014473075,-0.186642930,0.805104434,0.000000000,1.332688451,0.000000000,0.000000000,0.000000000,-0.198233530,-0.820512295,0.000000000,1.196338058,0.000000000,0.000000000,0.000000000
-0.042304121,-0.042556241,0.795949161,0.042984828,-0.032637365,-0.101566136,0.993363678,-0.006458214,0.000887604,0.002968735,-0.000057761,0.000150042,0.000929557,-0.006949109,-0.002044150,0.015695520,0.001694487,-0.001461443,0.002041481,0.015316122,-0.005821928,-0.015044823,-0.184214011,0.775197506,0.000000000,1.332860351,0.000000000,0.000000000,0.000000000,-0.194526494,-0.794982016,0.000000000,1.186800957,0.000000000,0.000000000,0.000000000
-0.042139929,-0.042576700,0.795945108,0.043133788,-0.032783702,-0.101529382,0.993356168,-0.005732706,0.000744608,0.002874796,-0.000211038,0.000037046,0.000902745,-0.006247328,-0.001758992,0.015839083,0.001463524,-0.001539861,0.001933267,0.016608914,-0.006708043,-0.015879596,-0.180134997,0.718334675,0.000000000,1.339003444,0.000000000,0.000000000,0.000000000,-0.189805374,-0.751775205,0.000000000,1.173013926,0.000000000,0.000000000,0.000000000
-0.041879345,-0.042643726,0.795942128,0.043086179,-0.032833003,-0.101218387,0.993388355,-0.005429165,0.000906885,0.002637007,-0.000320785,-0.000043259,0.000924837,-0.005686900,-0.001176118,0.016060049,0.001304049,-0.001633859,0.001917643,0.017061412,-0.006435992,-0.017436055,-0.164437741,0.646388829,0.000000000,1.326440096,0.000000000,0.000000000,0.000000000,-0.203469738,-0.675755501,0.000000000,1.149072409,0.000000000,0.000000000,0.000000000
-0.041774739,-0.042620052,0.795943558,0.043156590,-0.032896850,-0.101026170,0.993402719,-0.005204695,0.000852639,0.002798436,-0.000244237,-0.000089750,0.000913005,-0.005342145,-0.001139675,0.016383430,0.001320624,-0.001669135,0.001907278,0.016635736,-0.006814902,-0.017746095,-0.161756635,0.621265113,0.000000000,1.320757508,0.000000000,0.000000000,0.000000000,-0.210397184,-0.646448851,0.000000000,1.138677835,0.000000000,0.000000000,0.000000000
-0.041679971,-0.042593475,0.795940220,0.043283034,-0.032960795,-0.100808568,0.993417203,-0.004962686,0.000750890,0.002693498,-0.000105135,-0.000134535,0.000896686,-0.004931240,-0.001102834,0.016800910,0.001277868,-0.001713663,0.001851989,0.016186619,-0.007471475,-0.018009854,-0.158831015,0.595601976,0.000000000,1.316987276,0.000000000,0.000000000,0.000000000,-0.213489413,-0.619671941,0.000000000,1.127746224,0.000000000,0.000000000,0.000000000
-0.041599233,-0.042590648,0.795928180,0.043400869,-0.032939859,-0.100601323,0.993433774,-0.004894399,0.000576592,0.002467854,0.000007998,-0.000166877,0.000882835,-0.004659607,-0.000951464,0.017134702,0.001160498,-0.001797923,0.001745082,0.016192924,-0.008350877,-0.018407371,-0.157067075,0.572843671,0.000000000,1.311621308,0.000000000,0.000000000,0.000000000,-0.213715047,-0.596446276,0.000000000,1.115260363,0.000000000,0.000000000,0.000000000
-0.041320514,-0.042706992,0.795894742,0.043640535,-0.032986574,-0.100254729,0.993456781,-0.004434366,0.000342794,0.001528227,0.000011014,-0.000188671,0.000901305,-0.003643964,-0.000035945,0.017300408,0.000633367,-0.002023480,0.001566469,0.017645564,-0.009801154,-0.019197861,-0.151056811,0.492679477,0.000000000,1.312802911,0.000000000,0.000000000,0.000000000,-0.224347442,-0.535313845,0.000000000,1.078857899,0.000000000,0.000000000,0.000000000
-0.041172363,-0.042794958,0.795900822,0.043732066,-0.033129357,-0.100024998,0.993471146,-0.003986183,0.000366066,0.001003046,0.000096161,-0.000255674,0.000927196,-0.002996762,0.000331146,0.017286988,0.000561506,-0.002126975,0.001569434,0.018246796,-0.009524634,-0.019464478,-0.145300403,0.443148494,0.000000000,1.308224797,0.000000000,0.000000000,0.000000000,-0.234851897,-0.493949562,0.000000000,1.059767723,0.000000000,0.000000000,0.000000000
-0.041038387,-0.042848945,0.795904696,0.043764554,-0.033232816,-0.099792466,0.993489683,-0.003659884,0.000418778,0.001216414,0.000229621,-0.000368428,0.000930230,-0.002694285,0.000553878,0.017791482,0.000712743,-0.002237482,0.001531192,0.018008927,-0.008836762,-0.019828565,-0.137752399,0.388761729,0.000000000,1.299315929,0.000000000,0.000000000,0.000000000,-0.250853270,-0.445128709,0.000000000,1.036400199,0.000000000,0.000000000,0.000000000
-0.041019637,-0.042851001,0.795905352,0.043772329,-0.033257004,-0.099771291,0.993490636,-0.003599311,0.000432198,0.001288217,0.000262445,-0.000390114,0.000927040,-0.002645054,0.000586843,0.017893596,0.000752291,-0.002257923,0.001524549,0.017924782,-0.008739010,-0.019868651,-0.137312144,0.380705684,0.000000000,1.297065735,0.000000000,0.000000000,0.000000000,-0.253815800,-0.437657803,0.000000000,1.031746030,0.000000000,0.000000000,0.000000000
-0.040928125,-0.042868841,0.795903504,0.043824781,-0.033273164,-0.099684276,0.993496537,-0.003555187,0.000454306,0.001544808,0.000519991,-0.000529877,0.000894428,-0.002454064,0.000971874,0.018189415,0.000736332,-0.002328507,0.001482174,0.017351268,-0.008283885,-0.020376256,-0.131172746,0.326490670,0.000000000,1.285821676,0.000000000,0.000000000,0.000000000,-0.267516524,-0.388413578,0.000000000,1.001703620,0.000000000,0.000000000,0.000000000
-0.040842969,-0.042928990,0.795909464,0.044007812,-0.033280194,-0.099580981,0.993498564,-0.003497081,0.000184233,0.000963128,0.000803687,-0.000602798,0.000917910,-0.001971034,0.001278008,0.017973457,0.000375536,-0.002381388,0.001471295,0.016889816,-0.008095955,-0.020831812,-0.130269647,0.288236678,0.000000000,1.271423101,0.000000000,0.000000000,0.000000000,-0.281638861,-0.343976051,0.000000000,0.979670048,0.000000000,0.000000000,0.000000000
-0.040797483,-0.043005757,0.795927167,0.044178285,-0.033390760,-0.099599443,0.993485451,-0.003218386,-0.000068462,0.000647833,0.000958525,-0.000593009,0.000933922,-0.001435558,0.001337368,0.017963136,0.000152055,-0.002371094,0.001510869,0.016275838,-0.007555442,-0.020828381,-0.128164992,0.252855480,0.000000000,1.259660363,0.000000000,0.000000000,0.000000000,-0.294944108,-0.301630884,0.000000000,0.958428860,0.000000000,0.000000000,0.000000000
-0.040863115,-0.043041110,0.795933187,0.044250265,-0.033457205,-0.099754274,0.993464470,-0.003163396,-0.000232776,0.000838368,0.001039450,-0.000529032,0.000959913,-0.001384755,0.001129302,0.018361755,0.000269576,-0.002356390,0.001532365,0.015642148,-0.006940961,-0.020444138,-0.129140183,0.229124263,0.000000000,1.248491764,0.000000000,0.000000000,0.000000000,-0.308768451,-0.268049836,0.000000000,0.939797580,0.000000000,0.000000000,0.000000000
-0.040885739,-0.043044306,0.795931578,0.044261936,-0.033457343,-0.099778883,0.993461430,-0.003188295,-0.000257376,0.000838413,0.001064838,-0.000519030,0.000961848,-0.001412848,0.001079022,0.018413704,0.000299838,-0.002343647,0.001535286,0.015517553,-0.006822105,-0.020346010,-0.129696503,0.224870577,0.000000000,1.246287107,0.000000000,0.000000000,0.000000000,-0.312050879,-0.261896163,0.000000000,0.935674071,0.000000000,0.000000000,0.000000000
-0.040909685,-0.043046460,0.795929015,0.044277567,-0.033459324,-0.099798426,0.993458748,-0.003206138,-0.000287335,0.000851612,0.001089459,-0.000505327,0.000963897,-0.001434600,0.001030622,0.018448830,0.000325156,-0.002330650,0.001540927,0.015388781,-0.006701323,-0.020235401,-0.130207330,0.221016869,0.000000000,1.244039893,0.000000000,0.000000000,0.000000000,-0.315371931,-0.255925328,0.000000000,0.931515396,0.000000000,0.000000000,0.000000000
-0.040935565,-0.043047659,0.795926929,0.044295348,-0.033464499,-0.099812016,0.993456423,-0.003220364,-0.000326580,0.000865036,0.001117879,-0.000491702,0.000969207,-0.001444479,0.000993638,0.018467989,0.000339860,-0.002316565,0.001547287,0.015242552,-0.006574510,-0.020102637,-0.130386457,0.216820881,0.000000000,1.242451072,0.000000000,0.000000000,0.000000000,-0.317875206,-0.250105321,0.000000000,0.928025842,0.000000000,0.000000000,0.000000000
-0.040963072,-0.043048318,0.795925975,0.044317119,-0.033472627,-0.099821232,0.993454218,-0.003231571,-0.000373251,0.000861500,0.001151808,-0.000475182,0.000976629,-0.001439556,0.000962669,0.018467354,0.000344972,-0.002299712,0.001558932,0.015108997,-0.006433454,-0.019956855,-0.130252942,0.213428974,0.000000000,1.240726829,0.000000000,0.000000000,0.000000000,-0.320371419,-0.244290158,0.000000000,0.924762487,0.000000000,0.000000000,0.000000000
-0.041422408,-0.041631524,0.795899332,0.044702578,-0.033181369,-0.100285217,0.993399978,-0.005045232,-0.000285518,-0.006998973,0.002190252,0.000190267,0.001356401,0.001012963,-0.006200427,0.025065335,-0.002811483,-0.001958357,0.001220542,0.014415667,-0.004390349,-0.017006721,-0.135987267,0.190801814,0.000000000,1.235452414,0.000000000,0.000000000,0.000000000,-0.354425997,-0.179767445,0.000000000,0.898691118,0.000000000,0.000000000,0.000000000
-0.041401487,-0.041768480,0.795913458,0.044675883,-0.033194900,-0.100210622,0.993408263,-0.005171609,-0.000323802,-0.005288832,0.002447315,0.000067993,0.001281162,0.000519175,-0.005608746,0.025114559,-0.002425188,-0.001906091,0.001245640,0.014314870,-0.004241897,-0.016805500,-0.136866584,0.192769080,0.000000000,1.234787941,0.000000000,0.000000000,0.000000000,-0.355254352,-0.178668097,0.000000000,0.899010241,0.000000000,0.000000000,0.000000000
-0.041044045,-0.043128051,0.795912206,0.044434234,-0.033047441,-0.099690579,0.993476331,-0.005833789,0.000264495,-0.001609154,0.002948534,-0.000394517,0.000908812,0.001372886,0.002428549,0.010857005,-0.003887819,-0.001764178,0.001730902,0.013605947,-0.003262505,-0.015321390,-0.145050377,0.229563519,0.000000000,1.215659142,0.000000000,0.000000000,0.000000000,-0.347937703,-0.202414870,0.000000000,0.889126837,0.000000000,0.000000000,0.000000000
-0.040972292,-0.043667238,0.795823455,0.044398256,-0.033010840,-0.099569306,0.993491352,-0.006242269,0.000829511,-0.004110139,0.002651385,-0.000023758,0.000963258,0.001335139,0.002941628,0.010975541,-0.004347587,-0.001677835,0.001768783,0.013474219,-0.003064678,-0.013964078,-0.148799762,0.257814884,0.000000000,1.198900104,0.000000000,0.000000000,0.000000000,-0.340496153,-0.221972376,0.000000000,0.884994566,0.000000000,0.000000000,0.000000000
-0.041029323,-0.043963000,0.795803249,0.044578515,-0.033066738,-0.099526167,0.993485749,-0.005485497,-0.000071382,-0.002663392,0.001788342,0.000120865,0.000914654,0.001564986,0.003879418,0.010781553,-0.004444346,-0.001756208,0.001516145,0.013467518,-0.002820219,-0.010996735,-0.154975340,0.296194464,0.000000000,1.172815919,0.000000000,0.000000000,0.000000000,-0.341237843,-0.228585303,0.000000000,0.891212761,0.000000000,0.000000000,0.000000000
-0.041013669,-0.043965753,0.795807779,0.044614159,-0.033067361,-0.099470198,0.993489683,-0.005393815,-0.000146131,-0.002324631,0.001759120,0.000102777,0.000899575,0.001635229,0.003832442,0.010427149,-0.004389675,-0.001763227,0.001501486,0.013355591,-0.002793736,-0.010689013,-0.155769274,0.299545199,0.000000000,1.170495629,0.000000000,0.000000000,0.000000000,-0.341362655,-0.229054496,0.000000000,0.891954899,0.000000000,0.000000000,0.000000000
-0.040967565,-0.043988630,0.795815408,0.044681754,-0.032984667,-0.099289432,0.993507504,-0.005463897,-0.000260525,-0.001458626,0.001871236,0.000033227,0.000830520,0.001336230,0.003681869,0.010170165,-0.003908657,-0.001792235,0.001475514,0.012937830,-0.002645486,-0.009774108,-0.159020633,0.310651481,0.000000000,1.163699627,0.000000000,0.000000000,0.000000000,-0.341952741,-0.231065974,0.000000000,0.894060612,0.000000000,0.000000000,0.000000000
-0.040951915,-0.044052422,0.795777678,0.044394840,-0.032679193,-0.099307612,0.993528664,-0.007095977,0.000224322,-0.002393192,0.003013895,-0.000137556,0.000734174,0.000162188,0.003776718,0.010965806,-0.003350414,-0.001768972,0.001511128,0.012452716,-0.002101352,-0.009490004,-0.164151117,0.322482854,0.000000000,1.160959482,0.000000000,0.000000000,0.000000000,-0.342370421,-0.235974774,0.000000000,0.894913673,0.000000000,0.000000000,0.000000000
-0.040898990,-0.044044923,0.795760334,0.044497896,-0.032916237,-0.099302329,0.993516743,-0.006684815,0.000429939,-0.003375155,0.003307034,-0.000175215,0.000730010,0.000778085,0.003900990,0.011482785,-0.003409207,-0.001764824,0.001509981,0.012285531,-0.001908607,-0.009049545,-0.163935065,0.323836714,0.000000000,1.162439823,0.000000000,0.000000000,0.000000000,-0.340101779,-0.238286987,0.000000000,0.894898355,0.000000000,0.000000000,0.000000000
-0.040873885,-0.044042386,0.795755088,0.044570755,-0.033051621,-0.099302560,0.993508935,-0.006341316,0.000448785,-0.003600753,0.003344229,-0.000184857,0.000729038,0.001139459,0.003937202,0.011633402,-0.003434943,-0.001772944,0.001498604,0.012239125,-0.001864884,-0.008826157,-0.163544282,0.324023306,0.000000000,1.163176417,0.000000000,0.000000000,0.000000000,-0.339059383,-0.238942191,0.000000000,0.894988656,0.000000000,0.000000000,0.000000000
-0.040722169,-0.044191644,0.795755684,0.044968124,-0.033895351,-0.099902660,0.993402481,-0.003416598,0.000054748,-0.002720126,0.002643731,-0.000253213,0.000735731,0.003289286,0.004913409,0.011943825,-0.003634533,-0.001830983,0.001399279,0.012727269,-0.001759597,-0.007876484,-0.159295127,0.320982367,0.000000000,1.175080776,0.000000000,0.000000000,0.000000000,-0.332997352,-0.239892498,0.000000000,0.895958543,0.000000000,0.000000000,0.000000000
-0.040745955,-0.044351593,0.795788467,0.044531967,-0.033232313,-0.100352012,0.993399203,-0.005021559,0.000102727,-0.002196281,0.002362421,-0.000242933,0.000790039,0.001439732,0.005306792,0.011844205,-0.003672489,-0.001850675,0.001389275,0.013169559,-0.002124538,-0.009260456,-0.159469962,0.314863831,0.000000000,1.184141874,0.000000000,0.000000000,0.000000000,-0.335426927,-0.238133907,0.000000000,0.894905567,0.000000000,0.000000000,0.000000000
-0.040729295,-0.044372652,0.795798302,0.044469435,-0.033077072,-0.100415483,0.993400753,-0.005367468,0.000070796,-0.002347168,0.002323153,-0.000237565,0.000804771,0.001029402,0.005277016,0.011743982,-0.003656385,-0.001862268,0.001388139,0.013210427,-0.002355888,-0.009464866,-0.159102336,0.312275648,0.000000000,1.186940789,0.000000000,0.000000000,0.000000000,-0.335893244,-0.237529576,0.000000000,0.894362092,0.000000000,0.000000000,0.000000000
-0.040654056,-0.044381406,0.795810819,0.044583529,-0.033123143,-0.100445487,0.993391097,-0.005148182,-0.000069854,-0.002949946,0.002379016,-0.000243224,0.000836405,0.001186092,0.005125673,0.011587490,-0.003585042,-0.001903677,0.001370859,0.013121548,-0.002831081,-0.009062451,-0.156911924,0.306726843,0.000000000,1.191935539,0.000000000,0.000000000,0.000000000,-0.335312039,-0.235809296,0.000000000,0.893442392,0.000000000,0.000000000,0.000000000
-0.040584009,-0.044330034,0.795799077,0.044894710,-0.033563159,-0.100521564,0.993354619,-0.003912730,-0.000241300,-0.003472772,0.002520535,-0.000295437,0.000849435,0.002194002,0.003513380,0.013628917,-0.003299393,-0.001923399,0.001355202,0.013075903,-0.003286530,-0.008014620,-0.152870610,0.299473554,0.000000000,1.196547508,0.000000000,0.000000000,0.000000000,-0.333229989,-0.232256383,0.000000000,0.892348111,0.000000000,0.000000000,0.000000000
-0.040634222,-0.043998491,0.795800626,0.045065522,-0.033890143,-0.100633323,0.993324459,-0.003106807,-0.000310091,-0.003470261,0.002649984,-0.000333245,0.000841771,0.003367116,0.000840910,0.011774424,-0.002955315,-0.001916484,0.001368465,0.013231746,-0.003590818,-0.007323572,-0.150430009,0.295340419,0.000000000,1.197983742,0.000000000,0.000000000,0.000000000,-0.331694454,-0.229766697,0.000000000,0.892016828,0.000000000,0.000000000,0.000000000
-0.040843435,-0.043580703,0.795804083,0.045112196,-0.034045562,-0.100748003,0.993305385,-0.002869916,-0.000298202,-0.003492870,0.002817354,-0.000337137,0.000849958,0.003564261,0.000547377,0.012732411,-0.002780679,-0.001919756,0.001365566,0.013486393,-0.003909770,-0.006906189,-0.148837000,0.291628033,0.000000000,1.198533177,0.000000000,0.000000000,0.000000000,-0.330796629,-0.227285370,0.000000000,0.892063975,0.000000000,0.000000000,0.000000000
-0.040857770,-0.043562535,0.795805156,0.045103125,-0.034060828,-0.100778878,0.993302166,-0.002900029,-0.000274449,-0.003502278,0.002877445,-0.000335158,0.000853231,0.003515496,0.000459212,0.013353261,-0.002736249,-0.001923632,0.001357568,0.013559866,-0.004009653,-0.006834855,-0.148471832,0.290442646,0.000000000,1.198613882,0.000000000,0.000000000,0.000000000,-0.330626279,-0.226465821,0.000000000,0.892147183,0.000000000,0.000000000,0.000000000
-0.040879000,-0.043542929,0.795807719,0.045078777,-0.034042232,-0.100794375,0.993302345,-0.003027444,-0.000242658,-0.003520254,0.002941497,-0.000323996,0.000862769,0.003393155,0.000336502,0.013784887,-0.002681159,-0.001928870,0.001345028,0.013601788,-0.004099660,-0.006824645,-0.148236707,0.289285719,0.000000000,1.198633909,0.000000000,0.000000000,0.000000000,-0.330565691,-0.225664765,0.000000000,0.892289221,0.000000000,0.000000000,0.000000000
-0.040905036,-0.043523133,0.795811057,0.045045335,-0.034000076,-0.100794010,0.993305326,-0.003215310,-0.000210301,-0.003558123,0.003003531,-0.000309317,0.000874044,0.003237237,0.000216828,0.014000534,-0.002634075,-0.001931991,0.001337032,0.013610103,-0.004183821,-0.006856867,-0.148085147,0.288151503,0.000000000,1.198623896,0.000000000,0.000000000,0.000000000,-0.330580473,-0.224871859,0.000000000,0.892457247,0.000000000,0.000000000,0.000000000
-0.040930916,-0.043502636,0.795815468,0.045010287,-0.033942048,-0.100780070,0.993310332,-0.003427909,-0.000186090,-0.003585031,0.003044560,-0.000288202,0.000881369,0.003076754,0.000119720,0.014062635,-0.002609312,-0.001936021,0.001327205,0.013582882,-0.004274239,-0.006911255,-0.147986382,0.287029654,0.000000000,1.198583126,0.000000000,0.000000000,0.000000000,-0.330647945,-0.224082693,0.000000000,0.892640591,0.000000000,0.000000000,0.000000000
-0.040954083,-0.043481193,0.795820773,0.044975974,-0.033873785,-0.100750923,0.993317187,-0.003637888,-0.000170464,-0.003643687,0.003065002,-0.000272715,0.000887723,0.002903405,0.000043909,0.014053015,-0.002590194,-0.001941113,0.001319980,0.013526710,-0.004360914,-0.006978923,-0.147923857,0.285902560,0.000000000,1.198539972,0.000000000,0.000000000,0.000000000,-0.330749452,-0.223289371,0.000000000,0.892851412,0.000000000,0.000000000,0.000000000
-0.040975314,-0.043458451,0.795826256,0.044947226,-0.033801023,-0.100708120,0.993325293,-0.003853699,-0.000148191,-0.003900615,0.003090122,-0.000255645,0.000887262,0.002727443,-0.000036911,0.013997672,-0.002572698,-0.001945775,0.001315428,0.013444059,-0.004448305,-0.007046598,-0.147870854,0.284759611,0.000000000,1.198507547,0.000000000,0.000000000,0.000000000,-0.330879897,-0.222476020,0.000000000,0.893087924,0.000000000,0.000000000,0.000000000
-0.041000497,-0.043430325,0.795831621,0.044924103,-0.033729475,-0.100654379,0.993334234,-0.004124598,-0.000181995,-0.004552009,0.003192263,-0.000243429,0.000881585,0.002559862,-0.000140945,0.013963442,-0.002554376,-0.001953839,0.001312484,0.013345889,-0.004524031,-0.007108577,-0.147832468,0.283611506,0.000000000,1.198483586,0.000000000,0.000000000,0.000000000,-0.331010193,-0.221682534,0.000000000,0.893332422,0.000000000,0.000000000,0.000000000
-0.041029554,-0.043394428,0.795836329,0.044904910,-0.033661768,-0.100593008,0.993343592,-0.004372082,-0.000225530,-0.005735782,0.003294921,-0.000233503,0.000878096,0.002417808,-0.000259089,0.013934920,-0.002549005,-0.001960775,0.001307719,0.013224509,-0.004608722,-0.007158354,-0.147810668,0.282487392,0.000000000,1.198432207,0.000000000,0.000000000,0.000000000,-0.331157058,-0.220896900,0.000000000,0.893571615,0.000000000,0.000000000,0.000000000
-0.041066669,-0.043350883,0.795840085,0.044888131,-0.033599466,-0.100525618,0.993353248,-0.004652510,-0.000298365,-0.007260455,0.003454914,-0.000225627,0.000871700,0.002266009,-0.000378342,0.013952242,-0.002526341,-0.001969461,0.001305457,0.013100764,-0.004669874,-0.007193659,-0.147804394,0.281386405,0.000000000,1.198328972,0.000000000,0.000000000,0.000000000,-0.331320703,-0.220142633,0.000000000,0.893775702,0.000000000,0.000000000,0.000000000
-0.041108824,-0.043303788,0.795842648,0.044876035,-0.033543222,-0.100453265,0.993363023,-0.004912037,-0.000357066,-0.008742248,0.003596046,-0.000208599,0.000866247,0.002147766,-0.000480697,0.013866249,-0.002517421,-0.001971326,0.001304090,0.012962659,-0.004728475,-0.007221793,-0.147801355,0.280291021,0.000000000,1.198180556,0.000000000,0.000000000,0.000000000,-0.331479400,-0.219435617,0.000000000,0.893950939,0.000000000,0.000000000,0.000000000
-0.041148961,-0.043260418,0.795843840,0.044868246,-0.033491444,-0.100378446,0.993372679,-0.005088121,-0.000365180,-0.009555552,0.003638613,-0.000187770,0.000861805,0.002034066,-0.000593585,0.013810490,-0.002507264,-0.001970353,0.001303339,0.012819773,-0.004771543,-0.007243211,-0.147828460,0.279208004,0.000000000,1.197978497,0.000000000,0.000000000,0.000000000,-0.331648767,-0.218783498,0.000000000,0.894074440,0.000000000,0.000000000,0.000000000
-0.041721273,-0.043247126,0.795807719,0.044887833,-0.033457354,-0.099973947,0.993413746,-0.005478244,-0.000413423,-0.006471328,0.002703143,0.000406959,0.000880689,0.001649169,-0.000526840,0.014105462,-0.003031107,-0.001639102,0.001402482,0.012721108,-0.004609461,-0.006586248,-0.153954566,0.258387625,0.000000000,1.205592632,0.000000000,0.000000000,0.000000000,-0.333563000,-0.216386661,0.000000000,0.892361760,0.000000000,0.000000000,0.000000000
-0.041758854,-0.043683469,0.795786262,0.044851858,-0.033534393,-0.099830329,0.993427217,-0.005414657,0.000058591,-0.004830944,0.002320692,0.000597685,0.000803752,0.001613637,0.000584539,0.012987475,-0.003029449,-0.001562458,0.001454372,0.012584819,-0.004402215,-0.005916064,-0.159577847,0.270083517,0.000000000,1.200411439,0.000000000,0.000000000,0.000000000,-0.333354414,-0.219365865,0.000000000,0.890914857,0.000000000,0.000000000,0.000000000
-0.041783262,-0.043672275,0.795788705,0.044815607,-0.033488173,-0.099755637,0.993437946,-0.005574980,0.000082358,-0.004306318,0.002376404,0.000576768,0.000777724,0.001436590,0.000581781,0.013111692,-0.002904459,-0.001547115,0.001429213,0.012197946,-0.004201238,-0.005788063,-0.159792900,0.273513258,0.000000000,1.198368430,0.000000000,0.000000000,0.000000000,-0.332965195,-0.219853193,0.000000000,0.891310513,0.000000000,0.000000000,0.000000000
-0.041734986,-0.043661755,0.795780599,0.044804778,-0.033512473,-0.099947907,0.993418276,-0.005412701,0.000104043,-0.004310462,0.002326820,0.000519754,0.000761922,0.001384092,0.000498379,0.013838925,-0.002829715,-0.001572894,0.001416660,0.012238651,-0.004165547,-0.005723385,-0.158739224,0.275459558,0.000000000,1.197434425,0.000000000,0.000000000,0.000000000,-0.332905293,-0.219454795,0.000000000,0.891944766,0.000000000,0.000000000,0.000000000
-0.041727625,-0.043658577,0.795780480,0.044813689,-0.033520862,-0.099969551,0.993415415,-0.005371129,0.000092409,-0.004357747,0.002323769,0.000515033,0.000763913,0.001384740,0.000449372,0.013972896,-0.002807731,-0.001579639,0.001414008,0.012237961,-0.004187998,-0.005707607,-0.158558235,0.275510818,0.000000000,1.197472572,0.000000000,0.000000000,0.000000000,-0.332851350,-0.219419941,0.000000000,0.892013490,0.000000000,0.000000000,0.000000000
-0.041696787,-0.043640155,0.795787394,0.044892300,-0.033624902,-0.100073889,0.993397832,-0.005033439,0.000009234,-0.004522823,0.002324938,0.000511474,0.000792103,0.001567929,0.000237509,0.014485918,-0.002703621,-0.001607623,0.001387387,0.012275486,-0.004329682,-0.005507078,-0.157503158,0.275323659,0.000000000,1.197958708,0.000000000,0.000000000,0.000000000,-0.332403243,-0.219221815,0.000000000,0.892230928,0.000000000,0.000000000,0.000000000
-0.041702677,-0.043626014,0.795800805,0.044876900,-0.033662800,-0.100191630,0.993385375,-0.004983649,0.000040542,-0.004578814,0.002401270,0.000501245,0.000815608,0.001609739,0.000080487,0.014724169,-0.002692952,-0.001607207,0.001423389,0.012325624,-0.004426506,-0.005433546,-0.156935975,0.274973333,0.000000000,1.198281527,0.000000000,0.000000000,0.000000000,-0.332277626,-0.219087675,0.000000000,0.892328799,0.000000000,0.000000000,0.000000000
-0.041716546,-0.043598566,0.795811296,0.044818409,-0.033561639,-0.100246578,0.993385911,-0.005270321,0.000051666,-0.004752358,0.002545295,0.000440362,0.000827609,0.001410380,0.000048494,0.014529430,-0.002759365,-0.001611691,0.001484218,0.012222544,-0.004544473,-0.005613139,-0.156801566,0.274014562,0.000000000,1.198527455,0.000000000,0.000000000,0.000000000,-0.332534850,-0.219265252,0.000000000,0.892379403,0.000000000,0.000000000,0.000000000
-0.041695468,-0.043582197,0.795807302,0.044775810,-0.033503555,-0.100276902,0.993386745,-0.005384061,0.000048342,-0.005069523,0.002556358,0.000404829,0.000854337,0.001273399,0.000230785,0.014290328,-0.002777145,-0.001643091,0.001509782,0.012156355,-0.004620797,-0.005757478,-0.156629577,0.272807479,0.000000000,1.199249387,0.000000000,0.000000000,0.000000000,-0.332668275,-0.219488129,0.000000000,0.892378330,0.000000000,0.000000000,0.000000000
-0.041668348,-0.043568674,0.795806944,0.044792920,-0.033561014,-0.100309387,0.993380725,-0.005229506,0.000018492,-0.005261137,0.002542734,0.000403408,0.000877591,0.001413026,0.000335342,0.014042551,-0.002734354,-0.001660547,0.001511145,0.012167211,-0.004660338,-0.005666866,-0.156233862,0.272137582,0.000000000,1.199775338,0.000000000,0.000000000,0.000000000,-0.332394004,-0.219602495,0.000000000,0.892409503,0.000000000,0.000000000,0.000000000
-0.041661300,-0.043523483,0.795811772,0.044806115,-0.033653367,-0.100359321,0.993371964,-0.005024174,-0.000015839,-0.005547854,0.002566135,0.000388681,0.000920669,0.001564747,0.000318085,0.013980030,-0.002583312,-0.001686271,0.001531006,0.012183844,-0.004746918,-0.005506257,-0.155739859,0.270945996,0.000000000,1.200714707,0.000000000,0.000000000,0.000000000,-0.331775546,-0.219910666,0.000000000,0.892615974,0.000000000,0.000000000,0.000000000
-0.041663855,-0.043514688,0.795812845,0.044807058,-0.033655792,-0.100353211,0.993372440,-0.005013761,-0.000022436,-0.005573676,0.002575069,0.000380205,0.000924869,0.001568864,0.000301818,0.013939939,-0.002562327,-0.001693142,0.001534863,0.012175092,-0.004756976,-0.005497178,-0.155735403,0.270749420,0.000000000,1.200825453,0.000000000,0.000000000,0.000000000,-0.331707656,-0.219964772,0.000000000,0.892660558,0.000000000,0.000000000,0.000000000
-0.041673619,-0.043453220,0.795816660,0.044809327,-0.033626899,-0.100263618,0.993382394,-0.005056197,-0.000019037,-0.005793774,0.002639433,0.000338101,0.000946696,0.001495522,0.000111696,0.014000717,-0.002455824,-0.001733583,0.001557700,0.012040454,-0.004875879,-0.005507172,-0.156042144,0.269592404,0.000000000,1.201416254,0.000000000,0.000000000,0.000000000,-0.331476629,-0.220156536,0.000000000,0.893000424,0.000000000,0.000000000,0.000000000
-0.041676871,-0.043412484,0.795814514,0.044777174,-0.033558592,-0.100195765,0.993393004,-0.005130080,0.000046769,-0.005942922,0.002540574,0.000324881,0.000981784,0.001261692,0.000046157,0.014198658,-0.002401960,-0.001765796,0.001606354,0.011951212,-0.004899584,-0.005609571,-0.156716213,0.269326925,0.000000000,1.201882958,0.000000000,0.000000000,0.000000000,-0.331618965,-0.220299304,0.000000000,0.893123865,0.000000000,0.000000000,0.000000000
-0.041667651,-0.043389741,0.795817316,0.044784103,-0.033568874,-0.100179486,0.993393958,-0.005043905,0.000032692,-0.005926611,0.002483453,0.000309507,0.000987115,0.001274156,0.000031209,0.014245887,-0.002388494,-0.001792401,0.001618710,0.011924378,-0.004912344,-0.005583639,-0.156905681,0.269334167,0.000000000,1.202241302,0.000000000,0.000000000,0.000000000,-0.331615984,-0.220342487,0.000000000,0.893084526,0.000000000,0.000000000,0.000000000
-0.041659903,-0.043377131,0.795820236,0.044782847,-0.033591475,-0.100194030,0.993391812,-0.004967741,0.000039721,-0.005827796,0.002440442,0.000310048,0.000991450,0.001309269,0.000042322,0.014334075,-0.002383937,-0.001802137,0.001617074,0.011949404,-0.004890437,-0.005553052,-0.156971276,0.269433081,0.000000000,1.202466130,0.000000000,0.000000000,0.000000000,-0.331634849,-0.220290944,0.000000000,0.893062353,0.000000000,0.000000000,0.000000000
-0.041649677,-0.043274365,0.795825899,0.044683270,-0.033530980,-0.100305937,0.993387043,-0.005038557,0.000093377,-0.005498561,0.002215096,0.000320157,0.001034693,0.001011373,-0.000194756,0.015395907,-0.002248129,-0.001900283,0.001645708,0.012078952,-0.004756709,-0.005664866,-0.157710165,0.270777434,0.000000000,1.202296257,0.000000000,0.000000000,0.000000000,-0.332180113,-0.220270753,0.000000000,0.893483460,0.000000000,0.000000000,0.000000000
-0.041647039,-0.043264233,0.795826197,0.044681851,-0.033520631,-0.100300789,0.993387938,-0.005047360,0.000079087,-0.005496453,0.002207886,0.000312329,0.001041066,0.000983677,-0.000230620,0.015493251,-0.002233720,-0.001911660,0.001652521,0.012064273,-0.004757079,-0.005672632,-0.157759473,0.270913422,0.000000000,1.202167153,0.000000000,0.000000000,0.000000000,-0.332187235,-0.220309034,0.000000000,0.893539548,0.000000000,0.000000000,0.000000000
-0.041619919,-0.043223087,0.795828164,0.044691388,-0.033512898,-0.100241072,0.993393838,-0.004992963,0.000117136,-0.005541296,0.002206735,0.000257047,0.001058780,0.000922113,-0.000369264,0.015774189,-0.002092101,-0.001981737,0.001696507,0.011963267,-0.004737179,-0.005642102,-0.157874495,0.271579474,0.000000000,1.201673627,0.000000000,0.000000000,0.000000000,-0.332046241,-0.220563218,0.000000000,0.893704236,0.000000000,0.000000000,0.000000000
-0.041570872,-0.043200035,0.795830786,0.044718478,-0.033562999,-0.100216597,0.993393362,-0.004813742,0.000140479,-0.005468000,0.002252884,0.000184981,0.001066702,0.001003295,-0.000388744,0.015703756,-0.001888899,-0.002079879,0.001725925,0.011961173,-0.004743699,-0.005507205,-0.157825872,0.272125065,0.000000000,1.201599002,0.000000000,0.000000000,0.000000000,-0.331734985,-0.220801786,0.000000000,0.893805146,0.000000000,0.000000000,0.000000000
-0.041559946,-0.043196298,0.795831680,0.044724248,-0.033581659,-0.100220606,0.993392110,-0.004754843,0.000142648,-0.005412318,0.002258994,0.000172734,0.001067750,0.001023366,-0.000394943,0.015691297,-0.001831165,-0.002098613,0.001733381,0.011982195,-0.004742325,-0.005473377,-0.157777086,0.272199750,0.000000000,1.201648355,0.000000000,0.000000000,0.000000000,-0.331655473,-0.220814228,0.000000000,0.893837512,0.000000000,0.000000000,0.000000000
-0.041550726,-0.043192364,0.795832574,0.044729646,-0.033600926,-0.100225590,0.993390679,-0.004697928,0.000142558,-0.005353865,0.002257901,0.000164306,0.001070623,0.001043171,-0.000406280,0.015700500,-0.001771528,-0.002115813,0.001747897,0.012003410,-0.004749479,-0.005437361,-0.157734007,0.272263229,0.000000000,1.201677561,0.000000000,0.000000000,0.000000000,-0.331577033,-0.220817104,0.000000000,0.893876076,0.000000000,0.000000000,0.000000000
-0.041543208,-0.043187812,0.795833290,0.044732034,-0.033615578,-0.100229323,0.993389726,-0.004651386,0.000142127,-0.005309334,0.002253841,0.000159417,0.001077085,0.001051493,-0.000413872,0.015712805,-0.001714400,-0.002131627,0.001772538,0.012020054,-0.004762061,-0.005410337,-0.157718286,0.272307217,0.000000000,1.201712728,0.000000000,0.000000000,0.000000000,-0.331517011,-0.220813781,0.000000000,0.893927455,0.000000000,0.000000000,0.000000000
-0.041537553,-0.043182950,0.795833707,0.044730466,-0.033623818,-0.100233577,0.993389070,-0.004619479,0.000143166,-0.005275765,0.002249132,0.000150838,0.001086261,0.001044729,-0.000413890,0.015719771,-0.001660343,-0.002160442,0.001767660,0.012041948,-0.004762289,-0.005398633,-0.157723725,0.272329748,0.000000000,1.201764822,0.000000000,0.000000000,0.000000000,-0.331478924,-0.220798403,0.000000000,0.893999100,0.000000000,0.000000000,0.000000000
-0.041524224,-0.043170728,0.795832515,0.044714861,-0.033627346,-0.100240752,0.993388951,-0.004590161,0.000160819,-0.005180233,0.002243291,0.000121985,0.001107740,0.000982128,-0.000375845,0.015638471,-0.001507022,-0.002230711,0.001785744,0.012091048,-0.004779645,-0.005421215,-0.157818407,0.272278041,0.000000000,1.201985478,0.000000000,0.000000000,0.000000000,-0.331462711,-0.220757231,0.000000000,0.894419014,0.000000000,0.000000000,0.000000000
-0.041310288,-0.043121018,0.795849621,0.044819105,-0.033820041,-0.100103296,0.993391573,-0.003735966,0.000446300,-0.006159426,0.002101443,-0.000069222,0.001204901,0.001009646,-0.000270239,0.015956767,0.000094324,-0.003009732,0.001681087,0.012505841,-0.004911434,-0.005517395,-0.158578038,0.271574080,0.000000000,1.203079462,0.000000000,0.000000000,0.000000000,-0.332228035,-0.221015066,0.000000000,0.894126713,0.000000000,0.000000000,0.000000000
-0.041274179,-0.043152809,0.795855522,0.044729073,-0.033702888,-0.100048862,0.993405104,-0.004025350,0.000627843,-0.006058136,0.002119658,-0.000140959,0.001179224,0.000663751,-0.000115954,0.015781125,0.000267725,-0.003153707,0.001655469,0.012593754,-0.004857327,-0.005932454,-0.159614548,0.271563739,0.000000000,1.203180194,0.000000000,0.000000000,0.000000000,-0.332951099,-0.220804930,0.000000000,0.894116879,0.000000000,0.000000000,0.000000000
-0.041205369,-0.043168247,0.795858324,0.044682961,-0.033621389,-0.099992588,0.993415594,-0.004149206,0.000667234,-0.005831442,0.002082935,-0.000218179,0.001146308,0.000442769,-0.000013462,0.015698964,0.000439257,-0.003271658,0.001629274,0.012751494,-0.004855399,-0.006208211,-0.160406813,0.271572381,0.000000000,1.203257799,0.000000000,0.000000000,0.000000000,-0.333478123,-0.220667884,0.000000000,0.894127488,0.000000000,0.000000000,0.000000000
-0.041085809,-0.043183066,0.795860231,0.044747066,-0.033688426,-0.099934287,0.993416309,-0.003859162,0.000695850,-0.005698910,0.002095217,-0.000331103,0.001095028,0.000549024,-0.000167352,0.016113071,0.000752020,-0.003396692,0.001563097,0.012962061,-0.004928167,-0.006037316,-0.160374805,0.271754324,0.000000000,1.203316927,0.000000000,0.000000000,0.000000000,-0.333317995,-0.220439196,0.000000000,0.894173920,0.000000000,0.000000000,0.000000000
-0.041045595,-0.043193817,0.795860231,0.044782888,-0.033723276,-0.099912882,0.993415654,-0.003743560,0.000700604,-0.005622666,0.002126663,-0.000367749,0.001070029,0.000635161,-0.000222969,0.016133916,0.000863371,-0.003427031,0.001543726,0.013014170,-0.004925110,-0.005880386,-0.160197690,0.271830082,0.000000000,1.203345895,0.000000000,0.000000000,0.000000000,-0.333147794,-0.220251143,0.000000000,0.894250989,0.000000000,0.000000000,0.000000000
-0.040969271,-0.043242615,0.795857787,0.044853769,-0.033763975,-0.099874668,0.993414938,-0.003644711,0.000746848,-0.005592350,0.002308516,-0.000451229,0.001013514,0.000781085,-0.000404191,0.016397273,0.001089041,-0.003526959,0.001501510,0.013111598,-0.004820772,-0.005697586,-0.159851417,0.272101104,0.000000000,1.203425407,0.000000000,0.000000000,0.000000000,-0.332756430,-0.219839826,0.000000000,0.894461513,0.000000000,0.000000000,0.000000000
-0.040898681,-0.043319963,0.795852125,0.044888042,-0.033699192,-0.099772044,0.993425846,-0.003761786,0.000830281,-0.005559981,0.002452260,-0.000543674,0.000930382,0.000723780,-0.000448214,0.016426945,0.001238517,-0.003619343,0.001439796,0.013196436,-0.004810788,-0.005808620,-0.159963533,0.272510558,0.000000000,1.203347206,0.000000000,0.000000000,0.000000000,-0.332454205,-0.219689578,0.000000000,0.894593537,0.000000000,0.000000000,0.000000000
-0.040753782,-0.043476410,0.795858860,0.044996396,-0.033704419,-0.099472292,0.993450880,-0.003609936,0.001046450,-0.005595564,0.002568232,-0.000673317,0.000739727,0.000931872,-0.000313883,0.015982395,0.001445960,-0.003764902,0.001333355,0.013243787,-0.004831182,-0.005799604,-0.159899876,0.272439271,0.000000000,1.203791380,0.000000000,0.000000000,0.000000000,-0.331228971,-0.219469696,0.000000000,0.894890070,0.000000000,0.000000000,0.000000000
-0.040735029,-0.043504149,0.795859218,0.044996779,-0.033694904,-0.099438727,0.993454516,-0.003616260,0.001079263,-0.005553096,0.002561361,-0.000681982,0.000727605,0.000915781,-0.000284729,0.015915258,0.001489156,-0.003788573,0.001310577,0.013256404,-0.004817879,-0.005824641,-0.159919515,0.272425473,0.000000000,1.203889608,0.000000000,0.000000000,0.000000000,-0.331108212,-0.219418883,0.000000000,0.894925535,0.000000000,0.000000000,0.000000000
-0.040605087,-0.043706678,0.795853376,0.044876080,-0.033502214,-0.099316098,0.993478775,-0.004060901,0.001405121,-0.004905251,0.002529081,-0.000779943,0.000577004,0.000495320,0.000011186,0.015751479,0.001670214,-0.003951189,0.001176165,0.013578918,-0.004690391,-0.006286936,-0.160512835,0.272792965,0.000000000,1.204167724,0.000000000,0.000000000,0.000000000,-0.331088334,-0.219002545,0.000000000,0.894899070,0.000000000,0.000000000,0.000000000
-0.040559601,-0.043760762,0.795850217,0.044849183,-0.033447862,-0.099288702,0.993484557,-0.004177745,0.001486843,-0.004720872,0.002522843,-0.000815814,0.000518045,0.000383656,0.000097197,0.015753666,0.001708958,-0.004000513,0.001137761,0.013680344,-0.004665167,-0.006429995,-0.160650119,0.272876322,0.000000000,1.204243064,0.000000000,0.000000000,0.000000000,-0.331133097,-0.218957335,0.000000000,0.894828737,0.000000000,0.000000000,0.000000000
-0.040401142,-0.043915812,0.795839489,0.044864267,-0.033319645,-0.099133238,0.993503690,-0.004323441,0.001638332,-0.004659208,0.002500667,-0.000936063,0.000313082,0.000250108,0.000227079,0.015568466,0.001804050,-0.004130431,0.001024035,0.013901602,-0.004703131,-0.006716071,-0.161019579,0.273322970,0.000000000,1.204290628,0.000000000,0.000000000,0.000000000,-0.331111521,-0.219023779,0.000000000,0.894726515,0.000000000,0.000000000,0.000000000
-0.040236950,-0.044110205,0.795833290,0.044964027,-0.033271294,-0.098914079,0.993522644,-0.004279552,0.001840974,-0.004715110,0.002549900,-0.001069538,0.000072604,0.000343761,0.000315542,0.015147144,0.001969333,-0.004282337,0.000902024,0.014058755,-0.004804831,-0.006730626,-0.161179498,0.273729533,0.000000000,1.204630971,0.000000000,0.000000000,0.000000000,-0.331234634,-0.219014138,0.000000000,0.893978894,0.000000000,0.000000000,0.000000000
-0.040108092,-0.044317849,0.795823693,0.044979524,-0.033183962,-0.098753884,0.993540823,-0.004470457,0.002084865,-0.004618379,0.002660495,-0.001179494,-0.000102374,0.000271437,0.000563842,0.014738103,0.002125592,-0.004432590,0.000780388,0.014251129,-0.004831600,-0.006780562,-0.161869407,0.274409980,0.000000000,1.204966068,0.000000000,0.000000000,0.000000000,-0.331651092,-0.218628839,0.000000000,0.893566132,0.000000000,0.000000000,0.000000000
-0.040081434,-0.044363778,0.795820951,0.044974644,-0.033161875,-0.098724291,0.993544698,-0.004530233,0.002149234,-0.004569283,0.002692770,-0.001206809,-0.000151500,0.000239108,0.000633117,0.014653639,0.002157317,-0.004459700,0.000752306,0.014294337,-0.004831577,-0.006803048,-0.162051052,0.274549305,0.000000000,1.205077410,0.000000000,0.000000000,0.000000000,-0.331756055,-0.218523502,0.000000000,0.893510520,0.000000000,0.000000000,0.000000000
-0.039860677,-0.044722598,0.795801699,0.045030173,-0.033101324,-0.098467015,0.993569732,-0.004740698,0.002534243,-0.004251698,0.003062863,-0.001471594,-0.000565059,0.000296721,0.001337555,0.013782933,0.002393908,-0.004687474,0.000517418,0.014560584,-0.004831275,-0.006879062,-0.163076982,0.275061965,0.000000000,1.206201077,0.000000000,0.000000000,0.000000000,-0.332026452,-0.218005404,0.000000000,0.893094361,0.000000000,0.000000000,0.000000000
-0.039670683,-0.045062799,0.795785367,0.045111209,-0.033031363,-0.098200940,0.993594706,-0.004871788,0.002762190,-0.003830659,0.003320056,-0.001687181,-0.000881025,0.000343149,0.001814223,0.013362233,0.002615947,-0.004886656,0.000281556,0.014662754,-0.004830009,-0.007053819,-0.164008111,0.275197297,0.000000000,1.207320571,0.000000000,0.000000000,0.000000000,-0.332152605,-0.217817888,0.000000000,0.892824590,0.000000000,0.000000000,0.000000000
-0.039360661,-0.045486029,0.795777082,0.045235798,-0.032887124,-0.097657673,0.993647397,-0.005070137,0.003160633,-0.003441710,0.003730119,-0.002094253,-0.001458268,0.000322990,0.002088913,0.013027179,0.003016052,-0.005160164,-0.000012862,0.014562296,-0.004689443,-0.007287383,-0.165434346,0.275720477,0.000000000,1.208933949,0.000000000,0.000000000,0.000000000,-0.332239509,-0.217689186,0.000000000,0.892560840,0.000000000,0.000000000,0.000000000
-0.039232731,-0.045649700,0.795775712,0.045281235,-0.032815859,-0.097444385,0.993668616,-0.005257356,0.003382021,-0.003428425,0.003953651,-0.002204612,-0.001616633,0.000264037,0.002156914,0.013055163,0.003182276,-0.005261031,-0.000148980,0.014524627,-0.004634247,-0.007408147,-0.165968060,0.275871456,0.000000000,1.209812880,0.000000000,0.000000000,0.000000000,-0.332290918,-0.217701823,0.000000000,0.892474711,0.000000000,0.000000000,0.000000000
-0.039193522,-0.045707814,0.795774221,0.045284629,-0.032777507,-0.097372733,0.993676782,-0.005377005,0.003469574,-0.003427279,0.004040071,-0.002241492,-0.001678052,0.000212276,0.002192175,0.013013764,0.003231380,-0.005291746,-0.000187953,0.014519907,-0.004607799,-0.007473653,-0.166207582,0.275945485,0.000000000,1.210102916,0.000000000,0.000000000,0.000000000,-0.332358241,-0.217726916,0.000000000,0.892442822,0.000000000,0.000000000,0.000000000
-0.038985394,-0.046011597,0.795764804,0.045298211,-0.032636203,-0.097075202,0.993709922,-0.005914048,0.003928440,-0.003292836,0.004568917,-0.002469495,-0.002036195,0.000070291,0.002440226,0.013120810,0.003386498,-0.005422907,-0.000406814,0.014619037,-0.004463366,-0.007730498,-0.167298108,0.276542157,0.000000000,1.211338282,0.000000000,0.000000000,0.000000000,-0.332719147,-0.217494056,0.000000000,0.892454207,0.000000000,0.000000000,0.000000000
-0.038772773,-0.046326481,0.795749605,0.045354255,-0.032514077,-0.096802287,0.993737936,-0.006266125,0.004223975,-0.003189708,0.004980712,-0.002668345,-0.002351825,0.000072157,0.002740064,0.013282128,0.003428479,-0.005609213,-0.000764609,0.014763844,-0.004349271,-0.007941072,-0.168563977,0.277307302,0.000000000,1.211882830,0.000000000,0.000000000,0.000000000,-0.333023489,-0.217123121,0.000000000,0.893102050,0.000000000,0.000000000,0.000000000
-0.038729228,-0.046392441,0.795745313,0.045364905,-0.032485846,-0.096750475,0.993743420,-0.006332626,0.004270629,-0.003148829,0.005057707,-0.002721463,-0.002422504,0.000059131,0.002809585,0.013299420,0.003445380,-0.005644028,-0.000845913,0.014797970,-0.004324176,-0.007996033,-0.168816119,0.277425587,0.000000000,1.212022543,0.000000000,0.000000000,0.000000000,-0.333089292,-0.217042223,0.000000000,0.893121183,0.000000000,0.000000000,0.000000000
-0.038684983,-0.046459641,0.795740426,0.045371335,-0.032453708,-0.096701503,0.993748963,-0.006412361,0.004316590,-0.003104604,0.005139719,-0.002780273,-0.002496691,0.000046389,0.002896253,0.013230764,0.003460879,-0.005684139,-0.000926501,0.014828562,-0.004299028,-0.008056107,-0.169081733,0.277563125,0.000000000,1.212151647,0.000000000,0.000000000,0.000000000,-0.333175361,-0.216947198,0.000000000,0.893143058,0.000000000,0.000000000,0.000000000
-0.038639419,-0.046527538,0.795734882,0.045375220,-0.032418597,-0.096656293,0.993754327,-0.006499761,0.004367080,-0.003039573,0.005214199,-0.002835983,-0.002572196,0.000025393,0.002974637,0.013225616,0.003473778,-0.005724487,-0.001007124,0.014867781,-0.004270231,-0.008121995,-0.169348657,0.277700782,0.000000000,1.212291956,0.000000000,0.000000000,0.000000000,-0.333279520,-0.216862902,0.000000000,0.893151283,0.000000000,0.000000000,0.000000000
-0.038592853,-0.046597064,0.795729339,0.045380231,-0.032387149,-0.096613422,0.993759274,-0.006573586,0.004422935,-0.002959635,0.005278497,-0.002886025,-0.002644204,-0.000007847,0.003063892,0.013243990,0.003508931,-0.005773683,-0.001083647,0.014906445,-0.004246304,-0.008179504,-0.169591710,0.277830750,0.000000000,1.212460279,0.000000000,0.000000000,0.000000000,-0.333370745,-0.216783777,0.000000000,0.893155575,0.000000000,0.000000000,0.000000000
-0.036991369,-0.048400261,0.795636833,0.045718357,-0.031614598,-0.095048487,0.993919551,-0.007834847,0.005724953,-0.001267628,0.006951809,-0.004291588,-0.004692678,0.000193287,0.004812566,0.013050378,0.004014149,-0.006798971,-0.002885416,0.015609544,-0.003696861,-0.009395093,-0.176744908,0.280512452,0.000000000,1.221429467,0.000000000,0.000000000,0.000000000,-0.334443212,-0.216241464,0.000000000,0.894793212,0.000000000,0.000000000,0.000000000
-0.036564190,-0.048801269,0.795611382,0.045790292,-0.031443745,-0.094673358,0.993957520,-0.008218961,0.006043616,-0.000928168,0.007619369,-0.004708511,-0.005107873,0.000399499,0.005258727,0.013348615,0.003894156,-0.007017399,-0.003332115,0.015803156,-0.003494674,-0.009656047,-0.178648680,0.281079441,0.000000000,1.224050403,0.000000000,0.000000000,0.000000000,-0.334854335,-0.215978369,0.000000000,0.895729303,0.000000000,0.000000000,0.000000000
-0.036386512,-0.048960231,0.795602918,0.045843441,-0.031401079,-0.094502106,0.993972659,-0.008288572,0.006187126,-0.000928306,0.007878374,-0.004869153,-0.005293247,0.000556555,0.005383599,0.013591773,0.003846713,-0.007108286,-0.003533079,0.015849624,-0.003405020,-0.009678213,-0.179311439,0.281287938,0.000000000,1.225091338,0.000000000,0.000000000,0.000000000,-0.334953070,-0.215849519,0.000000000,0.896143138,0.000000000,0.000000000,0.000000000
-0.036037903,-0.049293149,0.795582831,0.045941543,-0.031284105,-0.094194300,0.994001091,-0.008553888,0.006434943,-0.000960999,0.008472868,-0.005207954,-0.005631998,0.000827643,0.005679332,0.013913359,0.003744609,-0.007310935,-0.003979998,0.015980361,-0.003237343,-0.009751839,-0.180762365,0.281737238,0.000000000,1.226907969,0.000000000,0.000000000,0.000000000,-0.335322618,-0.215586498,0.000000000,0.897035003,0.000000000,0.000000000,0.000000000
-0.035696812,-0.049639553,0.795562923,0.046051968,-0.031193964,-0.093975522,0.994019508,-0.008789883,0.006684952,-0.000886860,0.009108942,-0.005550172,-0.005958420,0.001108020,0.005940448,0.014383179,0.003726617,-0.007546115,-0.004399054,0.016265573,-0.003063979,-0.009739431,-0.182054117,0.282233030,0.000000000,1.228370070,0.000000000,0.000000000,0.000000000,-0.335709631,-0.215228826,0.000000000,0.898207903,0.000000000,0.000000000,0.000000000
-0.035122328,-0.050291326,0.795522451,0.046144042,-0.030932222,-0.093696490,0.994049728,-0.009718787,0.007156034,-0.000738609,0.010535967,-0.006218384,-0.006667157,0.001276293,0.006618842,0.014882028,0.003767516,-0.007976374,-0.005096992,0.017008523,-0.002746894,-0.009926599,-0.184652075,0.283402324,0.000000000,1.228886843,0.000000000,0.000000000,0.000000000,-0.336772889,-0.214664117,0.000000000,0.901440322,0.000000000,0.000000000,0.000000000
-0.034868795,-0.050580271,0.795504034,0.046179090,-0.030777134,-0.093576394,0.994064271,-0.010283336,0.007282770,-0.000412334,0.011263796,-0.006517879,-0.007005254,0.001239982,0.006931970,0.014988311,0.003842697,-0.008195493,-0.005432248,0.017350504,-0.002633352,-0.010050958,-0.185762063,0.283659905,0.000000000,1.229109168,0.000000000,0.000000000,0.000000000,-0.337213814,-0.214551285,0.000000000,0.903103054,0.000000000,0.000000000,0.000000000
-0.034227211,-0.051258776,0.795471251,0.046366882,-0.030566199,-0.093351103,0.994083166,-0.011298510,0.007435293,0.000461735,0.013163260,-0.007286446,-0.007761873,0.001646355,0.007554051,0.015483935,0.003945037,-0.008712234,-0.006565783,0.018322920,-0.002433163,-0.010043084,-0.187685937,0.284016460,0.000000000,1.230703473,0.000000000,0.000000000,0.000000000,-0.337843984,-0.213886857,0.000000000,0.906792939,0.000000000,0.000000000,0.000000000
-0.033773530,-0.051735666,0.795440972,0.046500005,-0.030462814,-0.093190290,0.994095206,-0.012086753,0.007612336,0.001216344,0.014740676,-0.007871375,-0.008298171,0.002071757,0.007869069,0.016541164,0.003883553,-0.009082605,-0.007445337,0.019087503,-0.002243155,-0.009883928,-0.189175695,0.284169048,0.000000000,1.233814120,0.000000000,0.000000000,0.000000000,-0.338601351,-0.212869719,0.000000000,0.908889592,0.000000000,0.000000000,0.000000000
-0.033322714,-0.052202750,0.795416296,0.046718232,-0.030514756,-0.092884079,0.994112074,-0.012525763,0.007987184,0.001921254,0.016409248,-0.008481805,-0.008932010,0.002923892,0.008193301,0.017482085,0.003805110,-0.009432627,-0.008285121,0.019732773,-0.002045003,-0.009429503,-0.190568671,0.284104079,0.000000000,1.238089085,0.000000000,0.000000000,0.000000000,-0.338918328,-0.211794123,0.000000000,0.910956800,0.000000000,0.000000000,0.000000000
-0.033166427,-0.052393056,0.795407593,0.046801414,-0.030467309,-0.092688590,0.994127870,-0.012901198,0.008082768,0.002013498,0.017162725,-0.008743713,-0.009215184,0.003150705,0.008312421,0.017596826,0.003755209,-0.009559671,-0.008598033,0.019890912,-0.001973648,-0.009356074,-0.191478848,0.283834010,0.000000000,1.239682794,0.000000000,0.000000000,0.000000000,-0.339178741,-0.211600304,0.000000000,0.911727190,0.000000000,0.000000000,0.000000000
-0.032718558,-0.053000256,0.795382082,0.046897437,-0.030125320,-0.092076108,0.994190693,-0.014813871,0.008542420,0.001733859,0.019759940,-0.009627461,-0.010125583,0.003283594,0.008917509,0.017460039,0.003653303,-0.009978209,-0.009471555,0.020412277,-0.001646280,-0.009519603,-0.195434883,0.283268750,0.000000000,1.242868781,0.000000000,0.000000000,0.000000000,-0.340668857,-0.211178318,0.000000000,0.913789749,0.000000000,0.000000000,0.000000000
-0.032257825,-0.053626906,0.795358121,0.046850551,-0.029712478,-0.091826208,0.994228423,-0.017611526,0.009001995,0.000872939,0.023202701,-0.010615074,-0.011037534,0.003104415,0.009757116,0.017458253,0.003634275,-0.010428846,-0.010460369,0.021671627,-0.001341691,-0.009896287,-0.199272558,0.283178151,0.000000000,1.243799329,0.000000000,0.000000000,0.000000000,-0.343029678,-0.209888980,0.000000000,0.915921986,0.000000000,0.000000000,0.000000000
-0.031803757,-0.054287668,0.795334339,0.046987675,-0.029587528,-0.091849513,0.994223535,-0.020368963,0.009501625,0.000338692,0.027669156,-0.011720607,-0.011947999,0.003646926,0.010355778,0.018708501,0.003615066,-0.010881969,-0.011816654,0.023565790,-0.001259265,-0.009711861,-0.201146096,0.283329457,0.000000000,1.243216395,0.000000000,0.000000000,0.000000000,-0.345053732,-0.207538009,0.000000000,0.917811811,0.000000000,0.000000000,0.000000000
-0.031660795,-0.054519214,0.795325696,0.047080893,-0.029607382,-0.091863140,0.994217277,-0.021211889,0.009574855,0.000169121,0.029361142,-0.012150411,-0.012240310,0.004000088,0.010514091,0.019347670,0.003575435,-0.011023476,-0.012308935,0.024259899,-0.001255529,-0.009504003,-0.201429024,0.283540428,0.000000000,1.242868304,0.000000000,0.000000000,0.000000000,-0.345556825,-0.206624672,0.000000000,0.918447793,0.000000000,0.000000000,0.000000000
-0.031336129,-0.055115782,0.795296431,0.047392644,-0.029738730,-0.091768019,0.994207323,-0.023402635,0.009780725,-0.000672482,0.034191854,-0.013366839,-0.012924719,0.005209411,0.010906553,0.021166967,0.003369805,-0.011390273,-0.013533658,0.025917631,-0.001285562,-0.008731422,-0.201967269,0.284134775,0.000000000,1.242223144,0.000000000,0.000000000,0.000000000,-0.346520126,-0.204242706,0.000000000,0.920714855,0.000000000,0.000000000,0.000000000
-0.031172246,-0.055499084,0.795271575,0.047622576,-0.029777143,-0.091578603,0.994212627,-0.025146922,0.009963705,-0.001167766,0.037632577,-0.014185036,-0.013263116,0.005886547,0.011053297,0.022269456,0.003265534,-0.011616543,-0.014197614,0.026758604,-0.001311891,-0.008263598,-0.202547625,0.284251690,0.000000000,1.242241025,0.000000000,0.000000000,0.000000000,-0.346910477,-0.203293473,0.000000000,0.921917796,0.000000000,0.000000000,0.000000000
-0.030681062,-0.056748316,0.795198739,0.048438851,-0.029968387,-0.090529568,0.994263530,-0.030209046,0.010591004,-0.002584265,0.048488829,-0.016896389,-0.014330935,0.008170946,0.011418363,0.024824020,0.003205790,-0.012314411,-0.016036913,0.029011657,-0.001235457,-0.006563049,-0.204734787,0.284136891,0.000000000,1.243459225,0.000000000,0.000000000,0.000000000,-0.347771227,-0.200373277,0.000000000,0.925042748,0.000000000,0.000000000,0.000000000
-0.030379098,-0.057501148,0.795160472,0.048648357,-0.029817889,-0.089835025,0.994320810,-0.033862162,0.011312013,-0.002852125,0.054621857,-0.018495219,-0.015058150,0.008542118,0.011869861,0.025987165,0.003366202,-0.012534214,-0.017050233,0.030310716,-0.000959365,-0.006155132,-0.206990212,0.284191102,0.000000000,1.244407773,0.000000000,0.000000000,0.000000000,-0.349895507,-0.198117554,0.000000000,0.925916910,0.000000000,0.000000000,0.000000000
-0.030049318,-0.058366321,0.795118332,0.048748739,-0.029386645,-0.088869669,0.994415462,-0.038977895,0.012347864,-0.003680616,0.061869878,-0.020243019,-0.016095785,0.008149764,0.012304506,0.026766488,0.003887875,-0.012981741,-0.018331397,0.031832132,-0.000529422,-0.006243455,-0.210256830,0.284266710,0.000000000,1.245063424,0.000000000,0.000000000,0.000000000,-0.353635132,-0.194782600,0.000000000,0.926715553,0.000000000,0.000000000,0.000000000
-0.029999416,-0.058500003,0.795110226,0.048778858,-0.029312572,-0.088675074,0.994433582,-0.039850682,0.012465537,-0.003907129,0.063101716,-0.020520044,-0.016285421,0.008111805,0.012363384,0.026863158,0.003957242,-0.013066416,-0.018559230,0.032070938,-0.000483323,-0.006230447,-0.210772529,0.284282655,0.000000000,1.245075226,0.000000000,0.000000000,0.000000000,-0.354208887,-0.194230437,0.000000000,0.926834881,0.000000000,0.000000000,0.000000000
-0.029894192,-0.058760840,0.795091748,0.048864566,-0.029168818,-0.088253677,0.994471073,-0.041507784,0.012704161,-0.004387459,0.065524980,-0.021084948,-0.016665492,0.008083374,0.012469946,0.026933730,0.004084348,-0.013237923,-0.019018577,0.032513503,-0.000410165,-0.006165361,-0.211725444,0.284325778,0.000000000,1.244996190,0.000000000,0.000000000,0.000000000,-0.355216801,-0.193117306,0.000000000,0.927172601,0.000000000,0.000000000,0.000000000
-0.029839719,-0.058888633,0.795081019,0.048916586,-0.029097980,-0.088029787,0.994490445,-0.042292096,0.012754964,-0.004588720,0.066714123,-0.021379499,-0.016853323,0.008090763,0.012508071,0.026912585,0.004145384,-0.013324524,-0.019250818,0.032717027,-0.000379934,-0.006111133,-0.212206066,0.284360975,0.000000000,1.244908333,0.000000000,0.000000000,0.000000000,-0.355638593,-0.192647725,0.000000000,0.927318096,0.000000000,0.000000000,0.000000000
-0.029784780,-0.059014335,0.795069396,0.048972353,-0.029026013,-0.087794669,0.994510591,-0.043095529,0.012784098,-0.004801873,0.067928746,-0.021665668,-0.017047254,0.008096626,0.012543402,0.026874712,0.004208154,-0.013405832,-0.019488128,0.032914627,-0.000352440,-0.006030043,-0.212687179,0.284408063,0.000000000,1.244799376,0.000000000,0.000000000,0.000000000,-0.356069058,-0.192259982,0.000000000,0.927386999,0.000000000,0.000000000,0.000000000
-0.029734725,-0.059140909,0.795056403,0.049027938,-0.028958630,-0.087555066,0.994530916,-0.044035364,0.012819177,-0.004932940,0.069288433,-0.021945691,-0.017236803,0.008108346,0.012574234,0.026868591,0.004268265,-0.013483097,-0.019727081,0.033106308,-0.000313677,-0.005909983,-0.213157386,0.284482300,0.000000000,1.244660139,0.000000000,0.000000000,0.000000000,-0.356483907,-0.191900000,0.000000000,0.927424610,0.000000000,0.000000000,0.000000000
-0.029682886,-0.059270214,0.795042157,0.049091820,-0.028899873,-0.087305628,0.994551420,-0.044842381,0.012938106,-0.005054518,0.070537977,-0.022235779,-0.017419500,0.008148806,0.012592905,0.026878418,0.004317711,-0.013561805,-0.019959014,0.033283778,-0.000264158,-0.005751431,-0.213585258,0.284537554,0.000000000,1.244532347,0.000000000,0.000000000,0.000000000,-0.356826872,-0.191578716,0.000000000,0.927453101,0.000000000,0.000000000,0.000000000
-0.027986949,-0.063395143,0.794412553,0.050717782,-0.027486477,-0.079549611,0.995160341,-0.066411905,0.017594608,-0.008547230,0.104374245,-0.030448411,-0.022825673,0.010860866,0.014936723,0.025597833,0.003488054,-0.015601287,-0.026040550,0.036794025,0.002390103,-0.002629533,-0.221230388,0.288183540,0.000000000,1.239328861,0.000000000,0.000000000,0.000000000,-0.362792999,-0.182965696,0.000000000,0.931837142,0.000000000,0.000000000,0.000000000
-0.027642215,-0.064339466,0.794207990,0.050902359,-0.026922256,-0.077454560,0.995331585,-0.072827719,0.018698838,-0.009623063,0.113418087,-0.032510500,-0.024397118,0.010978485,0.015534386,0.024575140,0.003097393,-0.016043730,-0.027310966,0.037384085,0.003245866,-0.002280520,-0.223313451,0.289762229,0.000000000,1.237317204,0.000000000,0.000000000,0.000000000,-0.365582079,-0.180558160,0.000000000,0.932346761,0.000000000,0.000000000,0.000000000
-0.027507931,-0.064624205,0.794135034,0.051029399,-0.026814634,-0.076737896,0.995383501,-0.074960344,0.018892599,-0.009795033,0.116758607,-0.033225480,-0.024988605,0.011272936,0.015698379,0.024327951,0.002912543,-0.016183736,-0.027683007,0.037609708,0.003507655,-0.001988789,-0.223716363,0.290370971,0.000000000,1.236596107,0.000000000,0.000000000,0.000000000,-0.366094619,-0.179555625,0.000000000,0.932589948,0.000000000,0.000000000,0.000000000
-0.027119493,-0.065518260,0.793887556,0.051580306,-0.026635954,-0.074551269,0.995526016,-0.080945119,0.019645255,-0.009667462,0.127095088,-0.035484184,-0.026971960,0.012517462,0.016007951,0.023939228,0.002443802,-0.016562017,-0.028966114,0.038426429,0.004230405,-0.000707878,-0.224324495,0.292130798,0.000000000,1.234687567,0.000000000,0.000000000,0.000000000,-0.366672784,-0.176542550,0.000000000,0.933263779,0.000000000,0.000000000,0.000000000
-0.026753759,-0.066444315,0.793588817,0.052219968,-0.026690815,-0.072542794,0.995639622,-0.087047555,0.020271862,-0.009057053,0.138507396,-0.037920106,-0.028992610,0.014220545,0.016243283,0.023827629,0.002138718,-0.016915463,-0.030503787,0.039729889,0.005048760,0.000944215,-0.224092305,0.293957710,0.000000000,1.233562112,0.000000000,0.000000000,0.000000000,-0.366342962,-0.173055217,0.000000000,0.933830976,0.000000000,0.000000000,0.000000000
-0.026704710,-0.066609226,0.793533683,0.052300084,-0.026687173,-0.072244614,0.995657146,-0.088220559,0.020485437,-0.008935037,0.140540779,-0.038342111,-0.029329788,0.014439623,0.016323335,0.023871602,0.002097355,-0.016978567,-0.030817721,0.040023014,0.005207149,0.001179333,-0.224098518,0.294287831,0.000000000,1.233463049,0.000000000,0.000000000,0.000000000,-0.366368592,-0.172438711,0.000000000,0.933895707,0.000000000,0.000000000,0.000000000
-0.026508827,-0.067446679,0.793227196,0.052536502,-0.026508436,-0.070801847,0.995753169,-0.094735250,0.021260580,-0.008697314,0.151076719,-0.040527459,-0.031097785,0.014965951,0.016870001,0.023889428,0.001944369,-0.017270194,-0.032579813,0.041613288,0.006101468,0.002051804,-0.224493340,0.296078712,0.000000000,1.233119488,0.000000000,0.000000000,0.000000000,-0.367121220,-0.169452861,0.000000000,0.934119463,0.000000000,0.000000000,0.000000000
-0.026265830,-0.068562202,0.792934835,0.052896641,-0.026302449,-0.068535000,0.995898128,-0.104344770,0.022476818,-0.009057942,0.166912168,-0.043441534,-0.034011792,0.015899869,0.017739212,0.023255832,0.001539499,-0.017830949,-0.034933247,0.043489855,0.007573317,0.003565129,-0.224189118,0.298363149,0.000000000,1.232672930,0.000000000,0.000000000,0.000000000,-0.367743433,-0.165513873,0.000000000,0.934448242,0.000000000,0.000000000,0.000000000
-0.026099235,-0.069054820,0.792916179,0.053176977,-0.026371688,-0.067468069,0.995954216,-0.108210117,0.023030607,-0.009585151,0.174103945,-0.044630010,-0.035443723,0.016941268,0.018059691,0.022530861,0.001178339,-0.018054012,-0.035757188,0.044189900,0.008249646,0.004610993,-0.223141953,0.299175233,0.000000000,1.232388616,0.000000000,0.000000000,0.000000000,-0.367292225,-0.163836852,0.000000000,0.934717774,0.000000000,0.000000000,0.000000000
-0.025932407,-0.069559447,0.792921722,0.053510465,-0.026507378,-0.066340894,0.996008456,-0.112205490,0.023330232,-0.010087434,0.181765780,-0.045788255,-0.037043154,0.018233623,0.018367337,0.021815879,0.000719316,-0.018203892,-0.036543697,0.044799700,0.008925446,0.005828085,-0.221655101,0.299989402,0.000000000,1.231898904,0.000000000,0.000000000,0.000000000,-0.366418898,-0.162343144,0.000000000,0.935030520,0.000000000,0.000000000,0.000000000
-0.025558924,-0.070910886,0.792976856,0.054344889,-0.026786618,-0.063248187,0.996156991,-0.124376811,0.023562426,-0.008207804,0.204094902,-0.048834540,-0.042070512,0.021221582,0.018882314,0.021273525,-0.000560979,-0.018323991,-0.038919665,0.046422143,0.010797326,0.009019450,-0.217528388,0.302445799,0.000000000,1.229779482,0.000000000,0.000000000,0.000000000,-0.363702744,-0.158642918,0.000000000,0.936653018,0.000000000,0.000000000,0.000000000
-0.025397753,-0.071934067,0.792986035,0.054633133,-0.026618993,-0.061017815,0.996284842,-0.135367110,0.023862818,-0.005692313,0.221961305,-0.050852977,-0.046378121,0.022065250,0.019643381,0.020675562,-0.001228428,-0.018487882,-0.041058332,0.047701437,0.012352102,0.010775268,-0.215402186,0.304863274,0.000000000,1.227373600,0.000000000,0.000000000,0.000000000,-0.362695485,-0.155180052,0.000000000,0.938200593,0.000000000,0.000000000,0.000000000
-0.025369626,-0.072102346,0.792983353,0.054639947,-0.026550416,-0.060646951,0.996308923,-0.137335584,0.024003731,-0.005012278,0.224947900,-0.051136527,-0.047084332,0.022033505,0.019815074,0.020592654,-0.001273039,-0.018519895,-0.041471254,0.047925413,0.012630773,0.011006528,-0.215163291,0.305354893,0.000000000,1.226856589,0.000000000,0.000000000,0.000000000,-0.362746477,-0.154566452,0.000000000,0.938415945,0.000000000,0.000000000,0.000000000
-0.025247430,-0.072766729,0.792961419,0.054678887,-0.026259728,-0.059123151,0.996406078,-0.145354524,0.024531137,-0.002858941,0.236975983,-0.052046116,-0.049751181,0.021691976,0.020397417,0.020315718,-0.001263213,-0.018575337,-0.043151099,0.048757762,0.013708460,0.011989636,-0.214115188,0.307178974,0.000000000,1.224678993,0.000000000,0.000000000,0.000000000,-0.362956554,-0.152368367,0.000000000,0.939184070,0.000000000,0.000000000,0.000000000
-0.025071615,-0.073379628,0.792941391,0.054923624,-0.026170650,-0.057575781,0.996485591,-0.152518034,0.025227157,-0.001053829,0.248696730,-0.052610282,-0.052335899,0.021987295,0.020680521,0.019922145,-0.001246399,-0.018621357,-0.044682767,0.049545802,0.014633521,0.013459193,-0.211934239,0.308887005,0.000000000,1.222094774,0.000000000,0.000000000,0.000000000,-0.362181783,-0.150501639,0.000000000,0.939740837,0.000000000,0.000000000,0.000000000
-0.024644202,-0.074541278,0.792939067,0.055881329,-0.026534401,-0.054195594,0.996612310,-0.166880712,0.025259122,0.002520226,0.274659187,-0.052688714,-0.058603946,0.025019921,0.020946154,0.019270964,-0.002241043,-0.018614901,-0.047622871,0.051359843,0.016323270,0.017939460,-0.204367682,0.312366515,0.000000000,1.215882421,0.000000000,0.000000000,0.000000000,-0.358379126,-0.146613017,0.000000000,0.940654337,0.000000000,0.000000000,0.000000000
-0.024602050,-0.074656248,0.792943597,0.055969574,-0.026575007,-0.053859070,0.996624470,-0.168484092,0.025257071,0.002790662,0.277515203,-0.052600499,-0.059357550,0.025397940,0.020990297,0.019243930,-0.002441218,-0.018599210,-0.047936067,0.051606525,0.016486164,0.018416965,-0.203474253,0.312726140,0.000000000,1.215241194,0.000000000,0.000000000,0.000000000,-0.358021617,-0.146100327,0.000000000,0.940787315,0.000000000,0.000000000,0.000000000
-0.024414146,-0.075264223,0.792976439,0.056511093,-0.026766798,-0.051850028,0.996695340,-0.178433150,0.025462503,0.003620340,0.294740111,-0.051770475,-0.063742042,0.027807701,0.021392813,0.018592956,-0.003977911,-0.018411996,-0.049946830,0.053010870,0.017356522,0.021147082,-0.198101416,0.314735800,0.000000000,1.211511254,0.000000000,0.000000000,0.000000000,-0.355957806,-0.143279567,0.000000000,0.941735566,0.000000000,0.000000000,0.000000000
-0.024340147,-0.075685591,0.792980611,0.056999080,-0.026867129,-0.050223522,0.996748149,-0.186992183,0.025793446,0.003715407,0.309403002,-0.050688572,-0.066785604,0.029801970,0.021717066,0.018330703,-0.005491587,-0.018220091,-0.051694840,0.054113463,0.017874926,0.023265507,-0.193530723,0.316037357,0.000000000,1.208961606,0.000000000,0.000000000,0.000000000,-0.354320437,-0.140967131,0.000000000,0.942796230,0.000000000,0.000000000,0.000000000
-0.024268318,-0.076086931,0.792993784,0.057722993,-0.026900981,-0.048075307,0.996811509,-0.196875602,0.026458479,0.002763973,0.326687545,-0.048693608,-0.069825910,0.032243147,0.021695290,0.017297594,-0.007436091,-0.017951455,-0.053531185,0.054964211,0.018238058,0.025845146,-0.187735364,0.316720009,0.000000000,1.206743836,0.000000000,0.000000000,0.000000000,-0.351974308,-0.139719337,0.000000000,0.944056809,0.000000000,0.000000000,0.000000000
-0.024329919,-0.076454349,0.793012381,0.058432914,-0.026915556,-0.046012580,0.996867061,-0.208233714,0.027446169,0.001844699,0.345298231,-0.046052456,-0.073068872,0.034889329,0.021290198,0.016055012,-0.009789045,-0.017524401,-0.054859772,0.055567268,0.018429749,0.028413977,-0.181266174,0.316436440,0.000000000,1.205914855,0.000000000,0.000000000,0.000000000,-0.349572659,-0.138759956,0.000000000,0.945482135,0.000000000,0.000000000,0.000000000
-0.024611503,-0.076676309,0.792998910,0.058909848,-0.026869113,-0.044352658,0.996915519,-0.218777895,0.027891554,-0.000393307,0.361770868,-0.043671783,-0.076029398,0.037009120,0.020778969,0.014912636,-0.012055455,-0.017064041,-0.055468980,0.055921286,0.018542631,0.030386252,-0.175671160,0.315703303,0.000000000,1.206006408,0.000000000,0.000000000,0.000000000,-0.347935110,-0.137930453,0.000000000,0.946953416,0.000000000,0.000000000,0.000000000
-0.024693405,-0.076717921,0.792986453,0.058974814,-0.026822601,-0.044032857,0.996927083,-0.221011624,0.028151965,-0.000827211,0.365037560,-0.043200050,-0.076635160,0.037328962,0.020683004,0.014677716,-0.012527451,-0.016975455,-0.055535566,0.055983182,0.018560316,0.030713782,-0.174627215,0.315532535,0.000000000,1.206070542,0.000000000,0.000000000,0.000000000,-0.347770631,-0.137723744,0.000000000,0.947387278,0.000000000,0.000000000,0.000000000
-0.024782050,-0.076758310,0.792969286,0.059032213,-0.026769347,-0.043723315,0.996938765,-0.223354921,0.028388452,-0.001336653,0.368409306,-0.042755049,-0.077225268,0.037625719,0.020592051,0.014421651,-0.012995912,-0.016897695,-0.055585749,0.056046475,0.018577179,0.031033041,-0.173595071,0.315360785,0.000000000,1.206154704,0.000000000,0.000000000,0.000000000,-0.347659349,-0.137469396,0.000000000,0.947742283,0.000000000,0.000000000,0.000000000
-0.024870848,-0.076793872,0.792948306,0.059075959,-0.026712872,-0.043430340,0.996950507,-0.225531325,0.028643912,-0.002053916,0.371599019,-0.042370982,-0.077828296,0.037904277,0.020525634,0.014157569,-0.013466053,-0.016829360,-0.055620309,0.056124050,0.018598987,0.031341422,-0.172568917,0.315202147,0.000000000,1.206257582,0.000000000,0.000000000,0.000000000,-0.347615480,-0.137151092,0.000000000,0.948099613,0.000000000,0.000000000,0.000000000
-0.024957400,-0.076826669,0.792922020,0.059119482,-0.026662974,-0.043149780,0.996961415,-0.227730006,0.028963521,-0.002782060,0.374835193,-0.042043071,-0.078434497,0.038200144,0.020470116,0.013898580,-0.013943771,-0.016762273,-0.055644862,0.056206934,0.018619170,0.031661756,-0.171516299,0.315047115,0.000000000,1.206376433,0.000000000,0.000000000,0.000000000,-0.347573549,-0.136784375,0.000000000,0.948475778,0.000000000,0.000000000,0.000000000
-0.022576798,-0.072405413,0.791550219,0.058746438,-0.026473701,-0.039568763,0.997137070,-0.264490187,0.037812803,-0.010192974,0.427199632,-0.046238132,-0.081388243,0.045927547,0.022133462,0.008755424,-0.024819730,-0.015910327,-0.054609984,0.060235694,0.019849058,0.038465444,-0.149176598,0.314516068,0.000000000,1.212665558,0.000000000,0.000000000,0.000000000,-0.351969808,-0.129450500,0.000000000,0.951702237,0.000000000,0.000000000,0.000000000
-0.019799542,-0.068342395,0.791470766,0.058494918,-0.026461342,-0.038729500,0.997185111,-0.269086093,0.039311703,-0.008895879,0.427373111,-0.047784232,-0.072995029,0.048647691,0.022663655,0.008882152,-0.028641246,-0.015576774,-0.054046538,0.061099373,0.019969480,0.040130831,-0.143775076,0.313691854,0.000000000,1.216638327,0.000000000,0.000000000,0.000000000,-0.354046911,-0.130214065,0.000000000,0.951479375,0.000000000,0.000000000,0.000000000
-0.018857468,-0.067045838,0.791463077,0.058363900,-0.026447177,-0.038266808,0.997211039,-0.269883484,0.039219070,-0.007436093,0.423555046,-0.047713093,-0.067875370,0.049999695,0.022911919,0.008800310,-0.030463230,-0.015456106,-0.053783879,0.061300308,0.019994659,0.040933702,-0.141388386,0.313185871,0.000000000,1.219047308,0.000000000,0.000000000,0.000000000,-0.354921132,-0.130640075,0.000000000,0.952038407,0.000000000,0.000000000,0.000000000
-0.018379068,-0.066422716,0.791464329,0.058227398,-0.026386017,-0.037997104,0.997230947,-0.270084471,0.038992319,-0.005888654,0.419591337,-0.047257848,-0.064399891,0.050692126,0.023240106,0.008668893,-0.031603664,-0.015410353,-0.053596064,0.061399721,0.019973842,0.041348327,-0.140023187,0.312829077,0.000000000,1.220762730,0.000000000,0.000000000,0.000000000,-0.355611682,-0.130848840,0.000000000,0.952596426,0.000000000,0.000000000,0.000000000
-0.016980911,-0.065016948,0.791376889,0.056817926,-0.025026200,-0.037031624,0.997383595,-0.269269735,0.037822310,0.007946086,0.389125139,-0.041083768,-0.047066182,0.051116310,0.025121247,0.008121348,-0.036671534,-0.015537006,-0.052639093,0.061476644,0.019295741,0.040687159,-0.138646096,0.311319530,0.000000000,1.228750229,0.000000000,0.000000000,0.000000000,-0.362428725,-0.132879794,0.000000000,0.956018209,0.000000000,0.000000000,0.000000000
-0.016071688,-0.064554900,0.791251242,0.056127969,-0.024394782,-0.037022162,0.997438669,-0.265153348,0.036061194,0.020294473,0.365686446,-0.035515063,-0.039622340,0.051942438,0.026148973,0.010157164,-0.039756931,-0.015661119,-0.052311875,0.061711345,0.018356925,0.040544517,-0.137288347,0.310325891,0.000000000,1.232579708,0.000000000,0.000000000,0.000000000,-0.366069525,-0.134555429,0.000000000,0.957277715,0.000000000,0.000000000,0.000000000
-0.015863407,-0.064455852,0.791223109,0.056044016,-0.024345832,-0.037026335,0.997444451,-0.264091849,0.035403926,0.022900993,0.361050278,-0.034398641,-0.038396243,0.052413460,0.026310187,0.010550281,-0.040443029,-0.015690217,-0.052271441,0.061710764,0.018157005,0.040657178,-0.136746794,0.310102552,0.000000000,1.233263493,0.000000000,0.000000000,0.000000000,-0.366544157,-0.134944722,0.000000000,0.957446456,0.000000000,0.000000000,0.000000000
-0.014821994,-0.063928865,0.791050971,0.055600438,-0.024237230,-0.037008651,0.997472584,-0.259918988,0.031690743,0.032697275,0.340722084,-0.030845383,-0.032060817,0.055163264,0.027036669,0.011904399,-0.043854199,-0.015841650,-0.052038472,0.061358809,0.017291127,0.041144494,-0.134105638,0.309120417,0.000000000,1.236526251,0.000000000,0.000000000,0.000000000,-0.368811578,-0.137020171,0.000000000,0.958078623,0.000000000,0.000000000,0.000000000
-0.013821030,-0.063307233,0.790794253,0.054725286,-0.024060706,-0.036848679,0.997531176,-0.258815646,0.030893078,0.032420855,0.325442493,-0.028055679,-0.023288433,0.057659499,0.027735837,0.012693376,-0.047208369,-0.016058788,-0.051330477,0.060667094,0.016602598,0.040817484,-0.133274183,0.308937550,0.000000000,1.239947915,0.000000000,0.000000000,0.000000000,-0.372137159,-0.139191359,0.000000000,0.958708167,0.000000000,0.000000000,0.000000000
-0.012557387,-0.062399082,0.790379643,0.053260155,-0.023781478,-0.036747832,0.997620881,-0.258582264,0.036749788,0.027398745,0.310300171,-0.023856107,-0.014618170,0.058668870,0.028886486,0.013509931,-0.049200226,-0.016642774,-0.050031260,0.059651196,0.015999291,0.039530959,-0.134134293,0.309291482,0.000000000,1.244206429,0.000000000,0.000000000,0.000000000,-0.376585394,-0.142127767,0.000000000,0.959782064,0.000000000,0.000000000,0.000000000
-0.011435235,-0.061421186,0.790051401,0.052070543,-0.023975573,-0.037578396,0.997648060,-0.255743325,0.043848734,0.026218366,0.297973752,-0.021528678,-0.010195058,0.059123792,0.030234898,0.015272761,-0.049148675,-0.017509079,-0.049213886,0.059933085,0.015215281,0.039102837,-0.133638605,0.309594780,0.000000000,1.247678161,0.000000000,0.000000000,0.000000000,-0.378978163,-0.143189490,0.000000000,0.961262584,0.000000000,0.000000000,0.000000000
-0.010035992,-0.060002148,0.789717972,0.051073782,-0.024933944,-0.039656736,0.997595668,-0.250444233,0.051576644,0.025734527,0.285379112,-0.019272767,-0.007506316,0.061654910,0.032113999,0.017604901,-0.048978213,-0.018965177,-0.048882190,0.061497416,0.013496061,0.040065732,-0.130820021,0.309265643,0.000000000,1.252394080,0.000000000,0.000000000,0.000000000,-0.379954547,-0.142284378,0.000000000,0.963235080,0.000000000,0.000000000,0.000000000
-0.008509671,-0.058452524,0.789457679,0.050693821,-0.026512522,-0.042345185,0.997463822,-0.243214920,0.058694094,0.027385941,0.275303990,-0.015867732,-0.003338020,0.066597775,0.032976892,0.021032337,-0.049396347,-0.020404778,-0.048242163,0.063471816,0.010758935,0.042140249,-0.126505211,0.308262527,0.000000000,1.256682873,0.000000000,0.000000000,0.000000000,-0.379655153,-0.140391454,0.000000000,0.964708269,0.000000000,0.000000000,0.000000000
-0.008013916,-0.057913102,0.789388895,0.050648775,-0.027051343,-0.043234799,0.997413516,-0.240940496,0.061270040,0.027476093,0.272917658,-0.014695323,-0.001813868,0.068418957,0.032978851,0.022158451,-0.049562022,-0.020841872,-0.047876813,0.064003177,0.009628152,0.042805359,-0.125129163,0.307671696,0.000000000,1.257894635,0.000000000,0.000000000,0.000000000,-0.379542947,-0.139832541,0.000000000,0.965085328,0.000000000,0.000000000,0.000000000
-0.007325375,-0.057081621,0.789295256,0.050539318,-0.027726589,-0.044535004,0.997343302,-0.238091469,0.065567851,0.026059261,0.270277560,-0.013087288,0.000073296,0.070793398,0.032805432,0.023717094,-0.049723230,-0.021464430,-0.047151644,0.064650096,0.007834853,0.043502260,-0.123699687,0.306617290,0.000000000,1.259586573,0.000000000,0.000000000,0.000000000,-0.379785180,-0.139208034,0.000000000,0.965613365,0.000000000,0.000000000,0.000000000
-0.006104505,-0.055248283,0.789134741,0.050233088,-0.028582850,-0.046909124,0.997225761,-0.232802674,0.074364588,0.023924923,0.264648795,-0.009906238,0.001964969,0.074250095,0.031813547,0.026160613,-0.049666747,-0.022809591,-0.045097567,0.065256998,0.003931270,0.043884285,-0.123237096,0.303768843,0.000000000,1.263025284,0.000000000,0.000000000,0.000000000,-0.380809218,-0.139471635,0.000000000,0.966833234,0.000000000,0.000000000,0.000000000
-0.005112064,-0.053532217,0.789028823,0.049726117,-0.028800672,-0.048624877,0.997162700,-0.227511048,0.081109777,0.025817584,0.256360441,-0.007005425,0.001499593,0.076001972,0.031051183,0.026789412,-0.049457211,-0.024200497,-0.043274559,0.065207548,0.000701108,0.043390781,-0.125211507,0.301062554,0.000000000,1.265930891,0.000000000,0.000000000,0.000000000,-0.382021070,-0.141479462,0.000000000,0.967905641,0.000000000,0.000000000,0.000000000
-0.004054534,-0.051594388,0.788897336,0.048561070,-0.028701345,-0.050555468,0.997126997,-0.221148327,0.087564148,0.029361714,0.244257674,-0.004497997,0.001059938,0.076652952,0.030902360,0.027571240,-0.049395017,-0.025778344,-0.041493397,0.065370180,-0.001875805,0.042010006,-0.129183069,0.299068332,0.000000000,1.268821359,0.000000000,0.000000000,0.000000000,-0.384594113,-0.143330127,0.000000000,0.968991220,0.000000000,0.000000000,0.000000000
-0.003115249,-0.049726550,0.788737774,0.047415037,-0.028725317,-0.052276090,0.997092724,-0.216455564,0.092501387,0.032104649,0.234457076,-0.002916927,0.000723207,0.077606715,0.030905455,0.029093452,-0.049882848,-0.027074732,-0.039650563,0.065632179,-0.003454873,0.040808719,-0.132428229,0.297959894,0.000000000,1.271069169,0.000000000,0.000000000,0.000000000,-0.386731744,-0.144299075,0.000000000,0.969658494,0.000000000,0.000000000,0.000000000
-0.001677108,-0.046953402,0.788487732,0.046433315,-0.029303188,-0.054053009,0.997027338,-0.208552197,0.097845599,0.035233755,0.221619815,-0.000112878,-0.000085865,0.081220597,0.030907143,0.031579688,-0.051430043,-0.028698634,-0.036898516,0.065281563,-0.005156951,0.040236741,-0.134813979,0.296026915,0.000000000,1.273761153,0.000000000,0.000000000,0.000000000,-0.387129456,-0.145952672,0.000000000,0.970206082,0.000000000,0.000000000,0.000000000
-0.001362360,-0.046354726,0.788431704,0.046299715,-0.029458817,-0.054321267,0.997014403,-0.206767410,0.098715842,0.035695083,0.219052374,0.000476482,-0.000314413,0.082177430,0.030870439,0.032033872,-0.051821440,-0.029026631,-0.036279868,0.065058358,-0.005474884,0.040194862,-0.135199606,0.295514077,0.000000000,1.274313927,0.000000000,0.000000000,0.000000000,-0.386947274,-0.146507695,0.000000000,0.970259190,0.000000000,0.000000000,0.000000000
0.001820302,-0.039752547,0.787709355,0.045051541,-0.030658033,-0.055871099,0.996949792,-0.190955266,0.105146304,0.041232910,0.196667343,0.007012024,-0.006407646,0.091492377,0.029965518,0.034565676,-0.055130586,-0.032607511,-0.029472185,0.060792413,-0.007976467,0.038982861,-0.141652063,0.289495945,0.000000000,1.279176950,0.000000000,0.000000000,0.000000000,-0.384917587,-0.155525476,0.000000000,0.970418453,0.000000000,0.000000000,0.000000000
0.002116144,-0.039026290,0.787626803,0.044843845,-0.030691558,-0.055998165,0.996950984,-0.189504340,0.105252571,0.041911289,0.194610104,0.008053253,-0.007916811,0.092028409,0.029838169,0.034647286,-0.055199828,-0.033030938,-0.028800307,0.060309697,-0.008131588,0.038658042,-0.142768800,0.288954198,0.000000000,1.279593349,0.000000000,0.000000000,0.000000000,-0.385029614,-0.156524360,0.000000000,0.970484793,0.000000000,0.000000000,0.000000000
0.002401602,-0.038285367,0.787543535,0.044619247,-0.030716639,-0.056129299,0.996952891,-0.188343510,0.105323769,0.042840276,0.192846105,0.009347136,-0.009776016,0.092481695,0.029722007,0.034727246,-0.055203807,-0.033466082,-0.028127756,0.059841786,-0.008253542,0.038307384,-0.143937781,0.288431853,0.000000000,1.279989958,0.000000000,0.000000000,0.000000000,-0.385180354,-0.157502502,0.000000000,0.970579028,0.000000000,0.000000000,0.000000000
0.002675748,-0.037527591,0.787459493,0.044375911,-0.030720489,-0.056267090,0.996955872,-0.187236875,0.105428442,0.044002768,0.191174433,0.010902217,-0.012060087,0.092856795,0.029544506,0.034771696,-0.055155989,-0.033911288,-0.027446853,0.059384428,-0.008367824,0.037912216,-0.145193353,0.287924558,0.000000000,1.280357599,0.000000000,0.000000000,0.000000000,-0.385417104,-0.158480287,0.000000000,0.970684826,0.000000000,0.000000000,0.000000000
0.002946949,-0.036757477,0.787372708,0.044108272,-0.030705823,-0.056409623,0.996960163,-0.186168462,0.105457738,0.045375127,0.189560622,0.012583381,-0.014789302,0.093221113,0.029462373,0.034801051,-0.055154536,-0.034376297,-0.026759256,0.058934335,-0.008474198,0.037468512,-0.146548048,0.287443131,0.000000000,1.280710220,0.000000000,0.000000000,0.000000000,-0.385739893,-0.159439698,0.000000000,0.970808089,0.000000000,0.000000000,0.000000000
0.005833459,-0.027992548,0.786451638,0.041272085,-0.030675875,-0.057551090,0.997017264,-0.177297637,0.100639701,0.064677350,0.185137600,0.003902651,-0.041926213,0.097958371,0.028361492,0.034957349,-0.055256605,-0.039355207,-0.018899087,0.054549266,-0.008445298,0.033184797,-0.160524309,0.283214122,0.000000000,1.282622814,0.000000000,0.000000000,0.000000000,-0.387720287,-0.168675825,0.000000000,0.973304451,0.000000000,0.000000000,0.000000000
0.008887803,-0.015927371,0.786379993,0.042246502,-0.031164987,-0.056505360,0.997021139,-0.160118744,0.080448747,0.081429020,0.179730743,-0.009911194,-0.035817236,0.105195999,0.020381778,0.030330136,-0.048842128,-0.044954706,-0.010127299,0.047059935,-0.011065007,0.033152513,-0.170748323,0.268595308,0.000000000,1.283127427,0.000000000,0.000000000,0.000000000,-0.371686906,-0.191536039,0.000000000,0.978156388,0.000000000,0.000000000,0.000000000
0.010087597,-0.008875405,0.786948085,0.042492442,-0.028578704,-0.054929443,0.997176230,-0.157777712,0.073278651,0.080718361,0.178329498,-0.014692852,-0.032637026,0.099684305,0.012184613,0.023579722,-0.039827917,-0.047888130,-0.006677683,0.042117152,-0.014251987,0.029197035,-0.186373204,0.258005917,0.000000000,1.282883525,0.000000000,0.000000000,0.000000000,-0.367265433,-0.206687823,0.000000000,0.983735025,0.000000000,0.000000000,0.000000000
0.010778928,0.000423461,0.787839472,0.042510614,-0.026553219,-0.054917596,0.997232080,-0.152499348,0.066905148,0.069397658,0.175635859,-0.019821927,-0.027888931,0.092536084,0.000830229,0.015885755,-0.024126131,-0.050594404,-0.003268234,0.040965971,-0.018047180,0.026284402,-0.202664554,0.249151751,0.000000000,1.278808951,0.000000000,0.000000000,0.000000000,-0.358087212,-0.217136130,0.000000000,0.993423223,0.000000000,0.000000000,0.000000000
0.010864007,0.001625696,0.787973583,0.042652793,-0.026543824,-0.055029847,0.997220099,-0.150740668,0.065857388,0.068463676,0.174768388,-0.020412304,-0.027171567,0.092155792,-0.000686763,0.015052420,-0.021994008,-0.050732404,-0.002967861,0.041137084,-0.018572481,0.026395679,-0.203704730,0.248288348,0.000000000,1.277846694,0.000000000,0.000000000,0.000000000,-0.356287390,-0.218255475,0.000000000,0.994221151,0.000000000,0.000000000,0.000000000
0.011678075,0.010115880,0.789066911,0.044238452,-0.027218016,-0.055537306,0.997104704,-0.134711936,0.056151651,0.064963199,0.165332049,-0.023392385,-0.020585071,0.091284193,-0.010973264,0.009411888,-0.006810544,-0.049285844,-0.000658177,0.042151764,-0.022458147,0.028492682,-0.207900539,0.243437797,0.000000000,1.268345594,0.000000000,0.000000000,0.000000000,-0.343472600,-0.225594088,0.000000000,0.996945739,0.000000000,0.000000000,0.000000000
0.012348795,0.018348848,0.790804207,0.045838837,-0.028364694,-0.055002242,0.997030079,-0.118978046,0.046324939,0.057526600,0.154940218,-0.024413096,-0.014332395,0.089981273,-0.020221638,0.005013700,0.010299662,-0.043281790,0.006465131,0.041685067,-0.025678042,0.031044070,-0.210838303,0.241435364,0.000000000,1.256697297,0.000000000,0.000000000,0.000000000,-0.331523031,-0.232833713,0.000000000,0.996614575,0.000000000,0.000000000,0.000000000
0.012386608,0.021775553,0.791576922,0.046115924,-0.028623786,-0.054162204,0.997055888,-0.113838606,0.043644618,0.053023618,0.150991276,-0.024621200,-0.011864077,0.087526053,-0.023945211,0.002287180,0.019464256,-0.041195743,0.011508007,0.040518083,-0.026503289,0.031559180,-0.213667184,0.241282716,0.000000000,1.252484798,0.000000000,0.000000000,0.000000000,-0.327489138,-0.236016408,0.000000000,0.996503949,0.000000000,0.000000000,0.000000000
0.012335157,0.026282683,0.792537868,0.046163045,-0.028775893,-0.052669439,0.997129321,-0.107943393,0.040718783,0.047397021,0.145652071,-0.024651878,-0.008492416,0.082125045,-0.029270601,-0.002345857,0.034809507,-0.039320149,0.014851788,0.038330648,-0.027190641,0.031850830,-0.218303218,0.241571501,0.000000000,1.248014331,0.000000000,0.000000000,0.000000000,-0.323274255,-0.240066990,0.000000000,0.996885002,0.000000000,0.000000000,0.000000000
0.012239849,0.029701754,0.793220043,0.046266422,-0.028957291,-0.051394928,0.997185767,-0.103171237,0.038320117,0.043309923,0.141404361,-0.024607107,-0.006010392,0.077005811,-0.033816889,-0.005712627,0.048662804,-0.038134381,0.014699697,0.036430426,-0.027611816,0.032418828,-0.220952585,0.241417453,0.000000000,1.245714664,0.000000000,0.000000000,0.000000000,-0.320171028,-0.242905766,0.000000000,0.997611403,0.000000000,0.000000000,0.000000000
0.012195992,0.030853158,0.793445289,0.046353854,-0.029075366,-0.050962795,0.997200429,-0.101395912,0.037505388,0.041964285,0.139970109,-0.024574423,-0.005176029,0.075200491,-0.035511639,-0.006619234,0.053734034,-0.037596080,0.014375554,0.035779048,-0.027763192,0.032776419,-0.221730262,0.241660416,0.000000000,1.244907498,0.000000000,0.000000000,0.000000000,-0.318943501,-0.243769318,0.000000000,0.997997701,0.000000000,0.000000000,0.000000000
0.011582768,0.038975555,0.795026362,0.047302309,-0.030438416,-0.047696218,0.997276843,-0.086766936,0.031103669,0.034106113,0.128954917,-0.024314642,0.000402554,0.059792019,-0.047955751,-0.007988387,0.095152594,-0.033326644,0.008755494,0.030761946,-0.028598646,0.036758546,-0.222923800,0.240412772,0.000000000,1.243552804,0.000000000,0.000000000,0.000000000,-0.308479458,-0.249290362,0.000000000,1.002401352,0.000000000,0.000000000,0.000000000
0.010128510,0.049147535,0.796769381,0.048707776,-0.034215320,-0.043295968,0.997287512,-0.065152131,0.025575086,0.027437085,0.115755871,-0.023821065,0.006375328,0.036677688,-0.061691489,-0.005580605,0.159136072,-0.026358070,-0.002586286,0.024192680,-0.028401174,0.044538423,-0.218714118,0.242892906,0.000000000,1.246886015,0.000000000,0.000000000,0.000000000,-0.290590823,-0.254088432,0.000000000,1.006716847,0.000000000,0.000000000,0.000000000
0.009400452,0.052366693,0.797196448,0.049205076,-0.035633970,-0.041898184,0.997273088,-0.057948299,0.024456885,0.026561232,0.111795545,-0.023789063,0.007986590,0.026869185,-0.065626763,-0.003572915,0.183347479,-0.023377286,-0.006654007,0.022148782,-0.028227130,0.047250744,-0.216829479,0.244649112,0.000000000,1.248671770,0.000000000,0.000000000,0.000000000,-0.284427941,-0.255052656,0.000000000,1.008446455,0.000000000,0.000000000,0.000000000
0.007806099,0.057510410,0.797720253,0.049953550,-0.037666854,-0.039490659,0.997259438,-0.047445036,0.022509446,0.024213111,0.105834268,-0.023503419,0.010800922,0.007401352,-0.072738595,-0.001154852,0.226651073,-0.017059144,-0.013009055,0.018707465,-0.028076451,0.051218145,-0.214714438,0.247267276,0.000000000,1.252791047,0.000000000,0.000000000,0.000000000,-0.275159121,-0.256722182,0.000000000,1.011955380,0.000000000,0.000000000,0.000000000
0.005254173,0.063514687,0.798073828,0.051102724,-0.039998271,-0.036561072,0.997222126,-0.035969052,0.020205783,0.019677300,0.100296110,-0.023526832,0.013679378,-0.018373918,-0.082684025,-0.001424694,0.281137019,-0.007165829,-0.022937711,0.014796117,-0.028477183,0.056175496,-0.212365463,0.250499427,0.000000000,1.258593798,0.000000000,0.000000000,0.000000000,-0.263689339,-0.259660780,0.000000000,1.016006589,0.000000000,0.000000000,0.000000000
0.002826071,0.068310916,0.798159957,0.052708872,-0.042229638,-0.034126014,0.997132838,-0.025654647,0.017716672,0.015630160,0.096944407,-0.023994572,0.015873469,-0.040131669,-0.091947645,-0.002976122,0.327401012,0.003004428,-0.033715032,0.011584539,-0.029425422,0.061361983,-0.208638176,0.253245860,0.000000000,1.263163447,0.000000000,0.000000000,0.000000000,-0.252306551,-0.262864083,0.000000000,1.018763781,0.000000000,0.000000000,0.000000000
0.002380836,0.069207743,0.798153341,0.053032190,-0.042660590,-0.034023985,0.997100830,-0.023766777,0.017105712,0.015727406,0.096364588,-0.024096217,0.016339356,-0.044252388,-0.093599230,-0.002463852,0.336201131,0.005162094,-0.035926126,0.011725731,-0.029820936,0.062289726,-0.207738072,0.253978103,0.000000000,1.263950467,0.000000000,0.000000000,0.000000000,-0.250511885,-0.263106078,0.000000000,1.019260287,0.000000000,0.000000000,0.000000000
0.005591237,0.074075803,0.797722936,0.056419376,-0.045807272,-0.028981227,0.996934593,-0.007676038,0.010881500,0.002974401,0.093431309,-0.025802862,0.019913768,-0.081043795,-0.109824792,-0.013344213,0.413060784,0.017725725,-0.049782995,0.005727876,-0.033334509,0.070551701,-0.201543018,0.259332925,0.000000000,1.271139145,0.000000000,0.000000000,0.000000000,-0.232390478,-0.270325214,0.000000000,1.024307132,0.000000000,0.000000000,0.000000000
0.006904316,0.074086651,0.797668934,0.056790404,-0.046063233,-0.028423920,0.996917784,-0.006197315,0.010055684,0.001496095,0.093312234,-0.026014915,0.020186117,-0.083832286,-0.110986367,-0.014710467,0.418723524,0.015597957,-0.048031829,0.005113326,-0.033767685,0.071326531,-0.201065317,0.259985238,0.000000000,1.271585584,0.000000000,0.000000000,0.000000000,-0.230732962,-0.271140397,0.000000000,1.024749875,0.000000000,0.000000000,0.000000000
0.015566945,0.075209498,0.797413826,0.059904203,-0.048481837,-0.023956692,0.996738195,0.007406761,0.003146361,-0.010190358,0.091084793,-0.027339276,0.022335714,-0.099599876,-0.118923143,-0.026386369,0.450292498,0.000902257,-0.033242214,0.000905331,-0.037092581,0.078133062,-0.194504797,0.263000607,0.000000000,1.277534962,0.000000000,0.000000000,0.000000000,-0.217459857,-0.276690900,0.000000000,1.027164578,0.000000000,0.000000000,0.000000000
0.017882537,0.076802649,0.797413707,0.061193600,-0.050033562,-0.022160057,0.996624768,0.015379609,0.000547703,-0.014356053,0.088584989,-0.027648959,0.023343615,-0.105356783,-0.120412469,-0.029784380,0.458918542,-0.004330760,-0.028070008,0.000002087,-0.038278256,0.081394054,-0.190403625,0.265614957,0.000000000,1.281298757,0.000000000,0.000000000,0.000000000,-0.212309256,-0.277520597,0.000000000,1.027524233,0.000000000,0.000000000,0.000000000
0.018274773,0.077276438,0.797419488,0.061473433,-0.050425377,-0.021750055,0.996596813,0.017344870,-0.000012335,-0.015123683,0.087922610,-0.027737319,0.023533711,-0.106801108,-0.120745368,-0.030467724,0.460493296,-0.005529296,-0.027191989,-0.000127081,-0.038518634,0.082126386,-0.189366519,0.266347557,0.000000000,1.282356858,0.000000000,0.000000000,0.000000000,-0.211266533,-0.277607590,0.000000000,1.027500391,0.000000000,0.000000000,0.000000000
0.018614780,0.077779397,0.797428727,0.061739415,-0.050807204,-0.021367038,0.996569276,0.019398518,-0.000583680,-0.015915126,0.087139562,-0.027833048,0.023707682,-0.108217195,-0.120841868,-0.031021956,0.461718857,-0.006615805,-0.026419641,-0.000211472,-0.038754914,0.082820013,-0.188336402,0.267063051,0.000000000,1.283480525,0.000000000,0.000000000,0.000000000,-0.210345045,-0.277655452,0.000000000,1.027453661,0.000000000,0.000000000,0.000000000
0.018899310,0.078301229,0.797439694,0.061987430,-0.051169019,-0.020990726,0.996543348,0.021292856,-0.001137683,-0.016716784,0.086441994,-0.027925538,0.023882072,-0.109546706,-0.120891914,-0.031482585,0.462554216,-0.007509136,-0.025718950,-0.000282848,-0.038976625,0.083460100,-0.187350586,0.267753214,0.000000000,1.284662843,0.000000000,0.000000000,0.000000000,-0.209553376,-0.277688533,0.000000000,1.027401209,0.000000000,0.000000000,0.000000000
0.019138742,0.078836158,0.797451794,0.062208083,-0.051512271,-0.020607667,0.996519923,0.023173667,-0.001572074,-0.017488148,0.085663050,-0.028004214,0.024061985,-0.110920295,-0.120988682,-0.031916477,0.463118553,-0.008229068,-0.025075607,-0.000360683,-0.039167270,0.084050775,-0.186415315,0.268456638,0.000000000,1.285887837,0.000000000,0.000000000,0.000000000,-0.208884105,-0.277690113,0.000000000,1.027352571,0.000000000,0.000000000,0.000000000
0.019785905,0.081647739,0.797486901,0.062881082,-0.052674927,-0.018757505,0.996453464,0.030849840,-0.003728733,-0.021750771,0.081741966,-0.028198615,0.025158549,-0.118810892,-0.120627061,-0.034320921,0.461411178,-0.012066368,-0.022372039,-0.000683584,-0.039765049,0.085925832,-0.183044642,0.271989137,0.000000000,1.292130589,0.000000000,0.000000000,0.000000000,-0.208091095,-0.277392685,0.000000000,1.027531981,0.000000000,0.000000000,0.000000000
0.020388281,0.090512335,0.797623813,0.061995491,-0.053683374,-0.013641628,0.996538281,0.045186281,-0.006963773,-0.033209637,0.069702767,-0.028365865,0.029053589,-0.138900951,-0.105802320,-0.055038135,0.394478947,-0.018521687,-0.011320733,0.000643611,-0.038663879,0.086516760,-0.173380569,0.281062156,0.000000000,1.307315230,0.000000000,0.000000000,0.000000000,-0.218403116,-0.273880690,0.000000000,1.029446244,0.000000000,0.000000000,0.000000000
0.021174919,0.093351498,0.797675610,0.061482184,-0.053427186,-0.010908103,0.996617496,0.049219970,-0.007387775,-0.038247220,0.065577842,-0.028879795,0.029822998,-0.142877683,-0.097099528,-0.063229613,0.349569649,-0.016215598,-0.009003215,0.000352806,-0.038031116,0.085813873,-0.169777647,0.284863174,0.000000000,1.306360483,0.000000000,0.000000000,0.000000000,-0.223032147,-0.273848385,0.000000000,1.029674530,0.000000000,0.000000000,0.000000000
0.021731425,0.094776623,0.797660589,0.061130229,-0.052956536,-0.009163992,0.996681869,0.050262503,-0.007847131,-0.041556012,0.063978612,-0.029257514,0.030343750,-0.144576311,-0.092509612,-0.067063384,0.321979195,-0.013764594,-0.007502921,0.000006303,-0.037685558,0.085083731,-0.168996036,0.287050486,0.000000000,1.304819107,0.000000000,0.000000000,0.000000000,-0.226085737,-0.274260283,0.000000000,1.029927492,0.000000000,0.000000000,0.000000000
0.022736108,0.096805707,0.797588587,0.060823668,-0.052015554,-0.006336668,0.996772170,0.051711995,-0.008820036,-0.045097593,0.061633676,-0.029948160,0.030971006,-0.146632016,-0.087267324,-0.072308749,0.280885577,-0.010022916,-0.004669711,-0.000528687,-0.037360050,0.084043629,-0.168483555,0.289186448,0.000000000,1.302340388,0.000000000,0.000000000,0.000000000,-0.229707360,-0.275557101,0.000000000,1.030289173,0.000000000,0.000000000,0.000000000
0.023870815,0.098462090,0.797499120,0.061102055,-0.051251017,-0.003632543,0.996808231,0.054239500,-0.010058020,-0.047052830,0.059212662,-0.030731194,0.031052005,-0.147597149,-0.085422583,-0.073726475,0.248167023,-0.006464941,-0.001968883,-0.001184283,-0.037355136,0.083764970,-0.167381138,0.289163142,0.000000000,1.300412059,0.000000000,0.000000000,0.000000000,-0.230720401,-0.277006894,0.000000000,1.030587435,0.000000000,0.000000000,0.000000000
0.024689531,0.099463947,0.797415316,0.061351962,-0.050631408,-0.001808566,0.996829510,0.056009524,-0.011089573,-0.048836060,0.057303034,-0.031186054,0.031054916,-0.148494586,-0.084872589,-0.074489787,0.229336709,-0.003668199,0.000443455,-0.001800709,-0.037415307,0.083454929,-0.167080343,0.288416028,0.000000000,1.299321175,0.000000000,0.000000000,0.000000000,-0.231274351,-0.278123111,0.000000000,1.030749321,0.000000000,0.000000000,0.000000000
0.027448345,0.102681205,0.797063291,0.062158152,-0.048511308,0.003876991,0.996879101,0.060458649,-0.015425717,-0.056629390,0.051741466,-0.031977437,0.031450901,-0.151922345,-0.082870826,-0.081320852,0.178473920,0.011712561,0.014905368,-0.003422919,-0.037452776,0.081854336,-0.166842833,0.284391522,0.000000000,1.296865463,0.000000000,0.000000000,0.000000000,-0.234399602,-0.280723780,0.000000000,1.030996561,0.000000000,0.000000000,0.000000000
0.028888499,0.104525760,0.796852052,0.062708817,-0.047386993,0.007208122,0.996880174,0.063031249,-0.017893657,-0.062642716,0.048607834,-0.032170225,0.031681366,-0.152984023,-0.081713222,-0.087037906,0.155387104,0.026533825,0.027420357,-0.004166491,-0.037294272,0.080798835,-0.166615546,0.281233311,0.000000000,1.296425819,0.000000000,0.000000000,0.000000000,-0.236893967,-0.281448543,0.000000000,1.030929446,0.000000000,0.000000000,0.000000000
0.030693615,0.106785059,0.796561599,0.063670315,-0.046045817,0.011542236,0.996841311,0.067396194,-0.021197043,-0.068821318,0.044439279,-0.032994393,0.031155180,-0.153974473,-0.081990927,-0.091158979,0.136255518,0.038628284,0.038671192,-0.005186535,-0.037066277,0.079534531,-0.166146532,0.276319772,0.000000000,1.296409011,0.000000000,0.000000000,0.000000000,-0.239635006,-0.282452404,0.000000000,1.030733347,0.000000000,0.000000000,0.000000000
0.031019831,0.107165441,0.796505988,0.063858517,-0.045818388,0.012286037,0.996830881,0.068087354,-0.021771841,-0.069583707,0.043861069,-0.033190235,0.030992758,-0.154230461,-0.082170025,-0.091666982,0.134190559,0.039059132,0.038926601,-0.005350480,-0.037034001,0.079310827,-0.166034028,0.275381297,0.000000000,1.296436310,0.000000000,0.000000000,0.000000000,-0.240039870,-0.282635540,0.000000000,1.030686855,0.000000000,0.000000000,0.000000000
0.032462001,0.108729109,0.796253502,0.064717323,-0.044873815,0.015098267,0.996779859,0.071779378,-0.024296414,-0.072478518,0.040897328,-0.034191232,0.030117648,-0.155896395,-0.083317645,-0.091313861,0.128503621,0.040596321,0.039417449,-0.005638450,-0.037073079,0.078364290,-0.165383443,0.271224678,0.000000000,1.296491265,0.000000000,0.000000000,0.000000000,-0.241692290,-0.283233285,0.000000000,1.030596495,0.000000000,0.000000000,0.000000000
0.035037018,0.111195140,0.795822024,0.066561542,-0.043527685,0.019661607,0.996638536,0.077266529,-0.028748248,-0.077188991,0.038507018,-0.036326114,0.028813643,-0.158281162,-0.085843757,-0.093178347,0.126807183,0.042720277,0.039595172,-0.006392236,-0.037404235,0.077272214,-0.162948489,0.263426751,0.000000000,1.296365857,0.000000000,0.000000000,0.000000000,-0.242691666,-0.284493953,0.000000000,1.030382037,0.000000000,0.000000000,0.000000000
0.037380196,0.113173664,0.795445859,0.068345502,-0.042217173,0.023763705,0.996484756,0.080991521,-0.032629602,-0.083024561,0.038247239,-0.038465217,0.027916083,-0.159628883,-0.088501647,-0.095573306,0.129211023,0.044468433,0.039738201,-0.007291318,-0.037963334,0.076180190,-0.160752401,0.256193548,0.000000000,1.295475125,0.000000000,0.000000000,0.000000000,-0.243751228,-0.285661548,0.000000000,1.030510783,0.000000000,0.000000000,0.000000000
0.038361788,0.113931715,0.795299530,0.069058731,-0.041654088,0.025431985,0.996418118,0.082187645,-0.034114279,-0.085347109,0.038605802,-0.039477512,0.027455078,-0.159861356,-0.089508913,-0.096829847,0.130611166,0.045625873,0.039845657,-0.007638237,-0.038188010,0.075670883,-0.159962595,0.253358573,0.000000000,1.294899821,0.000000000,0.000000000,0.000000000,-0.244386643,-0.286131740,0.000000000,1.030540228,0.000000000,0.000000000,0.000000000
0.040450502,0.115351602,0.794992387,0.070218660,-0.040345125,0.028695753,0.996302247,0.083905973,-0.036611535,-0.089239709,0.039803121,-0.041981045,0.026197050,-0.160428822,-0.091226228,-0.097991943,0.133808821,0.049030073,0.040381297,-0.008128855,-0.038462985,0.074102655,-0.159256756,0.248311713,0.000000000,1.293387771,0.000000000,0.000000000,0.000000000,-0.246878371,-0.286662340,0.000000000,1.030740976,0.000000000,0.000000000,0.000000000
0.043517243,0.117107518,0.794578791,0.071206689,-0.038431916,0.032896403,0.996177912,0.085408337,-0.039011348,-0.093175009,0.041765954,-0.046012748,0.023714976,-0.160615698,-0.091842450,-0.096795797,0.137473822,0.056768779,0.041091964,-0.008720160,-0.038369033,0.071216270,-0.159900501,0.243160650,0.000000000,1.290962100,0.000000000,0.000000000,0.000000000,-0.251397848,-0.287037134,0.000000000,1.030940294,0.000000000,0.000000000,0.000000000
0.048074972,0.119405366,0.794112623,0.072504885,-0.036374606,0.038064111,0.995977461,0.088342503,-0.041502953,-0.096050978,0.044560965,-0.051566806,0.019746022,-0.157254457,-0.092020296,-0.090318576,0.141595706,0.064831041,0.031500775,-0.009382653,-0.038018834,0.067664430,-0.159755200,0.237959936,0.000000000,1.287542224,0.000000000,0.000000000,0.000000000,-0.256448507,-0.286974341,0.000000000,1.030627489,0.000000000,0.000000000,0.000000000
0.054806031,0.122504771,0.793514550,0.074549980,-0.033835769,0.044793468,0.995635986,0.092649959,-0.044893846,-0.100213706,0.049357284,-0.058987901,0.013817792,-0.146206349,-0.089816727,-0.078233227,0.139525056,0.060862828,0.006980287,-0.009812419,-0.037555501,0.062438346,-0.158953920,0.231264338,0.000000000,1.283669949,0.000000000,0.000000000,0.000000000,-0.264335096,-0.286195755,0.000000000,1.029338837,0.000000000,0.000000000,0.000000000
0.055659305,0.122858495,0.793437839,0.074772976,-0.033514727,0.045592360,0.995593846,0.093070738,-0.045218349,-0.100639008,0.050044663,-0.059891835,0.012994673,-0.144292697,-0.089231566,-0.076708250,0.138050377,0.058795381,0.006496537,-0.009787106,-0.037449140,0.061708763,-0.158998385,0.230522633,0.000000000,1.283317208,0.000000000,0.000000000,0.000000000,-0.265640736,-0.285969675,0.000000000,1.029120684,0.000000000,0.000000000,0.000000000
0.060120799,0.124654308,0.793101072,0.076142751,-0.032443400,0.049491338,0.995339274,0.097279795,-0.046850689,-0.103286728,0.053067319,-0.064582847,0.008168609,-0.130977526,-0.085183121,-0.069235809,0.127561674,0.055003826,0.009182936,-0.009369073,-0.036662944,0.059065677,-0.157578856,0.227436140,0.000000000,1.282048225,0.000000000,0.000000000,0.000000000,-0.271420002,-0.283684403,0.000000000,1.027745128,0.000000000,0.000000000,0.000000000
0.065909162,0.126584604,0.793035507,0.077755079,-0.033520918,0.053463940,0.994973421,0.105552681,-0.046541460,-0.102615133,0.058626637,-0.070193581,0.001854542,-0.109993793,-0.077706352,-0.061976925,0.117396101,0.050056413,0.006904406,-0.006989720,-0.033685792,0.059103731,-0.150389835,0.228425547,0.000000000,1.282607198,0.000000000,0.000000000,0.000000000,-0.276287079,-0.274140477,0.000000000,1.025423884,0.000000000,0.000000000,0.000000000
0.070146561,0.127764940,0.793241858,0.077153407,-0.034522884,0.056564353,0.994814575,0.107498296,-0.042867847,-0.099949479,0.066527732,-0.074785635,-0.002664131,-0.101036891,-0.073857777,-0.057965118,0.116228528,0.046831153,0.006218629,-0.005131252,-0.028975056,0.056959797,-0.147587806,0.233387455,0.000000000,1.285461187,0.000000000,0.000000000,0.000000000,-0.286477119,-0.262088180,0.000000000,1.023531914,0.000000000,0.000000000,0.000000000
0.070910260,0.127964467,0.793241680,0.076882504,-0.034552198,0.057151094,0.994800985,0.107079789,-0.041853558,-0.098872989,0.068473876,-0.075718381,-0.003537648,-0.099904597,-0.073125198,-0.056454223,0.116020463,0.046152551,0.006263532,-0.004824499,-0.027975075,0.056178134,-0.147591159,0.234327316,0.000000000,1.286237240,0.000000000,0.000000000,0.000000000,-0.289334923,-0.259748608,0.000000000,1.023235559,0.000000000,0.000000000,0.000000000
0.071778879,0.128107622,0.793229640,0.076591805,-0.034523528,0.057731472,0.994790852,0.106512368,-0.040797044,-0.097726889,0.070439629,-0.076642923,-0.004413110,-0.098873578,-0.072465368,-0.054844737,0.115762986,0.045445446,0.006316540,-0.004539294,-0.026960963,0.055336270,-0.147735640,0.235175297,0.000000000,1.287058711,0.000000000,0.000000000,0.000000000,-0.292364687,-0.257479697,0.000000000,1.022986293,0.000000000,0.000000000,0.000000000
0.072621927,0.128249392,0.793211639,0.076277778,-0.034449723,0.058299385,0.994784474,0.105768941,-0.039687060,-0.096470304,0.072484560,-0.077547230,-0.005314497,-0.097888827,-0.071739890,-0.053236954,0.115399517,0.044703249,0.006364014,-0.004263617,-0.025929190,0.054453075,-0.147984087,0.235960245,0.000000000,1.287913561,0.000000000,0.000000000,0.000000000,-0.295497596,-0.255258679,0.000000000,1.022801042,0.000000000,0.000000000,0.000000000
0.073493339,0.128370196,0.793184280,0.075943395,-0.034332391,0.058865651,0.994780719,0.104873680,-0.038503982,-0.095185407,0.074578665,-0.078440301,-0.006228420,-0.096968710,-0.071159720,-0.051714513,0.114987545,0.043928478,0.006395159,-0.004004839,-0.024868570,0.053538978,-0.148244590,0.236672997,0.000000000,1.288777113,0.000000000,0.000000000,0.000000000,-0.298720449,-0.253071129,0.000000000,1.022687316,0.000000000,0.000000000,0.000000000
0.095019117,0.129261866,0.794469833,0.072524436,-0.031264361,0.070324026,0.994392931,0.086900674,-0.013580575,-0.084209181,0.118503556,-0.091067925,-0.034701530,-0.064427227,-0.045924585,-0.044181727,0.083334476,0.033101238,-0.002307418,-0.001770910,-0.005897798,0.044164807,-0.141418234,0.247919798,0.000000000,1.282056928,0.000000000,0.000000000,0.000000000,-0.343170792,-0.221102625,0.000000000,1.022273779,0.000000000,0.000000000,0.000000000
0.096043482,0.129210025,0.794573843,0.072426327,-0.031109374,0.070750326,0.994374692,0.085932679,-0.012538602,-0.084070943,0.120619588,-0.091448367,-0.036245130,-0.062677547,-0.044462875,-0.043173637,0.081129991,0.032897186,-0.002839992,-0.001547297,-0.005334604,0.043892235,-0.141462132,0.249363050,0.000000000,1.279976606,0.000000000,0.000000000,0.000000000,-0.344893664,-0.220193014,0.000000000,1.021728158,0.000000000,0.000000000,0.000000000
0.101911344,0.128789306,0.795162797,0.071625039,-0.029817862,0.073426731,0.994278252,0.078471005,-0.006397718,-0.082338952,0.133940399,-0.093462519,-0.044904072,-0.053579457,-0.036918558,-0.039068468,0.068344936,0.032044720,-0.005851596,-0.000465056,-0.002299462,0.042036839,-0.144184917,0.258516669,0.000000000,1.266979456,0.000000000,0.000000000,0.000000000,-0.355466038,-0.215198591,0.000000000,1.019074321,0.000000000,0.000000000,0.000000000
0.110425353,0.127963856,0.796070814,0.070711613,-0.027504966,0.077884316,0.994071126,0.062909685,0.003160950,-0.077438660,0.159959048,-0.096069060,-0.056510679,-0.040039279,-0.029561002,-0.035286289,0.049140308,0.031098401,-0.009069876,0.001473468,0.001785411,0.040475417,-0.150708929,0.273114413,0.000000000,1.247063398,0.000000000,0.000000000,0.000000000,-0.368182868,-0.208577409,0.000000000,1.016064405,0.000000000,0.000000000,0.000000000
0.111207500,0.127856925,0.796148300,0.070629805,-0.027230954,0.078353755,0.994047582,0.061030481,0.004079775,-0.076940194,0.162886515,-0.096303672,-0.057600558,-0.038799420,-0.028993554,-0.035187259,0.047323022,0.030973671,-0.009298072,0.001543468,0.002184279,0.040304925,-0.151445627,0.274268866,0.000000000,1.245385885,0.000000000,0.000000000,0.000000000,-0.369192690,-0.208205372,0.000000000,1.015687346,0.000000000,0.000000000,0.000000000
0.114986338,0.127228200,0.796496093,0.070372798,-0.025998257,0.080668695,0.993913651,0.051174290,0.008868102,-0.075123571,0.178757310,-0.097532533,-0.063046440,-0.033389624,-0.026481871,-0.034756396,0.039656442,0.030468788,-0.010466606,0.001835918,0.004178589,0.039786756,-0.154378206,0.279109687,0.000000000,1.238140941,0.000000000,0.000000000,0.000000000,-0.373134553,-0.206606165,0.000000000,1.013296843,0.000000000,0.000000000,0.000000000
0.118594393,0.126474455,0.796762705,0.070285492,-0.024984064,0.082943566,0.993758559,0.040951803,0.013842897,-0.073093116,0.196044475,-0.098609433,-0.068330266,-0.028540101,-0.023999825,-0.033571202,0.033343829,0.029908272,-0.011942408,0.001889725,0.006215374,0.039771352,-0.156330168,0.282825500,0.000000000,1.232416391,0.000000000,0.000000000,0.000000000,-0.375686496,-0.205218658,0.000000000,1.010060191,0.000000000,0.000000000,0.000000000
0.121349797,0.125750691,0.796924472,0.070276849,-0.024239354,0.084764235,0.993623972,0.032219619,0.017589176,-0.070668533,0.210492343,-0.098841168,-0.072077923,-0.025038769,-0.021963540,-0.032772060,0.028929520,0.029495789,-0.013521141,0.001787490,0.007926952,0.039893117,-0.157798976,0.285208553,0.000000000,1.228507996,0.000000000,0.000000000,0.000000000,-0.377045900,-0.204412460,0.000000000,1.007143855,0.000000000,0.000000000,0.000000000
0.124001525,0.124915473,0.797083557,0.070356652,-0.023550833,0.086462155,0.993488610,0.023560854,0.021455908,-0.068232492,0.224684820,-0.098408900,-0.075853415,-0.022193346,-0.019551542,-0.030991727,0.025228633,0.029097976,-0.015310968,0.001776332,0.009544905,0.040276345,-0.159024447,0.287006378,0.000000000,1.224969387,0.000000000,0.000000000,0.000000000,-0.377792329,-0.203694642,0.000000000,1.004243731,0.000000000,0.000000000,0.000000000
0.127825156,0.123659194,0.797384560,0.070569851,-0.022747563,0.088415466,0.993320286,0.012211586,0.026418505,-0.063776441,0.244330898,-0.096432924,-0.082374804,-0.017351681,-0.016621277,-0.027394526,0.019456886,0.028672140,-0.018146312,0.002530006,0.011696881,0.041210514,-0.160177425,0.289895505,0.000000000,1.219099641,0.000000000,0.000000000,0.000000000,-0.377841175,-0.201541349,0.000000000,1.000814676,0.000000000,0.000000000,0.000000000
0.129727751,0.123172268,0.797586560,0.070660435,-0.022440393,0.089053288,0.993263841,0.007494544,0.028866369,-0.060884163,0.253044397,-0.094654553,-0.085766219,-0.014859132,-0.015164615,-0.025523538,0.016458396,0.028532472,-0.019292861,0.003275194,0.012689385,0.041663140,-0.160430610,0.291629016,0.000000000,1.215659738,0.000000000,0.000000000,0.000000000,-0.377655298,-0.199736252,0.000000000,0.999701798,0.000000000,0.000000000,0.000000000
0.133357495,0.122434258,0.798065901,0.070968330,-0.021710761,0.090307944,0.993144810,-0.002766583,0.032830603,-0.055836324,0.271105438,-0.090800069,-0.091899335,-0.009407771,-0.013486337,-0.023306195,0.010226443,0.028321497,-0.020372102,0.004398039,0.014216151,0.042568650,-0.160532400,0.294693768,0.000000000,1.207171559,0.000000000,0.000000000,0.000000000,-0.376372874,-0.197671399,0.000000000,0.997411072,0.000000000,0.000000000,0.000000000
0.137147337,0.121582799,0.798646986,0.071979433,-0.020709621,0.092359938,0.992904663,-0.017837588,0.035419770,-0.051455338,0.296958029,-0.085546717,-0.097495332,-0.002244685,-0.012750304,-0.023189856,0.003007247,0.028010843,-0.020785604,0.004351195,0.015184176,0.044054858,-0.159764647,0.295979500,0.000000000,1.195949316,0.000000000,0.000000000,0.000000000,-0.372594684,-0.198038071,0.000000000,0.995087504,0.000000000,0.000000000,0.000000000
0.140336663,0.120341279,0.798955023,0.072633557,-0.019595953,0.094362564,0.992691338,-0.034297880,0.039635889,-0.045154348,0.322958469,-0.080347113,-0.100885451,0.002239657,-0.012260761,-0.023230826,-0.002579240,0.027846251,-0.021337187,0.003576577,0.016116779,0.044877186,-0.160817802,0.296127170,0.000000000,1.186509013,0.000000000,0.000000000,0.000000000,-0.370343655,-0.198100582,0.000000000,0.995112538,0.000000000,0.000000000,0.000000000
0.141973943,0.119607292,0.799017549,0.072812781,-0.019142324,0.094952241,0.992630839,-0.043093767,0.041978691,-0.040041696,0.336936235,-0.077709034,-0.102349348,0.003954358,-0.011946033,-0.021996388,-0.005014041,0.027819393,-0.021910239,0.004405309,0.016604381,0.045295913,-0.161010012,0.296688944,0.000000000,1.181526065,0.000000000,0.000000000,0.000000000,-0.369449854,-0.197063282,0.000000000,0.995862842,0.000000000,0.000000000,0.000000000
0.145180941,0.118197203,0.798971832,0.072903886,-0.018596338,0.096079223,0.992526054,-0.060042959,0.046423811,-0.034457188,0.364905924,-0.072256811,-0.104803674,0.007012564,-0.010310820,-0.020312918,-0.009182499,0.027722659,-0.023417149,0.004760545,0.018431969,0.046048321,-0.160266772,0.298438519,0.000000000,1.170234561,0.000000000,0.000000000,0.000000000,-0.366512567,-0.194141895,0.000000000,0.997420490,0.000000000,0.000000000,0.000000000
0.147161335,0.117332071,0.798818767,0.072758615,-0.018517802,0.096364841,0.992510498,-0.071097009,0.049381673,-0.031412601,0.383248031,-0.068629377,-0.105576389,0.008933873,-0.008653305,-0.018915070,-0.011776788,0.027725004,-0.024525659,0.005616498,0.019943092,0.046658874,-0.158900723,0.300495625,0.000000000,1.161800027,0.000000000,0.000000000,0.000000000,-0.364159375,-0.191468015,0.000000000,0.997728229,0.000000000,0.000000000,0.000000000
0.148878723,0.116561241,0.798319519,0.072604686,-0.018586002,0.096423469,0.992514789,-0.081428580,0.051654402,-0.029478628,0.400576234,-0.065441102,-0.105621144,0.011170483,-0.006885755,-0.017133165,-0.014696449,0.027883563,-0.025574906,0.006696069,0.021529589,0.047458094,-0.157010883,0.302871108,0.000000000,1.152855873,0.000000000,0.000000000,0.000000000,-0.361655742,-0.188411847,0.000000000,0.997610271,0.000000000,0.000000000,0.000000000
0.150302917,0.116268381,0.797464609,0.072638318,-0.018846236,0.096314535,0.992518008,-0.090603806,0.053438827,-0.029938146,0.416726589,-0.063231967,-0.104824059,0.014266038,-0.005381916,-0.015525507,-0.018021956,0.028113259,-0.026355930,0.007817877,0.023085807,0.048684508,-0.154334903,0.305108517,0.000000000,1.143860579,0.000000000,0.000000000,0.000000000,-0.358771861,-0.185097188,0.000000000,0.997285366,0.000000000,0.000000000,0.000000000
0.151501939,0.117530122,0.796640515,0.072713658,-0.019056404,0.096026823,0.992536366,-0.099067435,0.054695208,-0.031741574,0.431039840,-0.063133955,-0.102770887,0.017570043,-0.004390118,-0.013904258,-0.021705851,0.028374856,-0.026894217,0.008892562,0.024495764,0.049843933,-0.151728764,0.306847155,0.000000000,1.135164022,0.000000000,0.000000000,0.000000000,-0.356316894,-0.182151422,0.000000000,0.996587276,0.000000000,0.000000000,0.000000000
0.153660700,0.122605503,0.795357823,0.072863087,-0.018990364,0.094970256,0.992628336,-0.111945167,0.055534773,-0.034220129,0.445110887,-0.069767140,-0.093417913,0.022479385,-0.002783671,-0.011850062,-0.028328761,0.028799772,-0.028154820,0.010678110,0.026641585,0.051414628,-0.147632971,0.308037877,0.000000000,1.119694829,0.000000000,0.000000000,0.000000000,-0.353812039,-0.178158268,0.000000000,0.994879365,0.000000000,0.000000000,0.000000000
0.153913304,0.123059608,0.795237541,0.072911866,-0.018947857,0.094794542,0.992642343,-0.113018110,0.055374220,-0.034308765,0.445213974,-0.070614807,-0.091961324,0.022960173,-0.002646745,-0.011727940,-0.029023176,0.028856385,-0.028311647,0.010832489,0.026822660,0.051607724,-0.147088483,0.307944864,0.000000000,1.117900014,0.000000000,0.000000000,0.000000000,-0.353631496,-0.177880138,0.000000000,0.994621336,0.000000000,0.000000000,0.000000000
0.154159561,0.123449050,0.795126081,0.072962031,-0.018890258,0.094614431,0.992656946,-0.114027277,0.055224542,-0.034335449,0.445002079,-0.071487702,-0.090470612,0.023383779,-0.002514723,-0.011592601,-0.029687082,0.028913816,-0.028461438,0.010966834,0.026981900,0.051787429,-0.146569744,0.307770371,0.000000000,1.116163373,0.000000000,0.000000000,0.000000000,-0.353508472,-0.177648380,0.000000000,0.994380057,0.000000000,0.000000000,0.000000000
0.154396817,0.123776585,0.795023203,0.073007643,-0.018809590,0.094434671,0.992672265,-0.115003757,0.054985266,-0.034336571,0.444503784,-0.072430901,-0.088903159,0.023735613,-0.002438529,-0.011508173,-0.030310743,0.028974650,-0.028601702,0.011069258,0.027114436,0.051938392,-0.146085128,0.307508647,0.000000000,1.114462733,0.000000000,0.000000000,0.000000000,-0.353460461,-0.177475989,0.000000000,0.994158864,0.000000000,0.000000000,0.000000000
0.154623389,0.124048442,0.794929624,0.073053069,-0.018713567,0.094252624,0.992688000,-0.115875088,0.054648429,-0.034365561,0.443681002,-0.073461778,-0.087217547,0.024044292,-0.002421305,-0.011475001,-0.030901460,0.029031862,-0.028721649,0.011146005,0.027224611,0.052069332,-0.145657226,0.307189941,0.000000000,1.112800241,0.000000000,0.000000000,0.000000000,-0.353472263,-0.177342296,0.000000000,0.993966281,0.000000000,0.000000000,0.000000000
0.154840037,0.124271408,0.794845283,0.073095806,-0.018602815,0.094064802,0.992704749,-0.116691343,0.054243989,-0.034404967,0.442574799,-0.074524626,-0.085488379,0.024315128,-0.002453453,-0.011485734,-0.031460319,0.029091747,-0.028807180,0.011204487,0.027308419,0.052178212,-0.145278096,0.306834698,0.000000000,1.111164689,0.000000000,0.000000000,0.000000000,-0.353544295,-0.177235410,0.000000000,0.993811607,0.000000000,0.000000000,0.000000000
0.158176899,0.123857982,0.794188917,0.072251111,-0.014900547,0.087912776,0.993392706,-0.132329538,0.043924339,-0.045551755,0.368962318,-0.098081268,-0.053832140,0.023569297,-0.004237335,-0.012275508,-0.041273907,0.029593883,-0.028287856,0.011533934,0.027411908,0.050953768,-0.145142332,0.299999416,0.000000000,1.079459667,0.000000000,0.000000000,0.000000000,-0.357137322,-0.178522319,0.000000000,0.995520711,0.000000000,0.000000000,0.000000000
0.158404395,0.123833187,0.794170558,0.072175168,-0.014616913,0.087093137,0.993474662,-0.134050101,0.042200029,-0.049006965,0.356783301,-0.100470386,-0.052078098,0.023701344,-0.004612009,-0.012165754,-0.042315446,0.029629091,-0.028023608,0.011214258,0.027416758,0.051157311,-0.145244271,0.299234420,0.000000000,1.076270342,0.000000000,0.000000000,0.000000000,-0.356154591,-0.179230198,0.000000000,0.995795012,0.000000000,0.000000000,0.000000000
0.158633754,0.123878323,0.794165552,0.072139837,-0.014397683,0.086248942,0.993554056,-0.135555103,0.040564287,-0.051331747,0.344856560,-0.102892496,-0.050643347,0.023978988,-0.005004034,-0.011551173,-0.043364055,0.029675264,-0.027781835,0.010866938,0.027402224,0.051466547,-0.145314425,0.298337519,0.000000000,1.073424578,0.000000000,0.000000000,0.000000000,-0.354982525,-0.179986715,0.000000000,0.996004701,0.000000000,0.000000000,0.000000000
0.159212425,0.124219805,0.794148088,0.071751460,-0.013962831,0.083815902,0.993796587,-0.140517831,0.036337644,-0.053680014,0.316828668,-0.107511945,-0.048125412,0.024311526,-0.005643166,-0.008907335,-0.045827568,0.029690932,-0.027228234,0.009768439,0.027507674,0.051778693,-0.146819681,0.295836747,0.000000000,1.067347646,0.000000000,0.000000000,0.000000000,-0.353243917,-0.181880936,0.000000000,0.996111274,0.000000000,0.000000000,0.000000000
0.159398705,0.124433979,0.794129014,0.071498059,-0.013929832,0.082781397,0.993902028,-0.142824396,0.034934413,-0.054988723,0.308367223,-0.108756945,-0.047532566,0.024358928,-0.005617206,-0.007978358,-0.046448745,0.029632958,-0.027029110,0.009448459,0.027623445,0.051796723,-0.147652388,0.294989914,0.000000000,1.065530300,0.000000000,0.000000000,0.000000000,-0.353227854,-0.182303146,0.000000000,0.995986879,0.000000000,0.000000000,0.000000000
0.159810156,0.125228211,0.794038296,0.070690781,-0.014351182,0.079470634,0.994223952,-0.148775190,0.032376472,-0.058980387,0.290062755,-0.109891452,-0.047312718,0.024433516,-0.004955761,-0.004844824,-0.046923678,0.029242566,-0.026248973,0.009233912,0.027921854,0.052273113,-0.149824306,0.293190479,0.000000000,1.061871171,0.000000000,0.000000000,0.000000000,-0.354409337,-0.182230398,0.000000000,0.995396554,0.000000000,0.000000000,0.000000000
0.159856945,0.125353232,0.794021964,0.070570007,-0.014480568,0.078971326,0.994270444,-0.149341285,0.032302558,-0.059390057,0.287992537,-0.109586991,-0.047369629,0.024524905,-0.004774075,-0.004620385,-0.046907730,0.029152971,-0.026108218,0.009303325,0.027997859,0.052359592,-0.150038108,0.293115884,0.000000000,1.061483502,0.000000000,0.000000000,0.000000000,-0.354563653,-0.182001740,0.000000000,0.995325029,0.000000000,0.000000000,0.000000000
0.160154030,0.126070440,0.793912113,0.069885053,-0.015344756,0.076241419,0.994518936,-0.151171133,0.032413382,-0.060763855,0.277511537,-0.105238728,-0.048497140,0.025437903,-0.003155606,-0.003800709,-0.046997067,0.028555464,-0.025265252,0.009965742,0.028411819,0.052702039,-0.150790617,0.293261021,0.000000000,1.059462667,0.000000000,0.000000000,0.000000000,-0.355400831,-0.180548966,0.000000000,0.994751692,0.000000000,0.000000000,0.000000000
0.160506129,0.126723140,0.793791175,0.069242850,-0.016231868,0.073973618,0.994720995,-0.151270553,0.033327330,-0.061466649,0.268407941,-0.096474200,-0.049892060,0.026586507,-0.001413016,-0.002905772,-0.047303122,0.027979061,-0.024537157,0.010961868,0.028619090,0.052927047,-0.151321739,0.293746144,0.000000000,1.058064103,0.000000000,0.000000000,0.000000000,-0.356091708,-0.178849414,0.000000000,0.994596124,0.000000000,0.000000000,0.000000000
0.161241934,0.127812177,0.793563247,0.068018705,-0.017684294,0.070407204,0.995039463,-0.148783118,0.035565332,-0.059143648,0.250220090,-0.058817413,-0.056466635,0.028555442,0.001947143,-0.001138151,-0.048077021,0.026929364,-0.023106972,0.012078122,0.028952468,0.052696083,-0.152741820,0.294717550,0.000000000,1.056067467,0.000000000,0.000000000,0.000000000,-0.357737720,-0.176301062,0.000000000,0.994156718,0.000000000,0.000000000,0.000000000
0.162247553,0.129077479,0.793350220,0.066757217,-0.019407483,0.067054376,0.995324314,-0.142703801,0.037371941,-0.055055473,0.237531915,-0.033019178,-0.045827098,0.031277176,0.005885559,0.001685945,-0.048905324,0.025799153,-0.021507895,0.012644201,0.029211717,0.052276552,-0.155172870,0.295896173,0.000000000,1.055380464,0.000000000,0.000000000,0.000000000,-0.359196395,-0.174396425,0.000000000,0.993491471,0.000000000,0.000000000,0.000000000
0.162734777,0.129798070,0.793244481,0.066273198,-0.020502618,0.065346621,0.995448291,-0.140875891,0.037179705,-0.053638820,0.240690812,-0.039848849,-0.036416005,0.033091854,0.007830683,0.003671496,-0.048910096,0.025234623,-0.020690536,0.012905251,0.029329145,0.052437108,-0.156249061,0.296357810,0.000000000,1.056061387,0.000000000,0.000000000,0.000000000,-0.359473705,-0.173388079,0.000000000,0.993144572,0.000000000,0.000000000,0.000000000
0.163931474,0.131834507,0.793005049,0.064494669,-0.022973625,0.059763752,0.995861888,-0.125259832,0.040224399,-0.048254397,0.231448129,-0.050656091,-0.026896015,0.034641951,0.012272210,0.012986955,-0.046696108,0.023548609,-0.018889969,0.015122486,0.028958594,0.051214885,-0.163437113,0.296754539,0.000000000,1.063141584,0.000000000,0.000000000,0.000000000,-0.364013791,-0.169657022,0.000000000,0.993738830,0.000000000,0.000000000,0.000000000
0.163920313,0.132272199,0.792985141,0.064287364,-0.023260536,0.059024405,0.995912731,-0.121842302,0.040504079,-0.047803737,0.227423146,-0.050918031,-0.026544176,0.034747344,0.012755067,0.013978974,-0.046273474,0.023270076,-0.018625185,0.015442921,0.028851209,0.051020674,-0.164538562,0.296686649,0.000000000,1.064483643,0.000000000,0.000000000,0.000000000,-0.364585578,-0.169238389,0.000000000,0.993968904,0.000000000,0.000000000,0.000000000
0.164955378,0.134484336,0.792986035,0.063367315,-0.024520667,0.055514023,0.996143341,-0.103575595,0.042627260,-0.045016073,0.207236931,-0.054054376,-0.023762517,0.035272464,0.015628844,0.016691836,-0.044063017,0.021669270,-0.017297000,0.016542234,0.028087029,0.050094094,-0.170354217,0.295297086,0.000000000,1.072425485,0.000000000,0.000000000,0.000000000,-0.366992205,-0.167943805,0.000000000,0.995585382,0.000000000,0.000000000,0.000000000
0.166526794,0.137508079,0.793255687,0.062234499,-0.025455117,0.050902553,0.996437550,-0.082270108,0.043923315,-0.032293510,0.178295344,-0.053883240,-0.024654796,0.034067813,0.018794667,0.017095696,-0.039549857,0.019095957,-0.015739713,0.017058806,0.025974503,0.048129126,-0.179745898,0.290549874,0.000000000,1.086079001,0.000000000,0.000000000,0.000000000,-0.371364832,-0.167800292,0.000000000,0.999155402,0.000000000,0.000000000,0.000000000
0.167014033,0.139128357,0.793444753,0.061953556,-0.025623569,0.048514023,0.996569932,-0.072181225,0.043850791,-0.030382808,0.164042726,-0.052536178,-0.025071803,0.032595120,0.018999409,0.016362261,-0.035826020,0.017499931,-0.015190969,0.016695775,0.023929168,0.047083031,-0.185427070,0.286499619,0.000000000,1.094789982,0.000000000,0.000000000,0.000000000,-0.373900533,-0.168822885,0.000000000,1.001706600,0.000000000,0.000000000,0.000000000
0.167181239,0.141099021,0.793633163,0.061250627,-0.025226733,0.044825271,0.996796191,-0.061000403,0.043836683,-0.032059450,0.145652890,-0.049375549,-0.024655361,0.027733319,0.017701982,0.016616151,-0.028718686,0.015013073,-0.014657554,0.016292855,0.020359235,0.044774693,-0.196421638,0.280336618,0.000000000,1.108923078,0.000000000,0.000000000,0.000000000,-0.379774630,-0.170275599,0.000000000,1.006071210,0.000000000,0.000000000,0.000000000
0.166801408,0.142676547,0.793699682,0.060090411,-0.024340916,0.041966774,0.997013271,-0.055972807,0.041740451,-0.035257690,0.133818612,-0.046985436,-0.023434065,0.021422254,0.016135622,0.016854465,-0.022172146,0.012949634,-0.014263946,0.016215820,0.017555052,0.042170599,-0.208260238,0.276030809,0.000000000,1.120963693,0.000000000,0.000000000,0.000000000,-0.385954738,-0.171360061,0.000000000,1.009871364,0.000000000,0.000000000,0.000000000
0.166302234,0.143898398,0.793721139,0.059152700,-0.023759099,0.039980490,0.997164965,-0.053320520,0.040815569,-0.034820855,0.126078889,-0.045296557,-0.022154210,0.016670289,0.014935398,0.016228905,-0.017063051,0.011398681,-0.013900591,0.016135480,0.015552268,0.040620465,-0.217364401,0.273448259,0.000000000,1.129482031,0.000000000,0.000000000,0.000000000,-0.389712274,-0.172187924,0.000000000,1.012439489,0.000000000,0.000000000,0.000000000
0.165831283,0.145245641,0.793740988,0.058293082,-0.023357192,0.038029633,0.997301400,-0.048647895,0.040225916,-0.031003179,0.116381794,-0.043481331,-0.020491032,0.012077781,0.013554944,0.014833275,-0.011551678,0.009806998,-0.013384489,0.015766418,0.013229654,0.039810531,-0.227404907,0.270666897,0.000000000,1.138612747,0.000000000,0.000000000,0.000000000,-0.392202288,-0.173307136,0.000000000,1.014780879,0.000000000,0.000000000,0.000000000
0.165331185,0.146784082,0.793743491,0.057345424,-0.023105709,0.036157370,0.997431815,-0.043210279,0.038464148,-0.026633171,0.106073901,-0.041484594,-0.018424544,0.008171996,0.012531107,0.012975330,-0.007316864,0.008555626,-0.012536885,0.015345378,0.010953165,0.039504256,-0.239277378,0.268080741,0.000000000,1.148282409,0.000000000,0.000000000,0.000000000,-0.393998981,-0.174206287,0.000000000,1.016189575,0.000000000,0.000000000,0.000000000
0.165262684,0.147025958,0.793753445,0.057156209,-0.023083674,0.035832912,0.997454941,-0.042302515,0.038330529,-0.025765099,0.104356363,-0.041157179,-0.018069204,0.007636795,0.012485574,0.012855025,-0.006895662,0.008419241,-0.012379670,0.015364604,0.010652993,0.039457306,-0.241335720,0.267785192,0.000000000,1.149849057,0.000000000,0.000000000,0.000000000,-0.394359380,-0.174176037,0.000000000,1.016278982,0.000000000,0.000000000,0.000000000
0.165198535,0.147261828,0.793768883,0.056969829,-0.023078021,0.035498723,0.997477651,-0.041483447,0.038204156,-0.024894472,0.102766261,-0.040838573,-0.017721346,0.007157022,0.012460025,0.012813956,-0.006534600,0.008301349,-0.012221791,0.015413778,0.010362920,0.039439615,-0.243345156,0.267517984,0.000000000,1.151411772,0.000000000,0.000000000,0.000000000,-0.394696027,-0.174061149,0.000000000,1.016346693,0.000000000,0.000000000,0.000000000
0.165136382,0.147493362,0.793789625,0.056786217,-0.023090178,0.035153970,0.997500062,-0.040679529,0.038059659,-0.023971085,0.101239420,-0.040533196,-0.017382568,0.006729515,0.012447163,0.012882882,-0.006229713,0.008203189,-0.012060533,0.015495915,0.010093577,0.039449353,-0.245289087,0.267232776,0.000000000,1.153018713,0.000000000,0.000000000,0.000000000,-0.395019114,-0.173918560,0.000000000,1.016347647,0.000000000,0.000000000,0.000000000
0.165079355,0.147723138,0.793814898,0.056598429,-0.023109792,0.034799721,0.997522712,-0.039729919,0.037964217,-0.023148412,0.099594489,-0.040243290,-0.017065352,0.006325249,0.012447655,0.013022901,-0.005977344,0.008123148,-0.011895869,0.015614863,0.009842871,0.039472800,-0.247172758,0.266991973,0.000000000,1.154601336,0.000000000,0.000000000,0.000000000,-0.395381540,-0.173745334,0.000000000,1.016283154,0.000000000,0.000000000,0.000000000
0.164253205,0.150275961,0.794344604,0.054362625,-0.023485316,0.030131517,0.997790158,-0.030119585,0.037951995,-0.010258906,0.082118675,-0.037262093,-0.014586019,0.001666619,0.011357736,0.016486440,-0.004406665,0.008276992,-0.009625627,0.018145790,0.006813236,0.040811524,-0.266354859,0.262000650,0.000000000,1.174044847,0.000000000,0.000000000,0.000000000,-0.401835024,-0.168968588,0.000000000,1.014186621,0.000000000,0.000000000,0.000000000
0.162232980,0.151495323,0.794826627,0.052321654,-0.022246301,0.026246339,0.998037398,-0.029415676,0.037588973,-0.005817509,0.071436852,-0.034160797,-0.013256783,-0.005925893,0.007731875,0.012233232,-0.003297720,0.009513403,-0.006992109,0.019761484,0.002447184,0.042364534,-0.275449693,0.254111618,0.000000000,1.179498672,0.000000000,0.000000000,0.000000000,-0.409487218,-0.167290479,0.000000000,1.011659384,0.000000000,0.000000000,0.000000000
0.161717698,0.151649088,0.794901133,0.051722452,-0.021722138,0.025568441,0.998097777,-0.029937256,0.037436474,-0.005031165,0.068769410,-0.033226278,-0.013015300,-0.008155077,0.007089409,0.010129008,-0.003326968,0.009840323,-0.006415527,0.019841308,0.001500533,0.042441659,-0.277246416,0.252358139,0.000000000,1.178459525,0.000000000,0.000000000,0.000000000,-0.411063999,-0.166698620,0.000000000,1.011899829,0.000000000,0.000000000,0.000000000
0.161383271,0.151744351,0.794941902,0.051289104,-0.021353062,0.025122743,0.998139441,-0.030175088,0.037332900,-0.003846823,0.066731036,-0.032605227,-0.012925545,-0.009786544,0.006622287,0.008920917,-0.003301094,0.010055946,-0.006056988,0.019939719,0.000882555,0.042427264,-0.278424054,0.251284212,0.000000000,1.177315474,0.000000000,0.000000000,0.000000000,-0.412221313,-0.166480079,0.000000000,1.011917949,0.000000000,0.000000000,0.000000000
0.160403997,0.152150929,0.795044422,0.050112464,-0.020261372,0.023903526,0.998251915,-0.029201364,0.036323849,0.001689546,0.058377761,-0.030527676,-0.013140149,-0.015060114,0.004540284,0.005963468,-0.002857945,0.010908761,-0.005015104,0.019932972,-0.001326326,0.043420769,-0.281388462,0.247448012,0.000000000,1.171250939,0.000000000,0.000000000,0.000000000,-0.415017724,-0.166081488,0.000000000,1.012013674,0.000000000,0.000000000,0.000000000
0.159509510,0.152692705,0.795077682,0.049356647,-0.019600773,0.022668201,0.998331547,-0.026537823,0.034449060,0.007977783,0.049411736,-0.028253727,-0.013358288,-0.019452281,0.002155235,0.004050762,-0.001805508,0.011868590,-0.004118776,0.020130144,-0.003502479,0.045850385,-0.283398330,0.243479192,0.000000000,1.164775491,0.000000000,0.000000000,0.000000000,-0.416029334,-0.165986419,0.000000000,1.011249900,0.000000000,0.000000000,0.000000000
0.159056991,0.152924001,0.795081854,0.049008515,-0.019369205,0.022121053,0.998365521,-0.025597382,0.033872575,0.009877787,0.045694966,-0.027104037,-0.013385107,-0.021150919,0.001350733,0.003199848,-0.001492690,0.012319876,-0.003719841,0.020219859,-0.004285234,0.046910085,-0.284354866,0.241549373,0.000000000,1.162296653,0.000000000,0.000000000,0.000000000,-0.416188061,-0.166034892,0.000000000,1.010688663,0.000000000,0.000000000,0.000000000
0.157671541,0.153461799,0.795097411,0.048036907,-0.018738516,0.020928739,0.998450458,-0.024010777,0.033471059,0.012543387,0.036549259,-0.023844903,-0.013452902,-0.025208494,-0.000584933,-0.000014227,-0.001330437,0.013556861,-0.002696760,0.019757988,-0.006131064,0.049189057,-0.287139952,0.235994503,0.000000000,1.154625416,0.000000000,0.000000000,0.000000000,-0.416618884,-0.165903375,0.000000000,1.009346724,0.000000000,0.000000000,0.000000000
0.157162458,0.153611153,0.795101941,0.047858052,-0.018641166,0.020607937,0.998467565,-0.023091219,0.033366811,0.013448235,0.033346765,-0.022700410,-0.013657992,-0.026029393,-0.001211281,-0.001561186,-0.001549187,0.014076810,-0.002273212,0.019402651,-0.006916721,0.050205212,-0.287323833,0.233651847,0.000000000,1.150938630,0.000000000,0.000000000,0.000000000,-0.416509479,-0.165662095,0.000000000,1.008945465,0.000000000,0.000000000,0.000000000
0.156830043,0.153677627,0.795097411,0.047738228,-0.018577311,0.020411266,0.998478532,-0.022489261,0.033278387,0.014114927,0.031286981,-0.022004595,-0.013839515,-0.026579753,-0.001581932,-0.002489817,-0.001705240,0.014417181,-0.001984407,0.019158991,-0.007473323,0.050890420,-0.287292033,0.232029781,0.000000000,1.148215413,0.000000000,0.000000000,0.000000000,-0.416496068,-0.165581942,0.000000000,1.008597136,0.000000000,0.000000000,0.000000000
0.156180397,0.153752446,0.795079589,0.047465511,-0.018373137,0.020069340,0.998502195,-0.021573886,0.033122335,0.015521140,0.027391102,-0.020710258,-0.014129276,-0.027894776,-0.002417374,-0.003751705,-0.002014586,0.015071215,-0.001432184,0.018542130,-0.008596502,0.052490890,-0.287731647,0.228574902,0.000000000,1.142591238,0.000000000,0.000000000,0.000000000,-0.416910470,-0.165583089,0.000000000,1.007826924,0.000000000,0.000000000,0.000000000
0.155379027,0.153800562,0.795031786,0.046964623,-0.017875960,0.019747341,0.998541355,-0.021234056,0.032634668,0.015914183,0.022937568,-0.019158743,-0.014292177,-0.030338366,-0.003332536,-0.005254108,-0.002188423,0.015828103,-0.000852644,0.017504416,-0.009831712,0.054006055,-0.289751649,0.223942056,0.000000000,1.135317802,0.000000000,0.000000000,0.000000000,-0.417931885,-0.165925637,0.000000000,1.007044315,0.000000000,0.000000000,0.000000000
0.154485002,0.153893471,0.794989705,0.046455339,-0.017463256,0.019274037,0.998581707,-0.020802645,0.032204803,0.016342606,0.018219156,-0.017242637,-0.014308270,-0.032925278,-0.004150268,-0.007799010,-0.002100285,0.016672093,-0.000145905,0.016448345,-0.011170628,0.055785175,-0.292686939,0.218090534,0.000000000,1.127168536,0.000000000,0.000000000,0.000000000,-0.418527752,-0.166123614,0.000000000,1.005849838,0.000000000,0.000000000,0.000000000
0.153678373,0.153911725,0.794986844,0.045969352,-0.017285412,0.018531280,0.998621345,-0.020830499,0.032293536,0.018160189,0.015216334,-0.015883898,-0.014363172,-0.035407268,-0.005015335,-0.009526475,-0.001359291,0.017379638,0.000404955,0.016057558,-0.012171170,0.057274070,-0.295063823,0.212994739,0.000000000,1.121558905,0.000000000,0.000000000,0.000000000,-0.419113994,-0.165714830,0.000000000,1.004301429,0.000000000,0.000000000,0.000000000
0.152652919,0.153851584,0.794986069,0.045190226,-0.016881187,0.017566459,0.998681247,-0.021820674,0.032745514,0.020660983,0.012283098,-0.014495702,-0.014679662,-0.038946848,-0.005803292,-0.011836149,-0.000572451,0.018275199,0.001038405,0.015692530,-0.013360456,0.058414392,-0.298907101,0.205988973,0.000000000,1.115876675,0.000000000,0.000000000,0.000000000,-0.420387149,-0.164870650,0.000000000,1.002823591,0.000000000,0.000000000,0.000000000
0.151902854,0.153812110,0.794964194,0.044576950,-0.016479157,0.016765798,0.998729289,-0.022864671,0.032948516,0.022257784,0.010237059,-0.013513959,-0.014948484,-0.041493397,-0.006348261,-0.013977436,-0.000543042,0.019060256,0.001612839,0.015203259,-0.014464657,0.059165377,-0.302313417,0.199124649,0.000000000,1.111616611,0.000000000,0.000000000,0.000000000,-0.421692163,-0.164148465,0.000000000,1.001612902,0.000000000,0.000000000,0.000000000
0.151138380,0.153788939,0.794919133,0.044136193,-0.016269920,0.015557978,0.998771846,-0.023309264,0.032623947,0.023479536,0.007973929,-0.012323107,-0.014975754,-0.043145560,-0.006824994,-0.015968964,-0.001316761,0.020153707,0.002360224,0.014989962,-0.016063442,0.060493179,-0.305536032,0.190177009,0.000000000,1.108723760,0.000000000,0.000000000,0.000000000,-0.422703117,-0.163266942,0.000000000,0.999500215,0.000000000,0.000000000,0.000000000
0.150435582,0.153727651,0.794897020,0.044124283,-0.016347172,0.014318926,0.998789668,-0.022708429,0.032095738,0.024101380,0.005950562,-0.011201644,-0.014906000,-0.043552391,-0.007708739,-0.017297225,-0.002285548,0.021240652,0.003038092,0.014750165,-0.017934829,0.062629819,-0.308734000,0.181482613,0.000000000,1.107391715,0.000000000,0.000000000,0.000000000,-0.422443628,-0.162489265,0.000000000,0.997213066,0.000000000,0.000000000,0.000000000
0.150191814,0.153667599,0.794894874,0.044123869,-0.016338056,0.013951974,0.998795033,-0.022648787,0.031942442,0.024082532,0.005398735,-0.010849450,-0.014878013,-0.043788247,-0.008012755,-0.017908951,-0.002542131,0.021603875,0.003252639,0.014556853,-0.018555032,0.063289568,-0.310113430,0.178637534,0.000000000,1.107108116,0.000000000,0.000000000,0.000000000,-0.422347426,-0.162606865,0.000000000,0.996249676,0.000000000,0.000000000,0.000000000
0.149830416,0.153539360,0.794893801,0.044079300,-0.016299736,0.013435106,0.998804688,-0.022702018,0.031828959,0.024130259,0.004664013,-0.010384045,-0.014864841,-0.044230230,-0.008365661,-0.018947722,-0.002903761,0.022136740,0.003569239,0.014207231,-0.019443842,0.064115025,-0.311970234,0.174216092,0.000000000,1.106810927,0.000000000,0.000000000,0.000000000,-0.422347158,-0.162541583,0.000000000,0.995060265,0.000000000,0.000000000,0.000000000
0.149122968,0.153194472,0.794882894,0.043666676,-0.016048586,0.012277438,0.998841822,-0.023803720,0.032024138,0.024986064,0.003654720,-0.009695114,-0.014898868,-0.046101648,-0.008780932,-0.021451404,-0.003256963,0.023121584,0.004261678,0.013722835,-0.021002630,0.065386973,-0.316477746,0.164869517,0.000000000,1.108147264,0.000000000,0.000000000,0.000000000,-0.423455328,-0.162387028,0.000000000,0.992527664,0.000000000,0.000000000,0.000000000
0.148557156,0.152944699,0.794875681,0.043181911,-0.015822036,0.011204718,0.998879075,-0.025121782,0.032170251,0.026410751,0.003121474,-0.009170870,-0.014883158,-0.048032135,-0.008989563,-0.023501426,-0.003280592,0.023834553,0.004878190,0.013443717,-0.022010216,0.066294812,-0.320347667,0.156730816,0.000000000,1.111357927,0.000000000,0.000000000,0.000000000,-0.424306512,-0.162002549,0.000000000,0.990819573,0.000000000,0.000000000,0.000000000
0.148444191,0.152909324,0.794874728,0.043137535,-0.015815821,0.010984808,0.998883545,-0.025292741,0.032164041,0.026432328,0.003052779,-0.009031345,-0.014878866,-0.048290107,-0.009090285,-0.023884237,-0.003262676,0.023974372,0.004997779,0.013397191,-0.022230411,0.066574872,-0.321041048,0.155039221,0.000000000,1.112384915,0.000000000,0.000000000,0.000000000,-0.424040765,-0.161904812,0.000000000,0.990596712,0.000000000,0.000000000,0.000000000
0.148335546,0.152877554,0.794874907,0.043112379,-0.015834915,0.010771816,0.998886645,-0.025356157,0.032140382,0.026705841,0.002961364,-0.008913161,-0.014868270,-0.048492450,-0.009159738,-0.024266027,-0.003215687,0.024105389,0.005109877,0.013347048,-0.022422995,0.066890724,-0.321737319,0.153458148,0.000000000,1.113386035,0.000000000,0.000000000,0.000000000,-0.423709452,-0.161930963,0.000000000,0.990170717,0.000000000,0.000000000,0.000000000
0.148228317,0.152839124,0.794873834,0.043060765,-0.015821580,0.010562981,0.998891294,-0.025519574,0.032122836,0.026974777,0.002880844,-0.008799595,-0.014854707,-0.048743241,-0.009093394,-0.024560941,-0.003240921,0.024231633,0.005218516,0.013281932,-0.022609523,0.067150988,-0.322575212,0.151959151,0.000000000,1.114387989,0.000000000,0.000000000,0.000000000,-0.423457593,-0.161989853,0.000000000,0.989783585,0.000000000,0.000000000,0.000000000
0.148113638,0.152799487,0.794872820,0.043008875,-0.015806099,0.010355345,0.998896003,-0.025683941,0.032105669,0.027224433,0.002803089,-0.008693331,-0.014840937,-0.049095087,-0.009253529,-0.024800019,-0.003132761,0.024355719,0.005324048,0.013212317,-0.022792120,0.067426480,-0.323315561,0.150441170,0.000000000,1.115432858,0.000000000,0.000000000,0.000000000,-0.423177510,-0.162049025,0.000000000,0.989412665,0.000000000,0.000000000,0.000000000
0.147251993,0.152502477,0.794873297,0.043027300,-0.015983259,0.008833266,0.998906970,-0.025903391,0.031690281,0.029184360,0.002358555,-0.008005795,-0.014833124,-0.050751694,-0.010258588,-0.027183568,-0.002107612,0.025274543,0.006073730,0.012961296,-0.024132928,0.070352510,-0.327644438,0.139818221,0.000000000,1.124369979,0.000000000,0.000000000,0.000000000,-0.419486970,-0.161825269,0.000000000,0.987553239,0.000000000,0.000000000,0.000000000
0.145335287,0.151710302,0.794878364,0.042545289,-0.015743153,0.005655922,0.998954475,-0.028643748,0.031210663,0.031730719,0.001904899,-0.006619418,-0.014908440,-0.055359725,-0.012105924,-0.033421610,-0.000799492,0.027158875,0.007615760,0.012220807,-0.025794851,0.075825907,-0.336207986,0.116093829,0.000000000,1.147498012,0.000000000,0.000000000,0.000000000,-0.412010401,-0.161414862,0.000000000,0.982945025,0.000000000,0.000000000,0.000000000
0.144530207,0.151406676,0.794860303,0.042613767,-0.015752459,0.004496833,0.998957336,-0.029560212,0.030772690,0.032031827,0.002126910,-0.005971583,-0.014907738,-0.056345273,-0.013066811,-0.035428979,-0.000891540,0.028054923,0.008184157,0.011839130,-0.026413292,0.078772336,-0.339198172,0.108865812,0.000000000,1.156229615,0.000000000,0.000000000,0.000000000,-0.408458591,-0.160746425,0.000000000,0.980370462,0.000000000,0.000000000,0.000000000
0.144030735,0.151184052,0.794848025,0.042902280,-0.016080040,0.003722722,0.998942912,-0.029371867,0.030449856,0.032588068,0.002395053,-0.005550925,-0.014957787,-0.055907529,-0.013665614,-0.036315206,-0.001214266,0.028674979,0.008598321,0.011694057,-0.026718207,0.081579506,-0.340163708,0.104714073,0.000000000,1.162274361,0.000000000,0.000000000,0.000000000,-0.405214399,-0.160039678,0.000000000,0.978466451,0.000000000,0.000000000,0.000000000
0.143224567,0.150766984,0.794843853,0.043244578,-0.016305281,0.002824310,0.998927474,-0.029823607,0.029782366,0.033522956,0.002977389,-0.005040467,-0.015098779,-0.055758189,-0.014641372,-0.038011339,-0.001815906,0.029594896,0.009204903,0.011090172,-0.027011022,0.085667446,-0.341131747,0.098101802,0.000000000,1.170248628,0.000000000,0.000000000,0.000000000,-0.400977463,-0.159676313,0.000000000,0.975439072,0.000000000,0.000000000,0.000000000
0.142515734,0.150381371,0.794841707,0.043251157,-0.016123347,0.002415607,0.998931170,-0.031282030,0.029331252,0.034123763,0.003533877,-0.004673949,-0.015204163,-0.057096619,-0.015559439,-0.040087186,-0.001767823,0.030333012,0.009710307,0.010193816,-0.026954511,0.088667423,-0.341688246,0.091968767,0.000000000,1.175978661,0.000000000,0.000000000,0.000000000,-0.398890018,-0.159183115,0.000000000,0.973468959,0.000000000,0.000000000,0.000000000
0.141651303,0.149967879,0.794830382,0.043422129,-0.016211202,0.001716758,0.998923779,-0.032288294,0.028805556,0.035409693,0.004074605,-0.004097987,-0.015364620,-0.058351383,-0.016805042,-0.041956183,-0.001224463,0.031231919,0.010369612,0.009783234,-0.026890745,0.093151867,-0.341629863,0.085045509,0.000000000,1.183928013,0.000000000,0.000000000,0.000000000,-0.395815253,-0.156856433,0.000000000,0.970915735,0.000000000,0.000000000,0.000000000
0.140756175,0.149563044,0.794805229,0.043771014,-0.016460935,0.000768950,0.998905659,-0.032787263,0.028087448,0.036700547,0.004541982,-0.003395617,-0.015523016,-0.059123114,-0.017985180,-0.043962441,-0.000550405,0.032080200,0.010834291,0.010028592,-0.026777985,0.098214231,-0.341939867,0.079837389,0.000000000,1.192740798,0.000000000,0.000000000,0.000000000,-0.392853320,-0.153540701,0.000000000,0.968905091,0.000000000,0.000000000,0.000000000
0.139897317,0.149153650,0.794764340,0.044147301,-0.016649999,0.000023136,0.998886287,-0.033508822,0.027407235,0.037612949,0.005251638,-0.002749481,-0.015623289,-0.059954643,-0.019162605,-0.044817094,0.000146647,0.032754961,0.011081146,0.010127704,-0.026674708,0.102586836,-0.340688944,0.076412484,0.000000000,1.197564602,0.000000000,0.000000000,0.000000000,-0.391081005,-0.150068700,0.000000000,0.968635023,0.000000000,0.000000000,0.000000000
0.139349490,0.148879036,0.794740379,0.044482511,-0.016719686,-0.000216966,0.998870194,-0.033938870,0.026970681,0.038048286,0.005746599,-0.002387647,-0.015727872,-0.060306001,-0.020130975,-0.045743596,0.000474300,0.033186160,0.011172939,0.009821673,-0.026699588,0.105305478,-0.338832647,0.073435172,0.000000000,1.199646831,0.000000000,0.000000000,0.000000000,-0.389895767,-0.147586286,0.000000000,0.969482958,0.000000000,0.000000000,0.000000000
0.138795003,0.148556769,0.794720352,0.044828296,-0.016714517,-0.000308478,0.998854816,-0.034520980,0.026499465,0.038443837,0.006285524,-0.002050634,-0.015848961,-0.060756642,-0.021059748,-0.047044221,0.000735211,0.033657938,0.011278558,0.009341759,-0.026795520,0.108024865,-0.336463958,0.070164010,0.000000000,1.201104164,0.000000000,0.000000000,0.000000000,-0.389108449,-0.145407155,0.000000000,0.970308304,0.000000000,0.000000000,0.000000000
0.137874007,0.147946924,0.794671237,0.045041829,-0.016473560,-0.000363235,0.998849213,-0.036350217,0.026078442,0.039150883,0.007072059,-0.001495559,-0.016054843,-0.062347513,-0.022463184,-0.048977222,0.001076209,0.034498442,0.011480404,0.008591845,-0.026790850,0.112207897,-0.334369719,0.064847156,0.000000000,1.204834104,0.000000000,0.000000000,0.000000000,-0.389879525,-0.142996028,0.000000000,0.970239818,0.000000000,0.000000000,0.000000000
0.136876613,0.147267058,0.794583797,0.045321342,-0.016583377,-0.000676137,0.998834550,-0.037671994,0.025707776,0.040334541,0.007817999,-0.000822066,-0.016270567,-0.063506521,-0.023689076,-0.050272625,0.001472888,0.035524081,0.011747585,0.008577961,-0.026712386,0.118292533,-0.332185775,0.060506795,0.000000000,1.209743857,0.000000000,0.000000000,0.000000000,-0.390093714,-0.139524117,0.000000000,0.969387352,0.000000000,0.000000000,0.000000000
0.136045650,0.146768630,0.794525564,0.045884818,-0.017172340,-0.001149716,0.998798490,-0.037332129,0.025247881,0.041981682,0.008304830,-0.000205454,-0.016427677,-0.063438661,-0.024799824,-0.051448267,0.002217049,0.036360551,0.012023687,0.009267719,-0.026649455,0.124620505,-0.328807503,0.058591854,0.000000000,1.211301565,0.000000000,0.000000000,0.000000000,-0.388769388,-0.135249808,0.000000000,0.969390929,0.000000000,0.000000000,0.000000000
0.134854227,0.146077916,0.794471383,0.046320047,-0.017321553,-0.001504716,0.998775303,-0.038496125,0.024774227,0.044032212,0.008992247,0.000633777,-0.016707554,-0.064702667,-0.026223708,-0.054191668,0.003107683,0.037377838,0.012331064,0.009528598,-0.026407439,0.132375568,-0.323978007,0.055434484,0.000000000,1.209223866,0.000000000,0.000000000,0.000000000,-0.388955027,-0.129308581,0.000000000,0.971512854,0.000000000,0.000000000,0.000000000
0.134644702,0.145946503,0.794458330,0.046323534,-0.017210875,-0.001495364,0.998777092,-0.039058220,0.024695745,0.044231817,0.009124632,0.000777285,-0.016763076,-0.065205850,-0.026476108,-0.054803789,0.003202068,0.037547749,0.012365911,0.009430245,-0.026355585,0.133460939,-0.323520243,0.054862626,0.000000000,1.208603024,0.000000000,0.000000000,0.000000000,-0.389451414,-0.128306150,0.000000000,0.972158492,0.000000000,0.000000000,0.000000000
0.133292258,0.144997805,0.794345021,0.046408948,-0.016481699,-0.001232587,0.998785794,-0.043341778,0.024111003,0.045027547,0.010605928,0.001705175,-0.017231239,-0.068212889,-0.028005674,-0.058685992,0.003361566,0.038746804,0.012585822,0.008400192,-0.026203139,0.140785828,-0.320935458,0.049293734,0.000000000,1.206598997,0.000000000,0.000000000,0.000000000,-0.392569453,-0.122230828,0.000000000,0.975864351,0.000000000,0.000000000,0.000000000
0.132282928,0.144141227,0.794233263,0.046729326,-0.016413163,-0.001045423,0.998772204,-0.045667443,0.023749094,0.046841655,0.011922549,0.002360932,-0.017584903,-0.069764353,-0.029261133,-0.061017316,0.003862459,0.039751887,0.012818196,0.008019356,-0.026261630,0.148004711,-0.318429589,0.044716295,0.000000000,1.206737876,0.000000000,0.000000000,0.000000000,-0.393667221,-0.116509758,0.000000000,0.978255749,0.000000000,0.000000000,0.000000000
0.132110134,0.143996805,0.794216931,0.046809725,-0.016456073,-0.001026071,0.998767734,-0.045902174,0.023712208,0.047316242,0.012120082,0.002472332,-0.017633768,-0.069935128,-0.029501252,-0.061293006,0.004013906,0.039918218,0.012862243,0.008035140,-0.026270619,0.149308637,-0.317854702,0.044123083,0.000000000,1.206586719,0.000000000,0.000000000,0.000000000,-0.393654317,-0.115647882,0.000000000,0.978412569,0.000000000,0.000000000,0.000000000
0.130787447,0.142933309,0.794111490,0.046922415,-0.016301684,-0.000753516,0.998765230,-0.049003970,0.023577636,0.049747378,0.013410089,0.003366210,-0.017987138,-0.072689585,-0.030754492,-0.063629881,0.005268387,0.041086871,0.013230386,0.008109886,-0.026175061,0.157546446,-0.316168994,0.037859011,0.000000000,1.206773758,0.000000000,0.000000000,0.000000000,-0.395300776,-0.109014176,0.000000000,0.980439246,0.000000000,0.000000000,0.000000000
0.129543945,0.142008930,0.794016480,0.046712376,-0.015733700,-0.000171303,0.998784423,-0.053070780,0.023871418,0.051252559,0.014553620,0.004222007,-0.018406352,-0.075988002,-0.031726383,-0.067147955,0.006231561,0.042010419,0.013516676,0.007636252,-0.026090035,0.163759291,-0.316184342,0.033014651,0.000000000,1.206072211,0.000000000,0.000000000,0.000000000,-0.397871941,-0.103924394,0.000000000,0.982897758,0.000000000,0.000000000,0.000000000
0.128624037,0.141278505,0.793950438,0.046653919,-0.015192566,0.000612368,0.998795390,-0.056235194,0.023987509,0.051622476,0.015256572,0.004991233,-0.018838009,-0.078369915,-0.032508347,-0.070228539,0.006628928,0.042759109,0.013604665,0.006673526,-0.026296357,0.168736249,-0.316158146,0.029098395,0.000000000,1.204746127,0.000000000,0.000000000,0.000000000,-0.399928004,-0.100152776,0.000000000,0.985404968,0.000000000,0.000000000,0.000000000
0.128450930,0.141136989,0.793939292,0.046650350,-0.015087803,0.000770396,0.998797059,-0.056847684,0.023984212,0.051809270,0.015373271,0.005157053,-0.018909534,-0.078847274,-0.032667618,-0.070795551,0.006715541,0.042900346,0.013616312,0.006433072,-0.026357949,0.169763684,-0.316254884,0.028237073,0.000000000,1.204600930,0.000000000,0.000000000,0.000000000,-0.400229752,-0.099638551,0.000000000,0.985644341,0.000000000,0.000000000,0.000000000
0.128277212,0.140985265,0.793927073,0.046619728,-0.014980400,0.000896409,0.998799980,-0.057522710,0.024018947,0.052105878,0.015525943,0.005308383,-0.018988412,-0.079365164,-0.032768559,-0.071242809,0.006787299,0.043042459,0.013631107,0.006228947,-0.026405269,0.170762286,-0.316343367,0.027690660,0.000000000,1.204322934,0.000000000,0.000000000,0.000000000,-0.400601029,-0.099054255,0.000000000,0.985837162,0.000000000,0.000000000,0.000000000
0.128110453,0.140833274,0.793914735,0.046621807,-0.014917307,0.001010431,0.998800695,-0.058030009,0.024034098,0.052419804,0.015630214,0.005456191,-0.019066328,-0.079728462,-0.032889228,-0.071642265,0.006830358,0.043187402,0.013648957,0.006030595,-0.026473809,0.171819955,-0.316311508,0.027067982,0.000000000,1.204147816,0.000000000,0.000000000,0.000000000,-0.400746137,-0.098450936,0.000000000,0.986006796,0.000000000,0.000000000,0.000000000
0.127954245,0.140689194,0.793902576,0.046661634,-0.014882404,0.001116599,0.998799264,-0.058373775,0.023994781,0.052710090,0.015678288,0.005606609,-0.019144930,-0.079975136,-0.033020377,-0.072006434,0.006845041,0.043336455,0.013669640,0.005840180,-0.026576495,0.172937229,-0.316183358,0.026369218,0.000000000,1.204065323,0.000000000,0.000000000,0.000000000,-0.400723130,-0.097637743,0.000000000,0.986345291,0.000000000,0.000000000,0.000000000
0.127468556,0.140235245,0.793873906,0.046627320,-0.014636013,0.001452464,0.998804092,-0.060063463,0.024015373,0.053636372,0.015990203,0.006063161,-0.019378785,-0.081182465,-0.033391610,-0.073111318,0.006900420,0.043797325,0.013753214,0.005286255,-0.026885718,0.175876886,-0.316769123,0.024274552,0.000000000,1.204260707,0.000000000,0.000000000,0.000000000,-0.401082605,-0.095573500,0.000000000,0.986906767,0.000000000,0.000000000,0.000000000
0.124219880,0.137291074,0.793786705,0.045445841,-0.012594570,0.003189060,0.998882294,-0.072942354,0.025622590,0.058925003,0.017808713,0.009004645,-0.020858411,-0.091534264,-0.035466690,-0.082781509,0.008224588,0.046605621,0.014341809,0.003591159,-0.029638099,0.192618459,-0.320950925,0.010660280,0.000000000,1.203104734,0.000000000,0.000000000,0.000000000,-0.406575352,-0.082434334,0.000000000,0.987356603,0.000000000,0.000000000,0.000000000
0.123414651,0.136465818,0.793747306,0.045063119,-0.012000524,0.003705485,0.998905182,-0.076432407,0.026325168,0.059559315,0.018299486,0.009753351,-0.021237738,-0.094239384,-0.035433594,-0.085305363,0.008406895,0.047225945,0.014541921,0.002737089,-0.030529682,0.196759075,-0.321984857,0.005950592,0.000000000,1.203297377,0.000000000,0.000000000,0.000000000,-0.408162355,-0.079566143,0.000000000,0.987006724,0.000000000,0.000000000,0.000000000
0.122888826,0.135820866,0.793712795,0.044642568,-0.011579664,0.003843745,0.998928487,-0.079089992,0.026999770,0.060007486,0.018494347,0.010391423,-0.021538949,-0.096323714,-0.035268672,-0.086826555,0.008439788,0.047725990,0.014662158,0.002338410,-0.031427372,0.199843839,-0.323077977,0.002147240,0.000000000,1.203829765,0.000000000,0.000000000,0.000000000,-0.409312129,-0.076944046,0.000000000,0.986417651,0.000000000,0.000000000,0.000000000
0.122329071,0.135195822,0.793672025,0.044376761,-0.011373336,0.003959016,0.998942256,-0.081131659,0.027757280,0.060060840,0.018565409,0.011136263,-0.021865305,-0.098130897,-0.035425823,-0.088149190,0.008773223,0.048341997,0.014748301,0.002071989,-0.032677211,0.203528985,-0.323068380,-0.001016296,0.000000000,1.203587055,0.000000000,0.000000000,0.000000000,-0.408886880,-0.073856957,0.000000000,0.985759437,0.000000000,0.000000000,0.000000000
0.122235619,0.135093570,0.793663800,0.044361964,-0.011405876,0.003978822,0.998942494,-0.081318691,0.027923506,0.059993364,0.018615587,0.011244765,-0.021909142,-0.098315321,-0.035420291,-0.088359945,0.008892167,0.048446666,0.014765404,0.002049106,-0.032875344,0.204201877,-0.322798967,-0.001649286,0.000000000,1.203462720,0.000000000,0.000000000,0.000000000,-0.408528268,-0.073301978,0.000000000,0.985640228,0.000000000,0.000000000,0.000000000
0.121592179,0.134393185,0.793612778,0.044178676,-0.011371491,0.004271660,0.998949766,-0.083147854,0.028995328,0.059923138,0.019026794,0.011919528,-0.022203740,-0.099650621,-0.035282318,-0.090306900,0.009375082,0.049035702,0.014881488,0.001683767,-0.034188669,0.208545402,-0.322079569,-0.006243963,0.000000000,1.202479959,0.000000000,0.000000000,0.000000000,-0.406137705,-0.070131466,0.000000000,0.984918892,0.000000000,0.000000000,0.000000000
0.121141516,0.133799523,0.793572187,0.043718360,-0.010948731,0.004491243,0.998973787,-0.085625045,0.029769234,0.060355332,0.019375497,0.012327462,-0.022466248,-0.101940833,-0.035020232,-0.092059150,0.009982375,0.049370598,0.014972819,0.001357795,-0.035127077,0.211360171,-0.323534518,-0.009590213,0.000000000,1.202929378,0.000000000,0.000000000,0.000000000,-0.405213863,-0.067985430,0.000000000,0.984351158,0.000000000,0.000000000,0.000000000
0.121075034,0.133707732,0.793564975,0.043617554,-0.010841931,0.004513775,0.998979270,-0.086145885,0.029876828,0.060426984,0.019451726,0.012386495,-0.022511471,-0.102445744,-0.034953676,-0.092311077,0.010106569,0.049412109,0.014981877,0.001334911,-0.035289481,0.211688191,-0.323993415,-0.010175533,0.000000000,1.203335762,0.000000000,0.000000000,0.000000000,-0.405155838,-0.067698911,0.000000000,0.984241188,0.000000000,0.000000000,0.000000000
0.120816387,0.133383065,0.793534636,0.043260355,-0.010438244,0.004563698,0.998998880,-0.088187031,0.030183213,0.060786139,0.019850982,0.012614287,-0.022685278,-0.104361579,-0.034891184,-0.093349174,0.010654761,0.049539063,0.014974355,0.001256043,-0.035916533,0.212856919,-0.325618714,-0.012763289,0.000000000,1.205387831,0.000000000,0.000000000,0.000000000,-0.404759675,-0.066712432,0.000000000,0.983576477,0.000000000,0.000000000,0.000000000
0.120579585,0.133036315,0.793510079,0.043137494,-0.010300489,0.004555613,0.999005675,-0.089666985,0.030465541,0.061465539,0.020489540,0.012831423,-0.022895413,-0.105502486,-0.034853686,-0.093822114,0.011154776,0.049668498,0.014882795,0.001270383,-0.036863320,0.214553908,-0.326233357,-0.015837641,0.000000000,1.208193779,0.000000000,0.000000000,0.000000000,-0.402820885,-0.065752380,0.000000000,0.982377768,0.000000000,0.000000000,0.000000000
0.120309629,0.132594764,0.793486059,0.043024257,-0.010195225,0.004831983,0.999010324,-0.091064237,0.031066813,0.061713852,0.021092944,0.013083157,-0.023068683,-0.106616251,-0.034768909,-0.095086083,0.011732910,0.049912330,0.014803472,0.000569089,-0.037678085,0.216655418,-0.324763417,-0.020156132,0.000000000,1.208959579,0.000000000,0.000000000,0.000000000,-0.400181174,-0.065428577,0.000000000,0.980502725,0.000000000,0.000000000,0.000000000
0.120072208,0.132311672,0.793467104,0.042794492,-0.010089341,0.004972448,0.999020576,-0.092123881,0.031676993,0.061732072,0.021286802,0.013300551,-0.023176158,-0.107842550,-0.034892481,-0.095802709,0.012320863,0.050233457,0.014787040,0.000157748,-0.038046166,0.217978075,-0.323506951,-0.022296192,0.000000000,1.209047914,0.000000000,0.000000000,0.000000000,-0.398972422,-0.065090582,0.000000000,0.979217589,0.000000000,0.000000000,0.000000000
0.119769238,0.131880030,0.793414176,0.042087093,-0.009708722,0.004894458,0.999054790,-0.094161101,0.032847453,0.061753877,0.020899348,0.013777184,-0.023331080,-0.109662339,-0.033995181,-0.096385486,0.011911621,0.050822608,0.014856305,-0.000217171,-0.038555481,0.219668075,-0.323428154,-0.024491621,0.000000000,1.210454702,0.000000000,0.000000000,0.000000000,-0.397917777,-0.064356744,0.000000000,0.977285266,0.000000000,0.000000000,0.000000000
0.119705394,0.131767094,0.793391824,0.041909590,-0.009656026,0.004808065,0.999063194,-0.094569787,0.033234570,0.061792251,0.020628938,0.013999712,-0.023397371,-0.109967344,-0.033773731,-0.096508175,0.011579482,0.051085047,0.014875084,-0.000269333,-0.038841888,0.220336989,-0.323902726,-0.025785072,0.000000000,1.212026238,0.000000000,0.000000000,0.000000000,-0.396799445,-0.063842110,0.000000000,0.976769209,0.000000000,0.000000000,0.000000000
0.119497262,0.131450951,0.793340623,0.041898705,-0.009708849,0.004602265,0.999064088,-0.094933420,0.033616215,0.061952472,0.020252842,0.014564354,-0.023610352,-0.109898843,-0.033648480,-0.096989878,0.010731551,0.051745258,0.014878948,-0.000160841,-0.039950065,0.221601322,-0.325869381,-0.030558478,0.000000000,1.216882110,0.000000000,0.000000000,0.000000000,-0.391181946,-0.062767223,0.000000000,0.975608885,0.000000000,0.000000000,0.000000000
0.119425043,0.131353676,0.793331265,0.041831058,-0.009625231,0.004596070,0.999067783,-0.095356159,0.033693321,0.062011603,0.020318832,0.014630515,-0.023658186,-0.110209242,-0.033638500,-0.097243093,0.010685268,0.051854275,0.014904902,-0.000198764,-0.040136978,0.221582845,-0.326370955,-0.031616244,0.000000000,1.217032194,0.000000000,0.000000000,0.000000000,-0.390267313,-0.062892869,0.000000000,0.975214124,0.000000000,0.000000000,0.000000000
0.119320288,0.131204158,0.793316245,0.041664124,-0.009421902,0.004657070,0.999076366,-0.096244462,0.033869091,0.061867859,0.020498088,0.014701641,-0.023703041,-0.110884063,-0.033510230,-0.097809829,0.010629330,0.052021097,0.014982465,-0.000388755,-0.040369231,0.221600711,-0.327016711,-0.033276185,0.000000000,1.216681480,0.000000000,0.000000000,0.000000000,-0.389311433,-0.063357525,0.000000000,0.974557340,0.000000000,0.000000000,0.000000000
0.119092010,0.130913049,0.793284535,0.041254565,-0.009169452,0.004584140,0.999096096,-0.098338805,0.034501757,0.061279155,0.021450203,0.014857527,-0.023734504,-0.112397701,-0.033272363,-0.099258907,0.011104287,0.052260153,0.015414615,-0.000957565,-0.040667705,0.222346157,-0.328257412,-0.037987709,0.000000000,1.216607928,0.000000000,0.000000000,0.000000000,-0.387314588,-0.064200342,0.000000000,0.972424686,0.000000000,0.000000000,0.000000000
0.118995771,0.130843937,0.793272853,0.041202109,-0.009233610,0.004483748,0.999098122,-0.098715141,0.034719829,0.061157636,0.021855177,0.014907816,-0.023719080,-0.112633511,-0.033208560,-0.099635139,0.011426678,0.052295521,0.015517354,-0.000962637,-0.040791836,0.222768903,-0.328857839,-0.039998535,0.000000000,1.217121840,0.000000000,0.000000000,0.000000000,-0.386294991,-0.064281903,0.000000000,0.971703649,0.000000000,0.000000000,0.000000000
0.118729070,0.130708054,0.793242633,0.041223019,-0.009315923,0.004452866,0.999096632,-0.099490955,0.035017580,0.060514227,0.022816988,0.014962693,-0.023729013,-0.113130845,-0.033450477,-0.100144908,0.012179882,0.052316226,0.015648510,-0.001049706,-0.041136455,0.223692477,-0.330156118,-0.044449963,0.000000000,1.217796922,0.000000000,0.000000000,0.000000000,-0.384081423,-0.064680412,0.000000000,0.971183300,0.000000000,0.000000000,0.000000000
